id,type,text,dialect,syllable_count,stress_pattern,stress_features,estimated_duration,actual_duration_mean,standard_deviation,duration_measurement_status,duration_model,pronunciation_phonemic_ipa,surface_pronunciation_ipa,phoneme_sequence,phoneme_set,consonants,nuclei,word_final_codas,cross_word_transition,phoneme_transitions,consonant_clusters,phonological_processes,reduced_vowels_and_weak_forms,pronunciation_review_status,review_notes,viseme_sequence,viseme_set,viseme_transitions,phoneme_viseme_pairs,av_transitions,score_weighting_status,standalone_phoneme_coverage,standalone_coda_coverage,standalone_stress_feature_coverage,standalone_reduction_coverage,standalone_cluster_coverage,standalone_process_coverage,standalone_phoneme_transition_coverage,standalone_viseme_coverage,standalone_viseme_transition_coverage,standalone_av_transition_coverage,standalone_audio_score,standalone_vision_score,standalone_joint_av_score,standalone_audio_score_per_sec,standalone_vision_score_per_sec,standalone_joint_av_score_per_sec
E001,word,cat,General American English,1,1,has_primary_stress;initial_primary_stress,0.48,0.48,0.06,MODELED_PROXY_NOT_RECORDED,0.20 + 0.28*syllables + 0.04*cluster_types + 0.06*phrase; SD=0.04+0.02*sqrt(syllables)+0.01*phrase+0.005*cluster_types,/kæt/,[kæt],k-æ-t,"k,t,æ","k,t",æ,t,,"k→æ,æ→t",,aspiration,,PENDING_EXPERT_REVIEW,General American target; native-speaker/phonetic validation required before benchmark release.,low_visibility_velar → open_vowel → coronal,"low_visibility_velar,open_vowel,coronal","low_visibility_velar→open_vowel,open_vowel→coronal","k:low_visibility_velar,æ:open_vowel,t:coronal","k:low_visibility_velar→æ:open_vowel,æ:open_vowel→t:coronal",EQUAL_WEIGHT_HEURISTIC,0.069767442,0.0625,0.333333333,0,0,0.111111111,0.008403361,0.15,0.018348624,0.008403361,0.083587893,0.084174312,0.076186723,0.174141443,0.17536315,0.15872234
E002,word,dog,General American English,1,1,has_primary_stress;initial_primary_stress,0.48,0.48,0.06,MODELED_PROXY_NOT_RECORDED,0.20 + 0.28*syllables + 0.04*cluster_types + 0.06*phrase; SD=0.04+0.02*sqrt(syllables)+0.01*phrase+0.005*cluster_types,/dɔɡ/,[dɔɡ],d-ɔ-ɡ,"d,ɔ,ɡ","d,ɡ",ɔ,ɡ,,"d→ɔ,ɔ→ɡ",,,,PENDING_EXPERT_REVIEW,General American target; native-speaker/phonetic validation required before benchmark release.,coronal → rounded_open_vowel → low_visibility_velar,"coronal,rounded_open_vowel,low_visibility_velar","coronal→rounded_open_vowel,rounded_open_vowel→low_visibility_velar","d:coronal,ɔ:rounded_open_vowel,ɡ:low_visibility_velar","d:coronal→ɔ:rounded_open_vowel,ɔ:rounded_open_vowel→ɡ:low_visibility_velar",EQUAL_WEIGHT_HEURISTIC,0.069767442,0.0625,0.333333333,0,0,0,0.008403361,0.15,0.018348624,0.008403361,0.067714877,0.084174312,0.065075612,0.14107266,0.17536315,0.135574192
E003,word,sheep,General American English,1,1,has_primary_stress;initial_primary_stress,0.48,0.48,0.06,MODELED_PROXY_NOT_RECORDED,0.20 + 0.28*syllables + 0.04*cluster_types + 0.06*phrase; SD=0.04+0.02*sqrt(syllables)+0.01*phrase+0.005*cluster_types,/ʃiːp/,[ʃiːp],ʃ-iː-p,"iː,p,ʃ","ʃ,p",iː,p,,"ʃ→iː,iː→p",,,,PENDING_EXPERT_REVIEW,General American target; native-speaker/phonetic validation required before benchmark release.,postalveolar → spread_vowel → bilabial_closure,"postalveolar,spread_vowel,bilabial_closure","postalveolar→spread_vowel,spread_vowel→bilabial_closure","ʃ:postalveolar,iː:spread_vowel,p:bilabial_closure","ʃ:postalveolar→iː:spread_vowel,iː:spread_vowel→p:bilabial_closure",EQUAL_WEIGHT_HEURISTIC,0.069767442,0.0625,0.333333333,0,0,0,0.008403361,0.15,0.018348624,0.008403361,0.067714877,0.084174312,0.065075612,0.14107266,0.17536315,0.135574192
E004,word,fish,General American English,1,1,has_primary_stress;initial_primary_stress,0.48,0.48,0.06,MODELED_PROXY_NOT_RECORDED,0.20 + 0.28*syllables + 0.04*cluster_types + 0.06*phrase; SD=0.04+0.02*sqrt(syllables)+0.01*phrase+0.005*cluster_types,/fɪʃ/,[fɪʃ],f-ɪ-ʃ,"f,ɪ,ʃ","f,ʃ",ɪ,ʃ,,"f→ɪ,ɪ→ʃ",,,,PENDING_EXPERT_REVIEW,General American target; native-speaker/phonetic validation required before benchmark release.,labiodental → spread_vowel → postalveolar,"labiodental,spread_vowel,postalveolar","labiodental→spread_vowel,spread_vowel→postalveolar","f:labiodental,ɪ:spread_vowel,ʃ:postalveolar","f:labiodental→ɪ:spread_vowel,ɪ:spread_vowel→ʃ:postalveolar",EQUAL_WEIGHT_HEURISTIC,0.069767442,0.0625,0.333333333,0,0,0,0.008403361,0.15,0.018348624,0.008403361,0.067714877,0.084174312,0.065075612,0.14107266,0.17536315,0.135574192
E005,word,bird,General American English,1,1,has_primary_stress;initial_primary_stress,0.48,0.48,0.06,MODELED_PROXY_NOT_RECORDED,0.20 + 0.28*syllables + 0.04*cluster_types + 0.06*phrase; SD=0.04+0.02*sqrt(syllables)+0.01*phrase+0.005*cluster_types,/bɝd/,[bɝd],b-ɝ-d,"b,d,ɝ","b,d",ɝ,d,,"b→ɝ,ɝ→d",,r_coloring,ɝ,PENDING_EXPERT_REVIEW,General American target; native-speaker/phonetic validation required before benchmark release.,bilabial_closure → rhotic_vowel → coronal,"bilabial_closure,rhotic_vowel,coronal","bilabial_closure→rhotic_vowel,rhotic_vowel→coronal","b:bilabial_closure,ɝ:rhotic_vowel,d:coronal","b:bilabial_closure→ɝ:rhotic_vowel,ɝ:rhotic_vowel→d:coronal",EQUAL_WEIGHT_HEURISTIC,0.069767442,0.0625,0.333333333,0.1,0,0.111111111,0.008403361,0.15,0.018348624,0.008403361,0.097873607,0.084174312,0.086186723,0.203903348,0.17536315,0.179555674
E006,word,mouse,General American English,1,1,has_primary_stress;initial_primary_stress,0.48,0.48,0.06,MODELED_PROXY_NOT_RECORDED,0.20 + 0.28*syllables + 0.04*cluster_types + 0.06*phrase; SD=0.04+0.02*sqrt(syllables)+0.01*phrase+0.005*cluster_types,/maʊs/,[maʊs],m-aʊ-s,"aʊ,m,s","m,s",aʊ,s,,"m→aʊ,aʊ→s",,,,PENDING_EXPERT_REVIEW,General American target; native-speaker/phonetic validation required before benchmark release.,bilabial_closure → open_to_rounded → coronal,"bilabial_closure,open_to_rounded,coronal","bilabial_closure→open_to_rounded,open_to_rounded→coronal","m:bilabial_closure,aʊ:open_to_rounded,s:coronal","m:bilabial_closure→aʊ:open_to_rounded,aʊ:open_to_rounded→s:coronal",EQUAL_WEIGHT_HEURISTIC,0.069767442,0.0625,0.333333333,0,0,0,0.008403361,0.15,0.018348624,0.008403361,0.067714877,0.084174312,0.065075612,0.14107266,0.17536315,0.135574192
E007,word,goat,General American English,1,1,has_primary_stress;initial_primary_stress,0.48,0.48,0.06,MODELED_PROXY_NOT_RECORDED,0.20 + 0.28*syllables + 0.04*cluster_types + 0.06*phrase; SD=0.04+0.02*sqrt(syllables)+0.01*phrase+0.005*cluster_types,/ɡoʊt/,[ɡoʊt],ɡ-oʊ-t,"oʊ,t,ɡ","ɡ,t",oʊ,t,,"ɡ→oʊ,oʊ→t",,,,PENDING_EXPERT_REVIEW,General American target; native-speaker/phonetic validation required before benchmark release.,low_visibility_velar → rounded_vowel → coronal,"low_visibility_velar,rounded_vowel,coronal","low_visibility_velar→rounded_vowel,rounded_vowel→coronal","ɡ:low_visibility_velar,oʊ:rounded_vowel,t:coronal","ɡ:low_visibility_velar→oʊ:rounded_vowel,oʊ:rounded_vowel→t:coronal",EQUAL_WEIGHT_HEURISTIC,0.069767442,0.0625,0.333333333,0,0,0,0.008403361,0.15,0.018348624,0.008403361,0.067714877,0.084174312,0.065075612,0.14107266,0.17536315,0.135574192
E008,word,zebra,General American English,2,10,has_primary_stress;has_unstressed_syllable;initial_primary_stress;stress_alternation,0.8,0.8,0.07,MODELED_PROXY_NOT_RECORDED,0.20 + 0.28*syllables + 0.04*cluster_types + 0.06*phrase; SD=0.04+0.02*sqrt(syllables)+0.01*phrase+0.005*cluster_types,/ziːbɹə/,[ziːbɹə],z-iː-b-ɹ-ə,"b,iː,z,ə,ɹ","z,b,ɹ","iː,ə",,,"z→iː,iː→b,b→ɹ,ɹ→ə",bɹ,vowel_reduction,ə,PENDING_EXPERT_REVIEW,General American target; native-speaker/phonetic validation required before benchmark release.,coronal → spread_vowel → bilabial_closure → rhotic → neutral_vowel,"coronal,spread_vowel,bilabial_closure,rhotic,neutral_vowel","coronal→spread_vowel,spread_vowel→bilabial_closure,bilabial_closure→rhotic,rhotic→neutral_vowel","z:coronal,iː:spread_vowel,b:bilabial_closure,ɹ:rhotic,ə:neutral_vowel","z:coronal→iː:spread_vowel,iː:spread_vowel→b:bilabial_closure,b:bilabial_closure→ɹ:rhotic,ɹ:rhotic→ə:neutral_vowel",EQUAL_WEIGHT_HEURISTIC,0.11627907,0,0.666666667,0.1,0.033333333,0.111111111,0.016806723,0.25,0.036697248,0.016806723,0.149170986,0.143348624,0.134770087,0.186463733,0.17918578,0.168462609
E009,word,chair,General American English,1,1,has_primary_stress;initial_primary_stress,0.48,0.48,0.06,MODELED_PROXY_NOT_RECORDED,0.20 + 0.28*syllables + 0.04*cluster_types + 0.06*phrase; SD=0.04+0.02*sqrt(syllables)+0.01*phrase+0.005*cluster_types,/tʃɛɹ/,[tʃɛɹ],tʃ-ɛɹ,"tʃ,ɛɹ",tʃ,ɛɹ,,,tʃ→ɛɹ,,r_coloring,ɛɹ,PENDING_EXPERT_REVIEW,General American target; native-speaker/phonetic validation required before benchmark release.,postalveolar → rhotic_vowel,"postalveolar,rhotic_vowel",postalveolar→rhotic_vowel,"tʃ:postalveolar,ɛɹ:rhotic_vowel",tʃ:postalveolar→ɛɹ:rhotic_vowel,EQUAL_WEIGHT_HEURISTIC,0.046511628,0,0.333333333,0.1,0,0.111111111,0.004201681,0.1,0.009174312,0.004201681,0.085022536,0.054587156,0.070853375,0.177130284,0.113723242,0.147611197
E010,word,judge,General American English,1,1,has_primary_stress;initial_primary_stress,0.48,0.48,0.06,MODELED_PROXY_NOT_RECORDED,0.20 + 0.28*syllables + 0.04*cluster_types + 0.06*phrase; SD=0.04+0.02*sqrt(syllables)+0.01*phrase+0.005*cluster_types,/dʒʌdʒ/,[dʒʌdʒ],dʒ-ʌ-dʒ,"dʒ,ʌ",dʒ,ʌ,dʒ,,"dʒ→ʌ,ʌ→dʒ",,,,PENDING_EXPERT_REVIEW,General American target; native-speaker/phonetic validation required before benchmark release.,postalveolar → central_open_vowel → postalveolar,"postalveolar,central_open_vowel","postalveolar→central_open_vowel,central_open_vowel→postalveolar","dʒ:postalveolar,ʌ:central_open_vowel,dʒ:postalveolar","dʒ:postalveolar→ʌ:central_open_vowel,ʌ:central_open_vowel→dʒ:postalveolar",EQUAL_WEIGHT_HEURISTIC,0.046511628,0.0625,0.333333333,0,0,0,0.008403361,0.1,0.018348624,0.008403361,0.064392618,0.059174312,0.057750031,0.134151286,0.123279817,0.120312564
E011,word,van,General American English,1,1,has_primary_stress;initial_primary_stress,0.48,0.48,0.06,MODELED_PROXY_NOT_RECORDED,0.20 + 0.28*syllables + 0.04*cluster_types + 0.06*phrase; SD=0.04+0.02*sqrt(syllables)+0.01*phrase+0.005*cluster_types,/væn/,[væn],v-æ-n,"n,v,æ","v,n",æ,n,,"v→æ,æ→n",,,,PENDING_EXPERT_REVIEW,General American target; native-speaker/phonetic validation required before benchmark release.,labiodental → open_vowel → coronal,"labiodental,open_vowel,coronal","labiodental→open_vowel,open_vowel→coronal","v:labiodental,æ:open_vowel,n:coronal","v:labiodental→æ:open_vowel,æ:open_vowel→n:coronal",EQUAL_WEIGHT_HEURISTIC,0.069767442,0.0625,0.333333333,0,0,0,0.008403361,0.15,0.018348624,0.008403361,0.067714877,0.084174312,0.065075612,0.14107266,0.17536315,0.135574192
E012,word,think,General American English,1,1,has_primary_stress;initial_primary_stress,0.52,0.52,0.07,MODELED_PROXY_NOT_RECORDED,0.20 + 0.28*syllables + 0.04*cluster_types + 0.06*phrase; SD=0.04+0.02*sqrt(syllables)+0.01*phrase+0.005*cluster_types,/θɪŋk/,[θɪŋk],θ-ɪ-ŋ-k,"k,ŋ,ɪ,θ","θ,ŋ,k",ɪ,k,,"θ→ɪ,ɪ→ŋ,ŋ→k",ŋk,,,PENDING_EXPERT_REVIEW,General American target; native-speaker/phonetic validation required before benchmark release.,dental → spread_vowel → low_visibility_velar → low_visibility_velar,"dental,spread_vowel,low_visibility_velar","dental→spread_vowel,spread_vowel→low_visibility_velar,low_visibility_velar→low_visibility_velar","θ:dental,ɪ:spread_vowel,ŋ:low_visibility_velar,k:low_visibility_velar","θ:dental→ɪ:spread_vowel,ɪ:spread_vowel→ŋ:low_visibility_velar,ŋ:low_visibility_velar→k:low_visibility_velar",EQUAL_WEIGHT_HEURISTIC,0.093023256,0.0625,0.333333333,0,0.033333333,0,0.012605042,0.15,0.027522936,0.012605042,0.076399281,0.088761468,0.072492294,0.146921694,0.170695131,0.139408258
E013,word,this,General American English,1,1,has_primary_stress;initial_primary_stress,0.48,0.48,0.06,MODELED_PROXY_NOT_RECORDED,0.20 + 0.28*syllables + 0.04*cluster_types + 0.06*phrase; SD=0.04+0.02*sqrt(syllables)+0.01*phrase+0.005*cluster_types,/ðɪs/,[ðɪs],ð-ɪ-s,"s,ð,ɪ","ð,s",ɪ,s,,"ð→ɪ,ɪ→s",,,,PENDING_EXPERT_REVIEW,General American target; native-speaker/phonetic validation required before benchmark release.,dental → spread_vowel → coronal,"dental,spread_vowel,coronal","dental→spread_vowel,spread_vowel→coronal","ð:dental,ɪ:spread_vowel,s:coronal","ð:dental→ɪ:spread_vowel,ɪ:spread_vowel→s:coronal",EQUAL_WEIGHT_HEURISTIC,0.069767442,0.0625,0.333333333,0,0,0,0.008403361,0.15,0.018348624,0.008403361,0.067714877,0.084174312,0.065075612,0.14107266,0.17536315,0.135574192
E014,word,red,General American English,1,1,has_primary_stress;initial_primary_stress,0.48,0.48,0.06,MODELED_PROXY_NOT_RECORDED,0.20 + 0.28*syllables + 0.04*cluster_types + 0.06*phrase; SD=0.04+0.02*sqrt(syllables)+0.01*phrase+0.005*cluster_types,/ɹɛd/,[ɹɛd],ɹ-ɛ-d,"d,ɛ,ɹ","ɹ,d",ɛ,d,,"ɹ→ɛ,ɛ→d",,,,PENDING_EXPERT_REVIEW,General American target; native-speaker/phonetic validation required before benchmark release.,rhotic → front_open_vowel → coronal,"rhotic,front_open_vowel,coronal","rhotic→front_open_vowel,front_open_vowel→coronal","ɹ:rhotic,ɛ:front_open_vowel,d:coronal","ɹ:rhotic→ɛ:front_open_vowel,ɛ:front_open_vowel→d:coronal",EQUAL_WEIGHT_HEURISTIC,0.069767442,0.0625,0.333333333,0,0,0,0.008403361,0.15,0.018348624,0.008403361,0.067714877,0.084174312,0.065075612,0.14107266,0.17536315,0.135574192
E015,word,light,General American English,1,1,has_primary_stress;initial_primary_stress,0.48,0.48,0.06,MODELED_PROXY_NOT_RECORDED,0.20 + 0.28*syllables + 0.04*cluster_types + 0.06*phrase; SD=0.04+0.02*sqrt(syllables)+0.01*phrase+0.005*cluster_types,/laɪt/,[laɪt],l-aɪ-t,"aɪ,l,t","l,t",aɪ,t,,"l→aɪ,aɪ→t",,dark_l,,PENDING_EXPERT_REVIEW,General American target; native-speaker/phonetic validation required before benchmark release.,coronal → open_to_spread → coronal,"coronal,open_to_spread","coronal→open_to_spread,open_to_spread→coronal","l:coronal,aɪ:open_to_spread,t:coronal","l:coronal→aɪ:open_to_spread,aɪ:open_to_spread→t:coronal",EQUAL_WEIGHT_HEURISTIC,0.069767442,0.0625,0.333333333,0,0,0.111111111,0.008403361,0.1,0.018348624,0.008403361,0.083587893,0.059174312,0.071186723,0.174141443,0.123279817,0.148305674
E016,word,yellow,General American English,2,10,has_primary_stress;has_unstressed_syllable;initial_primary_stress;stress_alternation,0.76,0.76,0.07,MODELED_PROXY_NOT_RECORDED,0.20 + 0.28*syllables + 0.04*cluster_types + 0.06*phrase; SD=0.04+0.02*sqrt(syllables)+0.01*phrase+0.005*cluster_types,/jɛloʊ/,[jɛloʊ],j-ɛ-l-oʊ,"j,l,oʊ,ɛ","j,l","ɛ,oʊ",,,"j→ɛ,ɛ→l,l→oʊ",,dark_l,,PENDING_EXPERT_REVIEW,General American target; native-speaker/phonetic validation required before benchmark release.,palatal_glide → front_open_vowel → coronal → rounded_vowel,"palatal_glide,front_open_vowel,coronal,rounded_vowel","palatal_glide→front_open_vowel,front_open_vowel→coronal,coronal→rounded_vowel","j:palatal_glide,ɛ:front_open_vowel,l:coronal,oʊ:rounded_vowel","j:palatal_glide→ɛ:front_open_vowel,ɛ:front_open_vowel→l:coronal,l:coronal→oʊ:rounded_vowel",EQUAL_WEIGHT_HEURISTIC,0.093023256,0,0.666666667,0,0,0.111111111,0.012605042,0.2,0.027522936,0.012605042,0.126200868,0.113761468,0.112353405,0.166053774,0.149686142,0.147833428
E017,word,water,General American English,2,10,has_primary_stress;has_unstressed_syllable;initial_primary_stress;stress_alternation,0.76,0.76,0.07,MODELED_PROXY_NOT_RECORDED,0.20 + 0.28*syllables + 0.04*cluster_types + 0.06*phrase; SD=0.04+0.02*sqrt(syllables)+0.01*phrase+0.005*cluster_types,/wɔtɚ/,[wɔɾɚ],w-ɔ-t-ɚ,"t,w,ɔ,ɚ","w,t","ɔ,ɚ",,,"w→ɔ,ɔ→t,t→ɚ",,flapping;r_coloring,ɚ,PENDING_EXPERT_REVIEW,General American target; native-speaker/phonetic validation required before benchmark release.,rounded_glide → rounded_open_vowel → coronal → rhotic_vowel,"rounded_glide,rounded_open_vowel,coronal,rhotic_vowel","rounded_glide→rounded_open_vowel,rounded_open_vowel→coronal,coronal→rhotic_vowel","w:rounded_glide,ɔ:rounded_open_vowel,t:coronal,ɚ:rhotic_vowel","w:rounded_glide→ɔ:rounded_open_vowel,ɔ:rounded_open_vowel→t:coronal,t:coronal→ɚ:rhotic_vowel",EQUAL_WEIGHT_HEURISTIC,0.093023256,0,0.666666667,0.1,0,0.222222222,0.012605042,0.2,0.027522936,0.012605042,0.156359598,0.113761468,0.133464516,0.205736313,0.149686142,0.175611206
E018,word,happy,General American English,2,10,has_primary_stress;has_unstressed_syllable;initial_primary_stress;stress_alternation,0.76,0.76,0.07,MODELED_PROXY_NOT_RECORDED,0.20 + 0.28*syllables + 0.04*cluster_types + 0.06*phrase; SD=0.04+0.02*sqrt(syllables)+0.01*phrase+0.005*cluster_types,/hæpi/,[hæpi],h-æ-p-i,"h,i,p,æ","h,p","æ,i",,,"h→æ,æ→p,p→i",,,,PENDING_EXPERT_REVIEW,General American target; native-speaker/phonetic validation required before benchmark release.,glottal → open_vowel → bilabial_closure → spread_vowel,"glottal,open_vowel,bilabial_closure,spread_vowel","glottal→open_vowel,open_vowel→bilabial_closure,bilabial_closure→spread_vowel","h:glottal,æ:open_vowel,p:bilabial_closure,i:spread_vowel","h:glottal→æ:open_vowel,æ:open_vowel→p:bilabial_closure,p:bilabial_closure→i:spread_vowel",EQUAL_WEIGHT_HEURISTIC,0.093023256,0,0.666666667,0,0,0,0.012605042,0.2,0.027522936,0.012605042,0.110327852,0.113761468,0.101242294,0.145168226,0.149686142,0.133213545
E019,word,pen,General American English,1,1,has_primary_stress;initial_primary_stress,0.48,0.48,0.06,MODELED_PROXY_NOT_RECORDED,0.20 + 0.28*syllables + 0.04*cluster_types + 0.06*phrase; SD=0.04+0.02*sqrt(syllables)+0.01*phrase+0.005*cluster_types,/pɛn/,[pɛn],p-ɛ-n,"n,p,ɛ","p,n",ɛ,n,,"p→ɛ,ɛ→n",,aspiration,,PENDING_EXPERT_REVIEW,General American target; native-speaker/phonetic validation required before benchmark release.,bilabial_closure → front_open_vowel → coronal,"bilabial_closure,front_open_vowel,coronal","bilabial_closure→front_open_vowel,front_open_vowel→coronal","p:bilabial_closure,ɛ:front_open_vowel,n:coronal","p:bilabial_closure→ɛ:front_open_vowel,ɛ:front_open_vowel→n:coronal",EQUAL_WEIGHT_HEURISTIC,0.069767442,0.0625,0.333333333,0,0,0.111111111,0.008403361,0.15,0.018348624,0.008403361,0.083587893,0.084174312,0.076186723,0.174141443,0.17536315,0.15872234
E020,word,book,General American English,1,1,has_primary_stress;initial_primary_stress,0.48,0.48,0.06,MODELED_PROXY_NOT_RECORDED,0.20 + 0.28*syllables + 0.04*cluster_types + 0.06*phrase; SD=0.04+0.02*sqrt(syllables)+0.01*phrase+0.005*cluster_types,/bʊk/,[bʊk],b-ʊ-k,"b,k,ʊ","b,k",ʊ,k,,"b→ʊ,ʊ→k",,,,PENDING_EXPERT_REVIEW,General American target; native-speaker/phonetic validation required before benchmark release.,bilabial_closure → rounded_vowel → low_visibility_velar,"bilabial_closure,rounded_vowel,low_visibility_velar","bilabial_closure→rounded_vowel,rounded_vowel→low_visibility_velar","b:bilabial_closure,ʊ:rounded_vowel,k:low_visibility_velar","b:bilabial_closure→ʊ:rounded_vowel,ʊ:rounded_vowel→k:low_visibility_velar",EQUAL_WEIGHT_HEURISTIC,0.069767442,0.0625,0.333333333,0,0,0,0.008403361,0.15,0.018348624,0.008403361,0.067714877,0.084174312,0.065075612,0.14107266,0.17536315,0.135574192
E021,word,cup,General American English,1,1,has_primary_stress;initial_primary_stress,0.48,0.48,0.06,MODELED_PROXY_NOT_RECORDED,0.20 + 0.28*syllables + 0.04*cluster_types + 0.06*phrase; SD=0.04+0.02*sqrt(syllables)+0.01*phrase+0.005*cluster_types,/kʌp/,[kʌp],k-ʌ-p,"k,p,ʌ","k,p",ʌ,p,,"k→ʌ,ʌ→p",,aspiration,,PENDING_EXPERT_REVIEW,General American target; native-speaker/phonetic validation required before benchmark release.,low_visibility_velar → central_open_vowel → bilabial_closure,"low_visibility_velar,central_open_vowel,bilabial_closure","low_visibility_velar→central_open_vowel,central_open_vowel→bilabial_closure","k:low_visibility_velar,ʌ:central_open_vowel,p:bilabial_closure","k:low_visibility_velar→ʌ:central_open_vowel,ʌ:central_open_vowel→p:bilabial_closure",EQUAL_WEIGHT_HEURISTIC,0.069767442,0.0625,0.333333333,0,0,0.111111111,0.008403361,0.15,0.018348624,0.008403361,0.083587893,0.084174312,0.076186723,0.174141443,0.17536315,0.15872234
E022,word,key,General American English,1,1,has_primary_stress;initial_primary_stress,0.48,0.48,0.06,MODELED_PROXY_NOT_RECORDED,0.20 + 0.28*syllables + 0.04*cluster_types + 0.06*phrase; SD=0.04+0.02*sqrt(syllables)+0.01*phrase+0.005*cluster_types,/kiː/,[kiː],k-iː,"iː,k",k,iː,,,k→iː,,aspiration,,PENDING_EXPERT_REVIEW,General American target; native-speaker/phonetic validation required before benchmark release.,low_visibility_velar → spread_vowel,"low_visibility_velar,spread_vowel",low_visibility_velar→spread_vowel,"k:low_visibility_velar,iː:spread_vowel",k:low_visibility_velar→iː:spread_vowel,EQUAL_WEIGHT_HEURISTIC,0.046511628,0,0.333333333,0,0,0.111111111,0.004201681,0.1,0.009174312,0.004201681,0.070736822,0.054587156,0.060853375,0.147368379,0.113723242,0.126777864
E023,word,phone,General American English,1,1,has_primary_stress;initial_primary_stress,0.48,0.48,0.06,MODELED_PROXY_NOT_RECORDED,0.20 + 0.28*syllables + 0.04*cluster_types + 0.06*phrase; SD=0.04+0.02*sqrt(syllables)+0.01*phrase+0.005*cluster_types,/foʊn/,[foʊn],f-oʊ-n,"f,n,oʊ","f,n",oʊ,n,,"f→oʊ,oʊ→n",,,,PENDING_EXPERT_REVIEW,General American target; native-speaker/phonetic validation required before benchmark release.,labiodental → rounded_vowel → coronal,"labiodental,rounded_vowel,coronal","labiodental→rounded_vowel,rounded_vowel→coronal","f:labiodental,oʊ:rounded_vowel,n:coronal","f:labiodental→oʊ:rounded_vowel,oʊ:rounded_vowel→n:coronal",EQUAL_WEIGHT_HEURISTIC,0.069767442,0.0625,0.333333333,0,0,0,0.008403361,0.15,0.018348624,0.008403361,0.067714877,0.084174312,0.065075612,0.14107266,0.17536315,0.135574192
E024,word,mirror,General American English,2,10,has_primary_stress;has_unstressed_syllable;initial_primary_stress;stress_alternation,0.76,0.76,0.07,MODELED_PROXY_NOT_RECORDED,0.20 + 0.28*syllables + 0.04*cluster_types + 0.06*phrase; SD=0.04+0.02*sqrt(syllables)+0.01*phrase+0.005*cluster_types,/mɪɹɚ/,[mɪɹɚ],m-ɪ-ɹ-ɚ,"m,ɚ,ɪ,ɹ","m,ɹ","ɪ,ɚ",,,"m→ɪ,ɪ→ɹ,ɹ→ɚ",,r_coloring,ɚ,PENDING_EXPERT_REVIEW,General American target; native-speaker/phonetic validation required before benchmark release.,bilabial_closure → spread_vowel → rhotic → rhotic_vowel,"bilabial_closure,spread_vowel,rhotic,rhotic_vowel","bilabial_closure→spread_vowel,spread_vowel→rhotic,rhotic→rhotic_vowel","m:bilabial_closure,ɪ:spread_vowel,ɹ:rhotic,ɚ:rhotic_vowel","m:bilabial_closure→ɪ:spread_vowel,ɪ:spread_vowel→ɹ:rhotic,ɹ:rhotic→ɚ:rhotic_vowel",EQUAL_WEIGHT_HEURISTIC,0.093023256,0,0.666666667,0.1,0,0.111111111,0.012605042,0.2,0.027522936,0.012605042,0.140486582,0.113761468,0.122353405,0.184850766,0.149686142,0.160991323
E025,word,spoon,General American English,1,1,has_primary_stress;initial_primary_stress,0.52,0.52,0.07,MODELED_PROXY_NOT_RECORDED,0.20 + 0.28*syllables + 0.04*cluster_types + 0.06*phrase; SD=0.04+0.02*sqrt(syllables)+0.01*phrase+0.005*cluster_types,/spuːn/,[spuːn],s-p-uː-n,"n,p,s,uː","s,p,n",uː,n,,"s→p,p→uː,uː→n",sp,,,PENDING_EXPERT_REVIEW,General American target; native-speaker/phonetic validation required before benchmark release.,coronal → bilabial_closure → rounded_vowel → coronal,"coronal,bilabial_closure,rounded_vowel","coronal→bilabial_closure,bilabial_closure→rounded_vowel,rounded_vowel→coronal","s:coronal,p:bilabial_closure,uː:rounded_vowel,n:coronal","s:coronal→p:bilabial_closure,p:bilabial_closure→uː:rounded_vowel,uː:rounded_vowel→n:coronal",EQUAL_WEIGHT_HEURISTIC,0.093023256,0.0625,0.333333333,0,0.033333333,0,0.012605042,0.15,0.027522936,0.012605042,0.076399281,0.088761468,0.072492294,0.146921694,0.170695131,0.139408258
E026,word,plate,General American English,1,1,has_primary_stress;initial_primary_stress,0.52,0.52,0.07,MODELED_PROXY_NOT_RECORDED,0.20 + 0.28*syllables + 0.04*cluster_types + 0.06*phrase; SD=0.04+0.02*sqrt(syllables)+0.01*phrase+0.005*cluster_types,/pleɪt/,[pleɪt],p-l-eɪ-t,"eɪ,l,p,t","p,l,t",eɪ,t,,"p→l,l→eɪ,eɪ→t",pl,aspiration,,PENDING_EXPERT_REVIEW,General American target; native-speaker/phonetic validation required before benchmark release.,bilabial_closure → coronal → spread_vowel → coronal,"bilabial_closure,coronal,spread_vowel","bilabial_closure→coronal,coronal→spread_vowel,spread_vowel→coronal","p:bilabial_closure,l:coronal,eɪ:spread_vowel,t:coronal","p:bilabial_closure→l:coronal,l:coronal→eɪ:spread_vowel,eɪ:spread_vowel→t:coronal",EQUAL_WEIGHT_HEURISTIC,0.093023256,0.0625,0.333333333,0,0.033333333,0.111111111,0.012605042,0.15,0.027522936,0.012605042,0.092272297,0.088761468,0.083603405,0.177446724,0.170695131,0.16077578
E027,word,glass,General American English,1,1,has_primary_stress;initial_primary_stress,0.52,0.52,0.07,MODELED_PROXY_NOT_RECORDED,0.20 + 0.28*syllables + 0.04*cluster_types + 0.06*phrase; SD=0.04+0.02*sqrt(syllables)+0.01*phrase+0.005*cluster_types,/ɡlæs/,[ɡlæs],ɡ-l-æ-s,"l,s,æ,ɡ","ɡ,l,s",æ,s,,"ɡ→l,l→æ,æ→s",ɡl,,,PENDING_EXPERT_REVIEW,General American target; native-speaker/phonetic validation required before benchmark release.,low_visibility_velar → coronal → open_vowel → coronal,"low_visibility_velar,coronal,open_vowel","low_visibility_velar→coronal,coronal→open_vowel,open_vowel→coronal","ɡ:low_visibility_velar,l:coronal,æ:open_vowel,s:coronal","ɡ:low_visibility_velar→l:coronal,l:coronal→æ:open_vowel,æ:open_vowel→s:coronal",EQUAL_WEIGHT_HEURISTIC,0.093023256,0.0625,0.333333333,0,0.033333333,0,0.012605042,0.15,0.027522936,0.012605042,0.076399281,0.088761468,0.072492294,0.146921694,0.170695131,0.139408258
E028,word,bread,General American English,1,1,has_primary_stress;initial_primary_stress,0.52,0.52,0.07,MODELED_PROXY_NOT_RECORDED,0.20 + 0.28*syllables + 0.04*cluster_types + 0.06*phrase; SD=0.04+0.02*sqrt(syllables)+0.01*phrase+0.005*cluster_types,/bɹɛd/,[bɹɛd],b-ɹ-ɛ-d,"b,d,ɛ,ɹ","b,ɹ,d",ɛ,d,,"b→ɹ,ɹ→ɛ,ɛ→d",bɹ,,,PENDING_EXPERT_REVIEW,General American target; native-speaker/phonetic validation required before benchmark release.,bilabial_closure → rhotic → front_open_vowel → coronal,"bilabial_closure,rhotic,front_open_vowel,coronal","bilabial_closure→rhotic,rhotic→front_open_vowel,front_open_vowel→coronal","b:bilabial_closure,ɹ:rhotic,ɛ:front_open_vowel,d:coronal","b:bilabial_closure→ɹ:rhotic,ɹ:rhotic→ɛ:front_open_vowel,ɛ:front_open_vowel→d:coronal",EQUAL_WEIGHT_HEURISTIC,0.093023256,0.0625,0.333333333,0,0.033333333,0,0.012605042,0.2,0.027522936,0.012605042,0.076399281,0.113761468,0.077492294,0.146921694,0.218772054,0.149023643
E029,word,cheese,General American English,1,1,has_primary_stress;initial_primary_stress,0.48,0.48,0.06,MODELED_PROXY_NOT_RECORDED,0.20 + 0.28*syllables + 0.04*cluster_types + 0.06*phrase; SD=0.04+0.02*sqrt(syllables)+0.01*phrase+0.005*cluster_types,/tʃiːz/,[tʃiːz],tʃ-iː-z,"iː,tʃ,z","tʃ,z",iː,z,,"tʃ→iː,iː→z",,,,PENDING_EXPERT_REVIEW,General American target; native-speaker/phonetic validation required before benchmark release.,postalveolar → spread_vowel → coronal,"postalveolar,spread_vowel,coronal","postalveolar→spread_vowel,spread_vowel→coronal","tʃ:postalveolar,iː:spread_vowel,z:coronal","tʃ:postalveolar→iː:spread_vowel,iː:spread_vowel→z:coronal",EQUAL_WEIGHT_HEURISTIC,0.069767442,0.0625,0.333333333,0,0,0,0.008403361,0.15,0.018348624,0.008403361,0.067714877,0.084174312,0.065075612,0.14107266,0.17536315,0.135574192
E030,word,fruit,General American English,1,1,has_primary_stress;initial_primary_stress,0.52,0.52,0.07,MODELED_PROXY_NOT_RECORDED,0.20 + 0.28*syllables + 0.04*cluster_types + 0.06*phrase; SD=0.04+0.02*sqrt(syllables)+0.01*phrase+0.005*cluster_types,/fɹuːt/,[fɹuːt],f-ɹ-uː-t,"f,t,uː,ɹ","f,ɹ,t",uː,t,,"f→ɹ,ɹ→uː,uː→t",fɹ,,,PENDING_EXPERT_REVIEW,General American target; native-speaker/phonetic validation required before benchmark release.,labiodental → rhotic → rounded_vowel → coronal,"labiodental,rhotic,rounded_vowel,coronal","labiodental→rhotic,rhotic→rounded_vowel,rounded_vowel→coronal","f:labiodental,ɹ:rhotic,uː:rounded_vowel,t:coronal","f:labiodental→ɹ:rhotic,ɹ:rhotic→uː:rounded_vowel,uː:rounded_vowel→t:coronal",EQUAL_WEIGHT_HEURISTIC,0.093023256,0.0625,0.333333333,0,0.033333333,0,0.012605042,0.2,0.027522936,0.012605042,0.076399281,0.113761468,0.077492294,0.146921694,0.218772054,0.149023643
E031,word,milk,General American English,1,1,has_primary_stress;initial_primary_stress,0.52,0.52,0.07,MODELED_PROXY_NOT_RECORDED,0.20 + 0.28*syllables + 0.04*cluster_types + 0.06*phrase; SD=0.04+0.02*sqrt(syllables)+0.01*phrase+0.005*cluster_types,/mɪlk/,[mɪlk],m-ɪ-l-k,"k,l,m,ɪ","m,l,k",ɪ,k,,"m→ɪ,ɪ→l,l→k",lk,dark_l,,PENDING_EXPERT_REVIEW,General American target; native-speaker/phonetic validation required before benchmark release.,bilabial_closure → spread_vowel → coronal → low_visibility_velar,"bilabial_closure,spread_vowel,coronal,low_visibility_velar","bilabial_closure→spread_vowel,spread_vowel→coronal,coronal→low_visibility_velar","m:bilabial_closure,ɪ:spread_vowel,l:coronal,k:low_visibility_velar","m:bilabial_closure→ɪ:spread_vowel,ɪ:spread_vowel→l:coronal,l:coronal→k:low_visibility_velar",EQUAL_WEIGHT_HEURISTIC,0.093023256,0.0625,0.333333333,0,0.033333333,0.111111111,0.012605042,0.2,0.027522936,0.012605042,0.092272297,0.113761468,0.088603405,0.177446724,0.218772054,0.170391164
E032,word,egg,General American English,1,1,has_primary_stress;initial_primary_stress,0.48,0.48,0.06,MODELED_PROXY_NOT_RECORDED,0.20 + 0.28*syllables + 0.04*cluster_types + 0.06*phrase; SD=0.04+0.02*sqrt(syllables)+0.01*phrase+0.005*cluster_types,/ɛɡ/,[ɛɡ],ɛ-ɡ,"ɛ,ɡ",ɡ,ɛ,ɡ,,ɛ→ɡ,,,,PENDING_EXPERT_REVIEW,General American target; native-speaker/phonetic validation required before benchmark release.,front_open_vowel → low_visibility_velar,"front_open_vowel,low_visibility_velar",front_open_vowel→low_visibility_velar,"ɛ:front_open_vowel,ɡ:low_visibility_velar",ɛ:front_open_vowel→ɡ:low_visibility_velar,EQUAL_WEIGHT_HEURISTIC,0.046511628,0.0625,0.333333333,0,0,0,0.004201681,0.1,0.009174312,0.004201681,0.063792377,0.054587156,0.055992263,0.132900786,0.113723242,0.116650549
E033,word,orange,General American English,2,10,has_primary_stress;has_unstressed_syllable;initial_primary_stress;stress_alternation,0.8,0.8,0.07,MODELED_PROXY_NOT_RECORDED,0.20 + 0.28*syllables + 0.04*cluster_types + 0.06*phrase; SD=0.04+0.02*sqrt(syllables)+0.01*phrase+0.005*cluster_types,/ɔɹɪndʒ/,[ɔɹɪndʒ],ɔɹ-ɪ-n-dʒ,"dʒ,n,ɔɹ,ɪ","n,dʒ","ɔɹ,ɪ",dʒ,,"ɔɹ→ɪ,ɪ→n,n→dʒ",ndʒ,r_coloring,ɔɹ,PENDING_EXPERT_REVIEW,General American target; native-speaker/phonetic validation required before benchmark release.,rhotic_vowel → spread_vowel → coronal → postalveolar,"rhotic_vowel,spread_vowel,coronal,postalveolar","rhotic_vowel→spread_vowel,spread_vowel→coronal,coronal→postalveolar","ɔɹ:rhotic_vowel,ɪ:spread_vowel,n:coronal,dʒ:postalveolar","ɔɹ:rhotic_vowel→ɪ:spread_vowel,ɪ:spread_vowel→n:coronal,n:coronal→dʒ:postalveolar",EQUAL_WEIGHT_HEURISTIC,0.093023256,0.0625,0.666666667,0.1,0.033333333,0.111111111,0.012605042,0.2,0.027522936,0.012605042,0.154177058,0.113761468,0.131936739,0.192721323,0.142201835,0.164920923
E034,word,banana,General American English,3,010,has_primary_stress;has_unstressed_syllable;noninitial_primary_stress;stress_alternation,1.04,1.04,0.07,MODELED_PROXY_NOT_RECORDED,0.20 + 0.28*syllables + 0.04*cluster_types + 0.06*phrase; SD=0.04+0.02*sqrt(syllables)+0.01*phrase+0.005*cluster_types,/bənænə/,[bənænə],b-ə-n-æ-n-ə,"b,n,æ,ə","b,n","ə,æ",,,"b→ə,ə→n,n→æ,æ→n,n→ə",,vowel_reduction,ə,PENDING_EXPERT_REVIEW,General American target; native-speaker/phonetic validation required before benchmark release.,bilabial_closure → neutral_vowel → coronal → open_vowel → coronal → neutral_vowel,"bilabial_closure,neutral_vowel,coronal,open_vowel","bilabial_closure→neutral_vowel,neutral_vowel→coronal,coronal→open_vowel,open_vowel→coronal,coronal→neutral_vowel","b:bilabial_closure,ə:neutral_vowel,n:coronal,æ:open_vowel,n:coronal,ə:neutral_vowel","b:bilabial_closure→ə:neutral_vowel,ə:neutral_vowel→n:coronal,n:coronal→æ:open_vowel,æ:open_vowel→n:coronal,n:coronal→ə:neutral_vowel",EQUAL_WEIGHT_HEURISTIC,0.093023256,0,0.666666667,0.1,0,0.111111111,0.021008403,0.2,0.04587156,0.021008403,0.141687062,0.12293578,0.12586894,0.13623756,0.118207481,0.121027827
E035,word,tomato,General American English,3,010,has_primary_stress;has_unstressed_syllable;noninitial_primary_stress;stress_alternation,1.04,1.04,0.07,MODELED_PROXY_NOT_RECORDED,0.20 + 0.28*syllables + 0.04*cluster_types + 0.06*phrase; SD=0.04+0.02*sqrt(syllables)+0.01*phrase+0.005*cluster_types,/təmeɪtoʊ/,[təmeɪɾoʊ],t-ə-m-eɪ-t-oʊ,"eɪ,m,oʊ,t,ə","t,m","ə,eɪ,oʊ",,,"t→ə,ə→m,m→eɪ,eɪ→t,t→oʊ",,vowel_reduction;flapping,ə,PENDING_EXPERT_REVIEW,General American target; native-speaker/phonetic validation required before benchmark release.,coronal → neutral_vowel → bilabial_closure → spread_vowel → coronal → rounded_vowel,"coronal,neutral_vowel,bilabial_closure,spread_vowel,rounded_vowel","coronal→neutral_vowel,neutral_vowel→bilabial_closure,bilabial_closure→spread_vowel,spread_vowel→coronal,coronal→rounded_vowel","t:coronal,ə:neutral_vowel,m:bilabial_closure,eɪ:spread_vowel,t:coronal,oʊ:rounded_vowel","t:coronal→ə:neutral_vowel,ə:neutral_vowel→m:bilabial_closure,m:bilabial_closure→eɪ:spread_vowel,eɪ:spread_vowel→t:coronal,t:coronal→oʊ:rounded_vowel",EQUAL_WEIGHT_HEURISTIC,0.11627907,0,0.666666667,0.1,0,0.222222222,0.021008403,0.25,0.04587156,0.021008403,0.160882337,0.14793578,0.144305633,0.154694555,0.142245942,0.138755416
E036,word,potato,General American English,3,010,has_primary_stress;has_unstressed_syllable;noninitial_primary_stress;stress_alternation,1.04,1.04,0.07,MODELED_PROXY_NOT_RECORDED,0.20 + 0.28*syllables + 0.04*cluster_types + 0.06*phrase; SD=0.04+0.02*sqrt(syllables)+0.01*phrase+0.005*cluster_types,/pəteɪtoʊ/,[pəteɪɾoʊ],p-ə-t-eɪ-t-oʊ,"eɪ,oʊ,p,t,ə","p,t","ə,eɪ,oʊ",,,"p→ə,ə→t,t→eɪ,eɪ→t,t→oʊ",,vowel_reduction;flapping,ə,PENDING_EXPERT_REVIEW,General American target; native-speaker/phonetic validation required before benchmark release.,bilabial_closure → neutral_vowel → coronal → spread_vowel → coronal → rounded_vowel,"bilabial_closure,neutral_vowel,coronal,spread_vowel,rounded_vowel","bilabial_closure→neutral_vowel,neutral_vowel→coronal,coronal→spread_vowel,spread_vowel→coronal,coronal→rounded_vowel","p:bilabial_closure,ə:neutral_vowel,t:coronal,eɪ:spread_vowel,t:coronal,oʊ:rounded_vowel","p:bilabial_closure→ə:neutral_vowel,ə:neutral_vowel→t:coronal,t:coronal→eɪ:spread_vowel,eɪ:spread_vowel→t:coronal,t:coronal→oʊ:rounded_vowel",EQUAL_WEIGHT_HEURISTIC,0.11627907,0,0.666666667,0.1,0,0.222222222,0.021008403,0.25,0.04587156,0.021008403,0.160882337,0.14793578,0.144305633,0.154694555,0.142245942,0.138755416
E037,word,coffee,General American English,2,10,has_primary_stress;has_unstressed_syllable;initial_primary_stress;stress_alternation,0.76,0.76,0.07,MODELED_PROXY_NOT_RECORDED,0.20 + 0.28*syllables + 0.04*cluster_types + 0.06*phrase; SD=0.04+0.02*sqrt(syllables)+0.01*phrase+0.005*cluster_types,/kɔfi/,[kɔfi],k-ɔ-f-i,"f,i,k,ɔ","k,f","ɔ,i",,,"k→ɔ,ɔ→f,f→i",,,,PENDING_EXPERT_REVIEW,General American target; native-speaker/phonetic validation required before benchmark release.,low_visibility_velar → rounded_open_vowel → labiodental → spread_vowel,"low_visibility_velar,rounded_open_vowel,labiodental,spread_vowel","low_visibility_velar→rounded_open_vowel,rounded_open_vowel→labiodental,labiodental→spread_vowel","k:low_visibility_velar,ɔ:rounded_open_vowel,f:labiodental,i:spread_vowel","k:low_visibility_velar→ɔ:rounded_open_vowel,ɔ:rounded_open_vowel→f:labiodental,f:labiodental→i:spread_vowel",EQUAL_WEIGHT_HEURISTIC,0.093023256,0,0.666666667,0,0,0,0.012605042,0.2,0.027522936,0.012605042,0.110327852,0.113761468,0.101242294,0.145168226,0.149686142,0.133213545
E038,word,teacher,General American English,2,10,has_primary_stress;has_unstressed_syllable;initial_primary_stress;stress_alternation,0.76,0.76,0.07,MODELED_PROXY_NOT_RECORDED,0.20 + 0.28*syllables + 0.04*cluster_types + 0.06*phrase; SD=0.04+0.02*sqrt(syllables)+0.01*phrase+0.005*cluster_types,/tiːtʃɚ/,[tiːtʃɚ],t-iː-tʃ-ɚ,"iː,t,tʃ,ɚ","t,tʃ","iː,ɚ",,,"t→iː,iː→tʃ,tʃ→ɚ",,r_coloring,ɚ,PENDING_EXPERT_REVIEW,General American target; native-speaker/phonetic validation required before benchmark release.,coronal → spread_vowel → postalveolar → rhotic_vowel,"coronal,spread_vowel,postalveolar,rhotic_vowel","coronal→spread_vowel,spread_vowel→postalveolar,postalveolar→rhotic_vowel","t:coronal,iː:spread_vowel,tʃ:postalveolar,ɚ:rhotic_vowel","t:coronal→iː:spread_vowel,iː:spread_vowel→tʃ:postalveolar,tʃ:postalveolar→ɚ:rhotic_vowel",EQUAL_WEIGHT_HEURISTIC,0.093023256,0,0.666666667,0.1,0,0.111111111,0.012605042,0.2,0.027522936,0.012605042,0.140486582,0.113761468,0.122353405,0.184850766,0.149686142,0.160991323
E039,word,student,General American English,2,10,has_primary_stress;has_unstressed_syllable;initial_primary_stress;stress_alternation,0.8,0.8,0.07,MODELED_PROXY_NOT_RECORDED,0.20 + 0.28*syllables + 0.04*cluster_types + 0.06*phrase; SD=0.04+0.02*sqrt(syllables)+0.01*phrase+0.005*cluster_types,/stuːdənt/,[stuːdənt],s-t-uː-d-ə-n-t,"d,n,s,t,uː,ə","s,t,d,n","uː,ə",t,,"s→t,t→uː,uː→d,d→ə,ə→n,n→t",st,vowel_reduction,ə,PENDING_EXPERT_REVIEW,General American target; native-speaker/phonetic validation required before benchmark release.,coronal → coronal → rounded_vowel → coronal → neutral_vowel → coronal → coronal,"coronal,rounded_vowel,neutral_vowel","coronal→coronal,coronal→rounded_vowel,rounded_vowel→coronal,coronal→neutral_vowel,neutral_vowel→coronal,coronal→coronal","s:coronal,t:coronal,uː:rounded_vowel,d:coronal,ə:neutral_vowel,n:coronal,t:coronal","s:coronal→t:coronal,t:coronal→uː:rounded_vowel,uː:rounded_vowel→d:coronal,d:coronal→ə:neutral_vowel,ə:neutral_vowel→n:coronal,n:coronal→t:coronal",EQUAL_WEIGHT_HEURISTIC,0.139534884,0.0625,0.666666667,0.1,0.033333333,0.111111111,0.025210084,0.15,0.04587156,0.025210084,0.162622297,0.09793578,0.135943772,0.203277871,0.122419725,0.169929715
E040,word,doctor,General American English,2,10,has_primary_stress;has_unstressed_syllable;initial_primary_stress;stress_alternation,0.8,0.8,0.07,MODELED_PROXY_NOT_RECORDED,0.20 + 0.28*syllables + 0.04*cluster_types + 0.06*phrase; SD=0.04+0.02*sqrt(syllables)+0.01*phrase+0.005*cluster_types,/dɔktɚ/,[dɔktɚ],d-ɔ-k-t-ɚ,"d,k,t,ɔ,ɚ","d,k,t","ɔ,ɚ",,,"d→ɔ,ɔ→k,k→t,t→ɚ",kt,r_coloring,ɚ,PENDING_EXPERT_REVIEW,General American target; native-speaker/phonetic validation required before benchmark release.,coronal → rounded_open_vowel → low_visibility_velar → coronal → rhotic_vowel,"coronal,rounded_open_vowel,low_visibility_velar,rhotic_vowel","coronal→rounded_open_vowel,rounded_open_vowel→low_visibility_velar,low_visibility_velar→coronal,coronal→rhotic_vowel","d:coronal,ɔ:rounded_open_vowel,k:low_visibility_velar,t:coronal,ɚ:rhotic_vowel","d:coronal→ɔ:rounded_open_vowel,ɔ:rounded_open_vowel→k:low_visibility_velar,k:low_visibility_velar→t:coronal,t:coronal→ɚ:rhotic_vowel",EQUAL_WEIGHT_HEURISTIC,0.11627907,0,0.666666667,0.1,0.033333333,0.111111111,0.016806723,0.2,0.036697248,0.016806723,0.149170986,0.118348624,0.129770087,0.186463733,0.14793578,0.162212609
E041,word,singer,General American English,2,10,has_primary_stress;has_unstressed_syllable;initial_primary_stress;stress_alternation,0.76,0.76,0.07,MODELED_PROXY_NOT_RECORDED,0.20 + 0.28*syllables + 0.04*cluster_types + 0.06*phrase; SD=0.04+0.02*sqrt(syllables)+0.01*phrase+0.005*cluster_types,/sɪŋɚ/,[sɪŋɚ],s-ɪ-ŋ-ɚ,"s,ŋ,ɚ,ɪ","s,ŋ","ɪ,ɚ",,,"s→ɪ,ɪ→ŋ,ŋ→ɚ",,r_coloring,ɚ,PENDING_EXPERT_REVIEW,General American target; native-speaker/phonetic validation required before benchmark release.,coronal → spread_vowel → low_visibility_velar → rhotic_vowel,"coronal,spread_vowel,low_visibility_velar,rhotic_vowel","coronal→spread_vowel,spread_vowel→low_visibility_velar,low_visibility_velar→rhotic_vowel","s:coronal,ɪ:spread_vowel,ŋ:low_visibility_velar,ɚ:rhotic_vowel","s:coronal→ɪ:spread_vowel,ɪ:spread_vowel→ŋ:low_visibility_velar,ŋ:low_visibility_velar→ɚ:rhotic_vowel",EQUAL_WEIGHT_HEURISTIC,0.093023256,0,0.666666667,0.1,0,0.111111111,0.012605042,0.2,0.027522936,0.012605042,0.140486582,0.113761468,0.122353405,0.184850766,0.149686142,0.160991323
E042,word,music,General American English,2,10,has_primary_stress;has_unstressed_syllable;initial_primary_stress;stress_alternation,0.8,0.8,0.07,MODELED_PROXY_NOT_RECORDED,0.20 + 0.28*syllables + 0.04*cluster_types + 0.06*phrase; SD=0.04+0.02*sqrt(syllables)+0.01*phrase+0.005*cluster_types,/mjuːzɪk/,[mjuːzɪk],m-j-uː-z-ɪ-k,"j,k,m,uː,z,ɪ","m,j,z,k","uː,ɪ",k,,"m→j,j→uː,uː→z,z→ɪ,ɪ→k",mj,,,PENDING_EXPERT_REVIEW,General American target; native-speaker/phonetic validation required before benchmark release.,bilabial_closure → palatal_glide → rounded_vowel → coronal → spread_vowel → low_visibility_velar,"bilabial_closure,palatal_glide,rounded_vowel,coronal,spread_vowel,low_visibility_velar","bilabial_closure→palatal_glide,palatal_glide→rounded_vowel,rounded_vowel→coronal,coronal→spread_vowel,spread_vowel→low_visibility_velar","m:bilabial_closure,j:palatal_glide,uː:rounded_vowel,z:coronal,ɪ:spread_vowel,k:low_visibility_velar","m:bilabial_closure→j:palatal_glide,j:palatal_glide→uː:rounded_vowel,uː:rounded_vowel→z:coronal,z:coronal→ɪ:spread_vowel,ɪ:spread_vowel→k:low_visibility_velar",EQUAL_WEIGHT_HEURISTIC,0.139534884,0.0625,0.666666667,0,0.033333333,0,0.021008403,0.3,0.04587156,0.021008403,0.131863327,0.17293578,0.128992325,0.164829158,0.216169725,0.161240406
E043,word,paper,General American English,2,10,has_primary_stress;has_unstressed_syllable;initial_primary_stress;stress_alternation,0.76,0.76,0.07,MODELED_PROXY_NOT_RECORDED,0.20 + 0.28*syllables + 0.04*cluster_types + 0.06*phrase; SD=0.04+0.02*sqrt(syllables)+0.01*phrase+0.005*cluster_types,/peɪpɚ/,[peɪpɚ],p-eɪ-p-ɚ,"eɪ,p,ɚ",p,"eɪ,ɚ",,,"p→eɪ,eɪ→p,p→ɚ",,aspiration;r_coloring,ɚ,PENDING_EXPERT_REVIEW,General American target; native-speaker/phonetic validation required before benchmark release.,bilabial_closure → spread_vowel → bilabial_closure → rhotic_vowel,"bilabial_closure,spread_vowel,rhotic_vowel","bilabial_closure→spread_vowel,spread_vowel→bilabial_closure,bilabial_closure→rhotic_vowel","p:bilabial_closure,eɪ:spread_vowel,p:bilabial_closure,ɚ:rhotic_vowel","p:bilabial_closure→eɪ:spread_vowel,eɪ:spread_vowel→p:bilabial_closure,p:bilabial_closure→ɚ:rhotic_vowel",EQUAL_WEIGHT_HEURISTIC,0.069767442,0,0.666666667,0.1,0,0.222222222,0.012605042,0.15,0.027522936,0.012605042,0.153037339,0.088761468,0.126138935,0.20136492,0.116791405,0.165972283
E044,word,pencil,General American English,2,10,has_primary_stress;has_unstressed_syllable;initial_primary_stress;stress_alternation,0.8,0.8,0.07,MODELED_PROXY_NOT_RECORDED,0.20 + 0.28*syllables + 0.04*cluster_types + 0.06*phrase; SD=0.04+0.02*sqrt(syllables)+0.01*phrase+0.005*cluster_types,/pɛnsəl/,[pɛnsəl],p-ɛ-n-s-ə-l,"l,n,p,s,ə,ɛ","p,n,s,l","ɛ,ə",l,,"p→ɛ,ɛ→n,n→s,s→ə,ə→l",ns,vowel_reduction;dark_l,ə,PENDING_EXPERT_REVIEW,General American target; native-speaker/phonetic validation required before benchmark release.,bilabial_closure → front_open_vowel → coronal → coronal → neutral_vowel → coronal,"bilabial_closure,front_open_vowel,coronal,neutral_vowel","bilabial_closure→front_open_vowel,front_open_vowel→coronal,coronal→coronal,coronal→neutral_vowel,neutral_vowel→coronal","p:bilabial_closure,ɛ:front_open_vowel,n:coronal,s:coronal,ə:neutral_vowel,l:coronal","p:bilabial_closure→ɛ:front_open_vowel,ɛ:front_open_vowel→n:coronal,n:coronal→s:coronal,s:coronal→ə:neutral_vowel,ə:neutral_vowel→l:coronal",EQUAL_WEIGHT_HEURISTIC,0.139534884,0.0625,0.666666667,0.1,0.033333333,0.222222222,0.021008403,0.2,0.04587156,0.021008403,0.177895073,0.12293578,0.151214547,0.222368841,0.153669725,0.189018184
E045,word,window,General American English,2,10,has_primary_stress;has_unstressed_syllable;initial_primary_stress;stress_alternation,0.8,0.8,0.07,MODELED_PROXY_NOT_RECORDED,0.20 + 0.28*syllables + 0.04*cluster_types + 0.06*phrase; SD=0.04+0.02*sqrt(syllables)+0.01*phrase+0.005*cluster_types,/wɪndoʊ/,[wɪndoʊ],w-ɪ-n-d-oʊ,"d,n,oʊ,w,ɪ","w,n,d","ɪ,oʊ",,,"w→ɪ,ɪ→n,n→d,d→oʊ",nd,,,PENDING_EXPERT_REVIEW,General American target; native-speaker/phonetic validation required before benchmark release.,rounded_glide → spread_vowel → coronal → coronal → rounded_vowel,"rounded_glide,spread_vowel,coronal,rounded_vowel","rounded_glide→spread_vowel,spread_vowel→coronal,coronal→coronal,coronal→rounded_vowel","w:rounded_glide,ɪ:spread_vowel,n:coronal,d:coronal,oʊ:rounded_vowel","w:rounded_glide→ɪ:spread_vowel,ɪ:spread_vowel→n:coronal,n:coronal→d:coronal,d:coronal→oʊ:rounded_vowel",EQUAL_WEIGHT_HEURISTIC,0.11627907,0,0.666666667,0,0.033333333,0,0.016806723,0.2,0.036697248,0.016806723,0.119012256,0.118348624,0.108658976,0.14876532,0.14793578,0.13582372
E046,word,garden,General American English,2,10,has_primary_stress;has_unstressed_syllable;initial_primary_stress;stress_alternation,0.76,0.76,0.07,MODELED_PROXY_NOT_RECORDED,0.20 + 0.28*syllables + 0.04*cluster_types + 0.06*phrase; SD=0.04+0.02*sqrt(syllables)+0.01*phrase+0.005*cluster_types,/ɡɑɹdən/,[ɡɑɹdən],ɡ-ɑɹ-d-ə-n,"d,n,ɑɹ,ə,ɡ","ɡ,d,n","ɑɹ,ə",n,,"ɡ→ɑɹ,ɑɹ→d,d→ə,ə→n",,vowel_reduction;r_coloring,ɑɹ;ə,PENDING_EXPERT_REVIEW,General American target; native-speaker/phonetic validation required before benchmark release.,low_visibility_velar → rhotic_vowel → coronal → neutral_vowel → coronal,"low_visibility_velar,rhotic_vowel,coronal,neutral_vowel","low_visibility_velar→rhotic_vowel,rhotic_vowel→coronal,coronal→neutral_vowel,neutral_vowel→coronal","ɡ:low_visibility_velar,ɑɹ:rhotic_vowel,d:coronal,ə:neutral_vowel,n:coronal","ɡ:low_visibility_velar→ɑɹ:rhotic_vowel,ɑɹ:rhotic_vowel→d:coronal,d:coronal→ə:neutral_vowel,ə:neutral_vowel→n:coronal",EQUAL_WEIGHT_HEURISTIC,0.11627907,0.0625,0.666666667,0.2,0,0.222222222,0.016806723,0.2,0.036697248,0.016806723,0.183496383,0.118348624,0.153797865,0.241442609,0.155721873,0.202365612
E047,word,button,General American English,2,10,has_primary_stress;has_unstressed_syllable;initial_primary_stress;stress_alternation,0.76,0.76,0.07,MODELED_PROXY_NOT_RECORDED,0.20 + 0.28*syllables + 0.04*cluster_types + 0.06*phrase; SD=0.04+0.02*sqrt(syllables)+0.01*phrase+0.005*cluster_types,/bʌtən/,[bʌʔən],b-ʌ-t-ə-n,"b,n,t,ə,ʌ","b,t,n","ʌ,ə",n,,"b→ʌ,ʌ→t,t→ə,ə→n",,glottalization;vowel_reduction,ə,PENDING_EXPERT_REVIEW,General American target; native-speaker/phonetic validation required before benchmark release.,bilabial_closure → central_open_vowel → coronal → neutral_vowel → coronal,"bilabial_closure,central_open_vowel,coronal,neutral_vowel","bilabial_closure→central_open_vowel,central_open_vowel→coronal,coronal→neutral_vowel,neutral_vowel→coronal","b:bilabial_closure,ʌ:central_open_vowel,t:coronal,ə:neutral_vowel,n:coronal","b:bilabial_closure→ʌ:central_open_vowel,ʌ:central_open_vowel→t:coronal,t:coronal→ə:neutral_vowel,ə:neutral_vowel→n:coronal",EQUAL_WEIGHT_HEURISTIC,0.11627907,0.0625,0.666666667,0.1,0,0.222222222,0.016806723,0.2,0.036697248,0.016806723,0.169210669,0.118348624,0.143797865,0.222645617,0.155721873,0.189207717
E048,word,little,General American English,2,10,has_primary_stress;has_unstressed_syllable;initial_primary_stress;stress_alternation,0.76,0.76,0.07,MODELED_PROXY_NOT_RECORDED,0.20 + 0.28*syllables + 0.04*cluster_types + 0.06*phrase; SD=0.04+0.02*sqrt(syllables)+0.01*phrase+0.005*cluster_types,/lɪtəl/,[lɪɾəl],l-ɪ-t-ə-l,"l,t,ə,ɪ","l,t","ɪ,ə",l,,"l→ɪ,ɪ→t,t→ə,ə→l",,flapping;vowel_reduction;dark_l,ə,PENDING_EXPERT_REVIEW,General American target; native-speaker/phonetic validation required before benchmark release.,coronal → spread_vowel → coronal → neutral_vowel → coronal,"coronal,spread_vowel,neutral_vowel","coronal→spread_vowel,spread_vowel→coronal,coronal→neutral_vowel,neutral_vowel→coronal","l:coronal,ɪ:spread_vowel,t:coronal,ə:neutral_vowel,l:coronal","l:coronal→ɪ:spread_vowel,ɪ:spread_vowel→t:coronal,t:coronal→ə:neutral_vowel,ə:neutral_vowel→l:coronal",EQUAL_WEIGHT_HEURISTIC,0.093023256,0.0625,0.666666667,0.1,0,0.333333333,0.016806723,0.15,0.036697248,0.016806723,0.181761426,0.093348624,0.147583395,0.23915977,0.122827137,0.194188677
E049,word,city,General American English,2,10,has_primary_stress;has_unstressed_syllable;initial_primary_stress;stress_alternation,0.76,0.76,0.07,MODELED_PROXY_NOT_RECORDED,0.20 + 0.28*syllables + 0.04*cluster_types + 0.06*phrase; SD=0.04+0.02*sqrt(syllables)+0.01*phrase+0.005*cluster_types,/sɪti/,[sɪɾi],s-ɪ-t-i,"i,s,t,ɪ","s,t","ɪ,i",,,"s→ɪ,ɪ→t,t→i",,flapping,,PENDING_EXPERT_REVIEW,General American target; native-speaker/phonetic validation required before benchmark release.,coronal → spread_vowel → coronal → spread_vowel,"coronal,spread_vowel","coronal→spread_vowel,spread_vowel→coronal,coronal→spread_vowel","s:coronal,ɪ:spread_vowel,t:coronal,i:spread_vowel","s:coronal→ɪ:spread_vowel,ɪ:spread_vowel→t:coronal,t:coronal→i:spread_vowel",EQUAL_WEIGHT_HEURISTIC,0.093023256,0,0.666666667,0,0,0.111111111,0.012605042,0.1,0.018348624,0.012605042,0.126200868,0.059174312,0.101435974,0.166053774,0.077860937,0.133468387
E050,word,better,General American English,2,10,has_primary_stress;has_unstressed_syllable;initial_primary_stress;stress_alternation,0.76,0.76,0.07,MODELED_PROXY_NOT_RECORDED,0.20 + 0.28*syllables + 0.04*cluster_types + 0.06*phrase; SD=0.04+0.02*sqrt(syllables)+0.01*phrase+0.005*cluster_types,/bɛtɚ/,[bɛɾɚ],b-ɛ-t-ɚ,"b,t,ɚ,ɛ","b,t","ɛ,ɚ",,,"b→ɛ,ɛ→t,t→ɚ",,flapping;r_coloring,ɚ,PENDING_EXPERT_REVIEW,General American target; native-speaker/phonetic validation required before benchmark release.,bilabial_closure → front_open_vowel → coronal → rhotic_vowel,"bilabial_closure,front_open_vowel,coronal,rhotic_vowel","bilabial_closure→front_open_vowel,front_open_vowel→coronal,coronal→rhotic_vowel","b:bilabial_closure,ɛ:front_open_vowel,t:coronal,ɚ:rhotic_vowel","b:bilabial_closure→ɛ:front_open_vowel,ɛ:front_open_vowel→t:coronal,t:coronal→ɚ:rhotic_vowel",EQUAL_WEIGHT_HEURISTIC,0.093023256,0,0.666666667,0.1,0,0.222222222,0.012605042,0.2,0.027522936,0.012605042,0.156359598,0.113761468,0.133464516,0.205736313,0.149686142,0.175611206
E051,word,writer,General American English,2,10,has_primary_stress;has_unstressed_syllable;initial_primary_stress;stress_alternation,0.76,0.76,0.07,MODELED_PROXY_NOT_RECORDED,0.20 + 0.28*syllables + 0.04*cluster_types + 0.06*phrase; SD=0.04+0.02*sqrt(syllables)+0.01*phrase+0.005*cluster_types,/ɹaɪtɚ/,[ɹaɪɾɚ],ɹ-aɪ-t-ɚ,"aɪ,t,ɚ,ɹ","ɹ,t","aɪ,ɚ",,,"ɹ→aɪ,aɪ→t,t→ɚ",,flapping;r_coloring,ɚ,PENDING_EXPERT_REVIEW,General American target; native-speaker/phonetic validation required before benchmark release.,rhotic → open_to_spread → coronal → rhotic_vowel,"rhotic,open_to_spread,coronal,rhotic_vowel","rhotic→open_to_spread,open_to_spread→coronal,coronal→rhotic_vowel","ɹ:rhotic,aɪ:open_to_spread,t:coronal,ɚ:rhotic_vowel","ɹ:rhotic→aɪ:open_to_spread,aɪ:open_to_spread→t:coronal,t:coronal→ɚ:rhotic_vowel",EQUAL_WEIGHT_HEURISTIC,0.093023256,0,0.666666667,0.1,0,0.222222222,0.012605042,0.2,0.027522936,0.012605042,0.156359598,0.113761468,0.133464516,0.205736313,0.149686142,0.175611206
E052,word,winter,General American English,2,10,has_primary_stress;has_unstressed_syllable;initial_primary_stress;stress_alternation,0.8,0.8,0.07,MODELED_PROXY_NOT_RECORDED,0.20 + 0.28*syllables + 0.04*cluster_types + 0.06*phrase; SD=0.04+0.02*sqrt(syllables)+0.01*phrase+0.005*cluster_types,/wɪntɚ/,[wɪntɚ],w-ɪ-n-t-ɚ,"n,t,w,ɚ,ɪ","w,n,t","ɪ,ɚ",,,"w→ɪ,ɪ→n,n→t,t→ɚ",nt,r_coloring,ɚ,PENDING_EXPERT_REVIEW,General American target; native-speaker/phonetic validation required before benchmark release.,rounded_glide → spread_vowel → coronal → coronal → rhotic_vowel,"rounded_glide,spread_vowel,coronal,rhotic_vowel","rounded_glide→spread_vowel,spread_vowel→coronal,coronal→coronal,coronal→rhotic_vowel","w:rounded_glide,ɪ:spread_vowel,n:coronal,t:coronal,ɚ:rhotic_vowel","w:rounded_glide→ɪ:spread_vowel,ɪ:spread_vowel→n:coronal,n:coronal→t:coronal,t:coronal→ɚ:rhotic_vowel",EQUAL_WEIGHT_HEURISTIC,0.11627907,0,0.666666667,0.1,0.033333333,0.111111111,0.016806723,0.2,0.036697248,0.016806723,0.149170986,0.118348624,0.129770087,0.186463733,0.14793578,0.162212609
E053,word,spring,General American English,1,1,has_primary_stress;initial_primary_stress,0.52,0.52,0.07,MODELED_PROXY_NOT_RECORDED,0.20 + 0.28*syllables + 0.04*cluster_types + 0.06*phrase; SD=0.04+0.02*sqrt(syllables)+0.01*phrase+0.005*cluster_types,/spɹɪŋ/,[spɹɪŋ],s-p-ɹ-ɪ-ŋ,"p,s,ŋ,ɪ,ɹ","s,p,ɹ,ŋ",ɪ,ŋ,,"s→p,p→ɹ,ɹ→ɪ,ɪ→ŋ",spɹ,,,PENDING_EXPERT_REVIEW,General American target; native-speaker/phonetic validation required before benchmark release.,coronal → bilabial_closure → rhotic → spread_vowel → low_visibility_velar,"coronal,bilabial_closure,rhotic,spread_vowel,low_visibility_velar","coronal→bilabial_closure,bilabial_closure→rhotic,rhotic→spread_vowel,spread_vowel→low_visibility_velar","s:coronal,p:bilabial_closure,ɹ:rhotic,ɪ:spread_vowel,ŋ:low_visibility_velar","s:coronal→p:bilabial_closure,p:bilabial_closure→ɹ:rhotic,ɹ:rhotic→ɪ:spread_vowel,ɪ:spread_vowel→ŋ:low_visibility_velar",EQUAL_WEIGHT_HEURISTIC,0.11627907,0.0625,0.333333333,0,0.033333333,0,0.016806723,0.25,0.036697248,0.016806723,0.08032178,0.143348624,0.086575643,0.154464961,0.27567043,0.166491621
E054,word,street,General American English,1,1,has_primary_stress;initial_primary_stress,0.52,0.52,0.07,MODELED_PROXY_NOT_RECORDED,0.20 + 0.28*syllables + 0.04*cluster_types + 0.06*phrase; SD=0.04+0.02*sqrt(syllables)+0.01*phrase+0.005*cluster_types,/stɹiːt/,[stɹiːt],s-t-ɹ-iː-t,"iː,s,t,ɹ","s,t,ɹ",iː,t,,"s→t,t→ɹ,ɹ→iː,iː→t",stɹ,,,PENDING_EXPERT_REVIEW,General American target; native-speaker/phonetic validation required before benchmark release.,coronal → coronal → rhotic → spread_vowel → coronal,"coronal,rhotic,spread_vowel","coronal→coronal,coronal→rhotic,rhotic→spread_vowel,spread_vowel→coronal","s:coronal,t:coronal,ɹ:rhotic,iː:spread_vowel,t:coronal","s:coronal→t:coronal,t:coronal→ɹ:rhotic,ɹ:rhotic→iː:spread_vowel,iː:spread_vowel→t:coronal",EQUAL_WEIGHT_HEURISTIC,0.093023256,0.0625,0.333333333,0,0.033333333,0,0.016806723,0.15,0.036697248,0.016806723,0.076999521,0.093348624,0.074250062,0.148076001,0.179516584,0.14278858
E055,word,strong,General American English,1,1,has_primary_stress;initial_primary_stress,0.52,0.52,0.07,MODELED_PROXY_NOT_RECORDED,0.20 + 0.28*syllables + 0.04*cluster_types + 0.06*phrase; SD=0.04+0.02*sqrt(syllables)+0.01*phrase+0.005*cluster_types,/stɹɔŋ/,[stɹɔŋ],s-t-ɹ-ɔ-ŋ,"s,t,ŋ,ɔ,ɹ","s,t,ɹ,ŋ",ɔ,ŋ,,"s→t,t→ɹ,ɹ→ɔ,ɔ→ŋ",stɹ,,,PENDING_EXPERT_REVIEW,General American target; native-speaker/phonetic validation required before benchmark release.,coronal → coronal → rhotic → rounded_open_vowel → low_visibility_velar,"coronal,rhotic,rounded_open_vowel,low_visibility_velar","coronal→coronal,coronal→rhotic,rhotic→rounded_open_vowel,rounded_open_vowel→low_visibility_velar","s:coronal,t:coronal,ɹ:rhotic,ɔ:rounded_open_vowel,ŋ:low_visibility_velar","s:coronal→t:coronal,t:coronal→ɹ:rhotic,ɹ:rhotic→ɔ:rounded_open_vowel,ɔ:rounded_open_vowel→ŋ:low_visibility_velar",EQUAL_WEIGHT_HEURISTIC,0.11627907,0.0625,0.333333333,0,0.033333333,0,0.016806723,0.2,0.036697248,0.016806723,0.08032178,0.118348624,0.081575643,0.154464961,0.227593507,0.156876236
E056,word,world,General American English,1,1,has_primary_stress;initial_primary_stress,0.52,0.52,0.07,MODELED_PROXY_NOT_RECORDED,0.20 + 0.28*syllables + 0.04*cluster_types + 0.06*phrase; SD=0.04+0.02*sqrt(syllables)+0.01*phrase+0.005*cluster_types,/wɝld/,[wɝld],w-ɝ-l-d,"d,l,w,ɝ","w,l,d",ɝ,d,,"w→ɝ,ɝ→l,l→d",ld,r_coloring;dark_l,ɝ,PENDING_EXPERT_REVIEW,General American target; native-speaker/phonetic validation required before benchmark release.,rounded_glide → rhotic_vowel → coronal → coronal,"rounded_glide,rhotic_vowel,coronal","rounded_glide→rhotic_vowel,rhotic_vowel→coronal,coronal→coronal","w:rounded_glide,ɝ:rhotic_vowel,l:coronal,d:coronal","w:rounded_glide→ɝ:rhotic_vowel,ɝ:rhotic_vowel→l:coronal,l:coronal→d:coronal",EQUAL_WEIGHT_HEURISTIC,0.093023256,0.0625,0.333333333,0.1,0.033333333,0.222222222,0.012605042,0.15,0.027522936,0.012605042,0.122431027,0.088761468,0.104714516,0.235444282,0.170695131,0.20137407
E057,word,help,General American English,1,1,has_primary_stress;initial_primary_stress,0.52,0.52,0.07,MODELED_PROXY_NOT_RECORDED,0.20 + 0.28*syllables + 0.04*cluster_types + 0.06*phrase; SD=0.04+0.02*sqrt(syllables)+0.01*phrase+0.005*cluster_types,/hɛlp/,[hɛlp],h-ɛ-l-p,"h,l,p,ɛ","h,l,p",ɛ,p,,"h→ɛ,ɛ→l,l→p",lp,dark_l,,PENDING_EXPERT_REVIEW,General American target; native-speaker/phonetic validation required before benchmark release.,glottal → front_open_vowel → coronal → bilabial_closure,"glottal,front_open_vowel,coronal,bilabial_closure","glottal→front_open_vowel,front_open_vowel→coronal,coronal→bilabial_closure","h:glottal,ɛ:front_open_vowel,l:coronal,p:bilabial_closure","h:glottal→ɛ:front_open_vowel,ɛ:front_open_vowel→l:coronal,l:coronal→p:bilabial_closure",EQUAL_WEIGHT_HEURISTIC,0.093023256,0.0625,0.333333333,0,0.033333333,0.111111111,0.012605042,0.2,0.027522936,0.012605042,0.092272297,0.113761468,0.088603405,0.177446724,0.218772054,0.170391164
E058,word,desk,General American English,1,1,has_primary_stress;initial_primary_stress,0.52,0.52,0.07,MODELED_PROXY_NOT_RECORDED,0.20 + 0.28*syllables + 0.04*cluster_types + 0.06*phrase; SD=0.04+0.02*sqrt(syllables)+0.01*phrase+0.005*cluster_types,/dɛsk/,[dɛsk],d-ɛ-s-k,"d,k,s,ɛ","d,s,k",ɛ,k,,"d→ɛ,ɛ→s,s→k",sk,,,PENDING_EXPERT_REVIEW,General American target; native-speaker/phonetic validation required before benchmark release.,coronal → front_open_vowel → coronal → low_visibility_velar,"coronal,front_open_vowel,low_visibility_velar","coronal→front_open_vowel,front_open_vowel→coronal,coronal→low_visibility_velar","d:coronal,ɛ:front_open_vowel,s:coronal,k:low_visibility_velar","d:coronal→ɛ:front_open_vowel,ɛ:front_open_vowel→s:coronal,s:coronal→k:low_visibility_velar",EQUAL_WEIGHT_HEURISTIC,0.093023256,0.0625,0.333333333,0,0.033333333,0,0.012605042,0.15,0.027522936,0.012605042,0.076399281,0.088761468,0.072492294,0.146921694,0.170695131,0.139408258
E059,word,next,General American English,1,1,has_primary_stress;initial_primary_stress,0.52,0.52,0.07,MODELED_PROXY_NOT_RECORDED,0.20 + 0.28*syllables + 0.04*cluster_types + 0.06*phrase; SD=0.04+0.02*sqrt(syllables)+0.01*phrase+0.005*cluster_types,/nɛkst/,[nɛkst],n-ɛ-k-s-t,"k,n,s,t,ɛ","n,k,s,t",ɛ,t,,"n→ɛ,ɛ→k,k→s,s→t",kst,,,PENDING_EXPERT_REVIEW,General American target; native-speaker/phonetic validation required before benchmark release.,coronal → front_open_vowel → low_visibility_velar → coronal → coronal,"coronal,front_open_vowel,low_visibility_velar","coronal→front_open_vowel,front_open_vowel→low_visibility_velar,low_visibility_velar→coronal,coronal→coronal","n:coronal,ɛ:front_open_vowel,k:low_visibility_velar,s:coronal,t:coronal","n:coronal→ɛ:front_open_vowel,ɛ:front_open_vowel→k:low_visibility_velar,k:low_visibility_velar→s:coronal,s:coronal→t:coronal",EQUAL_WEIGHT_HEURISTIC,0.11627907,0.0625,0.333333333,0,0.033333333,0,0.016806723,0.15,0.036697248,0.016806723,0.08032178,0.093348624,0.076575643,0.154464961,0.179516584,0.147260852
E060,word,asked,General American English,1,1,has_primary_stress;initial_primary_stress,0.52,0.52,0.07,MODELED_PROXY_NOT_RECORDED,0.20 + 0.28*syllables + 0.04*cluster_types + 0.06*phrase; SD=0.04+0.02*sqrt(syllables)+0.01*phrase+0.005*cluster_types,/æskt/,[æskt],æ-s-k-t,"k,s,t,æ","s,k,t",æ,t,,"æ→s,s→k,k→t",skt,,,PENDING_EXPERT_REVIEW,General American target; native-speaker/phonetic validation required before benchmark release.,open_vowel → coronal → low_visibility_velar → coronal,"open_vowel,coronal,low_visibility_velar","open_vowel→coronal,coronal→low_visibility_velar,low_visibility_velar→coronal","æ:open_vowel,s:coronal,k:low_visibility_velar,t:coronal","æ:open_vowel→s:coronal,s:coronal→k:low_visibility_velar,k:low_visibility_velar→t:coronal",EQUAL_WEIGHT_HEURISTIC,0.093023256,0.0625,0.333333333,0,0.033333333,0,0.012605042,0.15,0.027522936,0.012605042,0.076399281,0.088761468,0.072492294,0.146921694,0.170695131,0.139408258
E061,word,sixth,General American English,1,1,has_primary_stress;initial_primary_stress,0.52,0.52,0.07,MODELED_PROXY_NOT_RECORDED,0.20 + 0.28*syllables + 0.04*cluster_types + 0.06*phrase; SD=0.04+0.02*sqrt(syllables)+0.01*phrase+0.005*cluster_types,/sɪksθ/,[sɪksθ],s-ɪ-k-s-θ,"k,s,ɪ,θ","s,k,θ",ɪ,θ,,"s→ɪ,ɪ→k,k→s,s→θ",ksθ,,,PENDING_EXPERT_REVIEW,General American target; native-speaker/phonetic validation required before benchmark release.,coronal → spread_vowel → low_visibility_velar → coronal → dental,"coronal,spread_vowel,low_visibility_velar,dental","coronal→spread_vowel,spread_vowel→low_visibility_velar,low_visibility_velar→coronal,coronal→dental","s:coronal,ɪ:spread_vowel,k:low_visibility_velar,s:coronal,θ:dental","s:coronal→ɪ:spread_vowel,ɪ:spread_vowel→k:low_visibility_velar,k:low_visibility_velar→s:coronal,s:coronal→θ:dental",EQUAL_WEIGHT_HEURISTIC,0.093023256,0.0625,0.333333333,0,0.033333333,0,0.016806723,0.2,0.036697248,0.016806723,0.076999521,0.118348624,0.079250062,0.148076001,0.227593507,0.152403965
E062,word,texts,General American English,1,1,has_primary_stress;initial_primary_stress,0.52,0.52,0.07,MODELED_PROXY_NOT_RECORDED,0.20 + 0.28*syllables + 0.04*cluster_types + 0.06*phrase; SD=0.04+0.02*sqrt(syllables)+0.01*phrase+0.005*cluster_types,/tɛksts/,[tɛksts],t-ɛ-k-s-t-s,"k,s,t,ɛ","t,k,s",ɛ,s,,"t→ɛ,ɛ→k,k→s,s→t,t→s",ksts,,,PENDING_EXPERT_REVIEW,General American target; native-speaker/phonetic validation required before benchmark release.,coronal → front_open_vowel → low_visibility_velar → coronal → coronal → coronal,"coronal,front_open_vowel,low_visibility_velar","coronal→front_open_vowel,front_open_vowel→low_visibility_velar,low_visibility_velar→coronal,coronal→coronal,coronal→coronal","t:coronal,ɛ:front_open_vowel,k:low_visibility_velar,s:coronal,t:coronal,s:coronal","t:coronal→ɛ:front_open_vowel,ɛ:front_open_vowel→k:low_visibility_velar,k:low_visibility_velar→s:coronal,s:coronal→t:coronal,t:coronal→s:coronal",EQUAL_WEIGHT_HEURISTIC,0.093023256,0.0625,0.333333333,0,0.033333333,0,0.021008403,0.15,0.036697248,0.021008403,0.077599761,0.093348624,0.075090398,0.149230309,0.179516584,0.144404611
E063,word,blue,General American English,1,1,has_primary_stress;initial_primary_stress,0.52,0.52,0.07,MODELED_PROXY_NOT_RECORDED,0.20 + 0.28*syllables + 0.04*cluster_types + 0.06*phrase; SD=0.04+0.02*sqrt(syllables)+0.01*phrase+0.005*cluster_types,/bluː/,[bluː],b-l-uː,"b,l,uː","b,l",uː,,,"b→l,l→uː",bl,,,PENDING_EXPERT_REVIEW,General American target; native-speaker/phonetic validation required before benchmark release.,bilabial_closure → coronal → rounded_vowel,"bilabial_closure,coronal,rounded_vowel","bilabial_closure→coronal,coronal→rounded_vowel","b:bilabial_closure,l:coronal,uː:rounded_vowel","b:bilabial_closure→l:coronal,l:coronal→uː:rounded_vowel",EQUAL_WEIGHT_HEURISTIC,0.069767442,0,0.333333333,0,0.033333333,0,0.008403361,0.15,0.018348624,0.008403361,0.06354821,0.084174312,0.062158946,0.122208096,0.161873677,0.119536434
E064,word,green,General American English,1,1,has_primary_stress;initial_primary_stress,0.52,0.52,0.07,MODELED_PROXY_NOT_RECORDED,0.20 + 0.28*syllables + 0.04*cluster_types + 0.06*phrase; SD=0.04+0.02*sqrt(syllables)+0.01*phrase+0.005*cluster_types,/ɡɹiːn/,[ɡɹiːn],ɡ-ɹ-iː-n,"iː,n,ɡ,ɹ","ɡ,ɹ,n",iː,n,,"ɡ→ɹ,ɹ→iː,iː→n",ɡɹ,,,PENDING_EXPERT_REVIEW,General American target; native-speaker/phonetic validation required before benchmark release.,low_visibility_velar → rhotic → spread_vowel → coronal,"low_visibility_velar,rhotic,spread_vowel,coronal","low_visibility_velar→rhotic,rhotic→spread_vowel,spread_vowel→coronal","ɡ:low_visibility_velar,ɹ:rhotic,iː:spread_vowel,n:coronal","ɡ:low_visibility_velar→ɹ:rhotic,ɹ:rhotic→iː:spread_vowel,iː:spread_vowel→n:coronal",EQUAL_WEIGHT_HEURISTIC,0.093023256,0.0625,0.333333333,0,0.033333333,0,0.012605042,0.2,0.027522936,0.012605042,0.076399281,0.113761468,0.077492294,0.146921694,0.218772054,0.149023643
E065,word,brown,General American English,1,1,has_primary_stress;initial_primary_stress,0.52,0.52,0.07,MODELED_PROXY_NOT_RECORDED,0.20 + 0.28*syllables + 0.04*cluster_types + 0.06*phrase; SD=0.04+0.02*sqrt(syllables)+0.01*phrase+0.005*cluster_types,/bɹaʊn/,[bɹaʊn],b-ɹ-aʊ-n,"aʊ,b,n,ɹ","b,ɹ,n",aʊ,n,,"b→ɹ,ɹ→aʊ,aʊ→n",bɹ,,,PENDING_EXPERT_REVIEW,General American target; native-speaker/phonetic validation required before benchmark release.,bilabial_closure → rhotic → open_to_rounded → coronal,"bilabial_closure,rhotic,open_to_rounded,coronal","bilabial_closure→rhotic,rhotic→open_to_rounded,open_to_rounded→coronal","b:bilabial_closure,ɹ:rhotic,aʊ:open_to_rounded,n:coronal","b:bilabial_closure→ɹ:rhotic,ɹ:rhotic→aʊ:open_to_rounded,aʊ:open_to_rounded→n:coronal",EQUAL_WEIGHT_HEURISTIC,0.093023256,0.0625,0.333333333,0,0.033333333,0,0.012605042,0.2,0.027522936,0.012605042,0.076399281,0.113761468,0.077492294,0.146921694,0.218772054,0.149023643
E066,word,quick,General American English,1,1,has_primary_stress;initial_primary_stress,0.52,0.52,0.07,MODELED_PROXY_NOT_RECORDED,0.20 + 0.28*syllables + 0.04*cluster_types + 0.06*phrase; SD=0.04+0.02*sqrt(syllables)+0.01*phrase+0.005*cluster_types,/kwɪk/,[kwɪk],k-w-ɪ-k,"k,w,ɪ","k,w",ɪ,k,,"k→w,w→ɪ,ɪ→k",kw,,,PENDING_EXPERT_REVIEW,General American target; native-speaker/phonetic validation required before benchmark release.,low_visibility_velar → rounded_glide → spread_vowel → low_visibility_velar,"low_visibility_velar,rounded_glide,spread_vowel","low_visibility_velar→rounded_glide,rounded_glide→spread_vowel,spread_vowel→low_visibility_velar","k:low_visibility_velar,w:rounded_glide,ɪ:spread_vowel,k:low_visibility_velar","k:low_visibility_velar→w:rounded_glide,w:rounded_glide→ɪ:spread_vowel,ɪ:spread_vowel→k:low_visibility_velar",EQUAL_WEIGHT_HEURISTIC,0.069767442,0.0625,0.333333333,0,0.033333333,0,0.012605042,0.15,0.027522936,0.012605042,0.073077022,0.088761468,0.070166713,0.140532734,0.170695131,0.134935986
E067,word,quiet,General American English,2,10,has_primary_stress;has_unstressed_syllable;initial_primary_stress;stress_alternation,0.8,0.8,0.07,MODELED_PROXY_NOT_RECORDED,0.20 + 0.28*syllables + 0.04*cluster_types + 0.06*phrase; SD=0.04+0.02*sqrt(syllables)+0.01*phrase+0.005*cluster_types,/kwaɪət/,[kwaɪət],k-w-aɪ-ə-t,"aɪ,k,t,w,ə","k,w,t","aɪ,ə",t,,"k→w,w→aɪ,aɪ→ə,ə→t",kw,vowel_reduction,ə,PENDING_EXPERT_REVIEW,General American target; native-speaker/phonetic validation required before benchmark release.,low_visibility_velar → rounded_glide → open_to_spread → neutral_vowel → coronal,"low_visibility_velar,rounded_glide,open_to_spread,neutral_vowel,coronal","low_visibility_velar→rounded_glide,rounded_glide→open_to_spread,open_to_spread→neutral_vowel,neutral_vowel→coronal","k:low_visibility_velar,w:rounded_glide,aɪ:open_to_spread,ə:neutral_vowel,t:coronal","k:low_visibility_velar→w:rounded_glide,w:rounded_glide→aɪ:open_to_spread,aɪ:open_to_spread→ə:neutral_vowel,ə:neutral_vowel→t:coronal",EQUAL_WEIGHT_HEURISTIC,0.11627907,0.0625,0.666666667,0.1,0.033333333,0.111111111,0.016806723,0.25,0.036697248,0.016806723,0.158099558,0.143348624,0.141020087,0.197624447,0.17918578,0.176275109
E068,word,around,General American English,2,01,has_primary_stress;has_unstressed_syllable;noninitial_primary_stress;stress_alternation,0.8,0.8,0.07,MODELED_PROXY_NOT_RECORDED,0.20 + 0.28*syllables + 0.04*cluster_types + 0.06*phrase; SD=0.04+0.02*sqrt(syllables)+0.01*phrase+0.005*cluster_types,/əɹaʊnd/,[əɹaʊnd],ə-ɹ-aʊ-n-d,"aʊ,d,n,ə,ɹ","ɹ,n,d","ə,aʊ",d,,"ə→ɹ,ɹ→aʊ,aʊ→n,n→d",nd,vowel_reduction,ə,PENDING_EXPERT_REVIEW,General American target; native-speaker/phonetic validation required before benchmark release.,neutral_vowel → rhotic → open_to_rounded → coronal → coronal,"neutral_vowel,rhotic,open_to_rounded,coronal","neutral_vowel→rhotic,rhotic→open_to_rounded,open_to_rounded→coronal,coronal→coronal","ə:neutral_vowel,ɹ:rhotic,aʊ:open_to_rounded,n:coronal,d:coronal","ə:neutral_vowel→ɹ:rhotic,ɹ:rhotic→aʊ:open_to_rounded,aʊ:open_to_rounded→n:coronal,n:coronal→d:coronal",EQUAL_WEIGHT_HEURISTIC,0.11627907,0.0625,0.666666667,0.1,0.033333333,0.111111111,0.016806723,0.2,0.036697248,0.016806723,0.158099558,0.118348624,0.136020087,0.197624447,0.14793578,0.170025109
E069,word,away,General American English,2,01,has_primary_stress;has_unstressed_syllable;noninitial_primary_stress;stress_alternation,0.76,0.76,0.07,MODELED_PROXY_NOT_RECORDED,0.20 + 0.28*syllables + 0.04*cluster_types + 0.06*phrase; SD=0.04+0.02*sqrt(syllables)+0.01*phrase+0.005*cluster_types,/əweɪ/,[əweɪ],ə-w-eɪ,"eɪ,w,ə",w,"ə,eɪ",,,"ə→w,w→eɪ",,vowel_reduction,ə,PENDING_EXPERT_REVIEW,General American target; native-speaker/phonetic validation required before benchmark release.,neutral_vowel → rounded_glide → spread_vowel,"neutral_vowel,rounded_glide,spread_vowel","neutral_vowel→rounded_glide,rounded_glide→spread_vowel","ə:neutral_vowel,w:rounded_glide,eɪ:spread_vowel","ə:neutral_vowel→w:rounded_glide,w:rounded_glide→eɪ:spread_vowel",EQUAL_WEIGHT_HEURISTIC,0.069767442,0,0.666666667,0.1,0,0.111111111,0.008403361,0.15,0.018348624,0.008403361,0.136564083,0.084174312,0.113270057,0.179689583,0.110755674,0.149039548
E070,word,about,General American English,2,01,has_primary_stress;has_unstressed_syllable;noninitial_primary_stress;stress_alternation,0.76,0.76,0.07,MODELED_PROXY_NOT_RECORDED,0.20 + 0.28*syllables + 0.04*cluster_types + 0.06*phrase; SD=0.04+0.02*sqrt(syllables)+0.01*phrase+0.005*cluster_types,/əbaʊt/,[əbaʊt],ə-b-aʊ-t,"aʊ,b,t,ə","b,t","ə,aʊ",t,,"ə→b,b→aʊ,aʊ→t",,vowel_reduction,ə,PENDING_EXPERT_REVIEW,General American target; native-speaker/phonetic validation required before benchmark release.,neutral_vowel → bilabial_closure → open_to_rounded → coronal,"neutral_vowel,bilabial_closure,open_to_rounded,coronal","neutral_vowel→bilabial_closure,bilabial_closure→open_to_rounded,open_to_rounded→coronal","ə:neutral_vowel,b:bilabial_closure,aʊ:open_to_rounded,t:coronal","ə:neutral_vowel→b:bilabial_closure,b:bilabial_closure→aʊ:open_to_rounded,aʊ:open_to_rounded→t:coronal",EQUAL_WEIGHT_HEURISTIC,0.093023256,0.0625,0.666666667,0.1,0,0.111111111,0.012605042,0.2,0.027522936,0.012605042,0.149415154,0.113761468,0.128603405,0.196598886,0.149686142,0.169215007
E071,word,today,General American English,2,01,has_primary_stress;has_unstressed_syllable;noninitial_primary_stress;stress_alternation,0.76,0.76,0.07,MODELED_PROXY_NOT_RECORDED,0.20 + 0.28*syllables + 0.04*cluster_types + 0.06*phrase; SD=0.04+0.02*sqrt(syllables)+0.01*phrase+0.005*cluster_types,/tədeɪ/,[tədeɪ],t-ə-d-eɪ,"d,eɪ,t,ə","t,d","ə,eɪ",,,"t→ə,ə→d,d→eɪ",,vowel_reduction,ə,PENDING_EXPERT_REVIEW,General American target; native-speaker/phonetic validation required before benchmark release.,coronal → neutral_vowel → coronal → spread_vowel,"coronal,neutral_vowel,spread_vowel","coronal→neutral_vowel,neutral_vowel→coronal,coronal→spread_vowel","t:coronal,ə:neutral_vowel,d:coronal,eɪ:spread_vowel","t:coronal→ə:neutral_vowel,ə:neutral_vowel→d:coronal,d:coronal→eɪ:spread_vowel",EQUAL_WEIGHT_HEURISTIC,0.093023256,0,0.666666667,0.1,0,0.111111111,0.012605042,0.15,0.027522936,0.012605042,0.140486582,0.088761468,0.117353405,0.184850766,0.116791405,0.154412375
E072,word,again,General American English,2,01,has_primary_stress;has_unstressed_syllable;noninitial_primary_stress;stress_alternation,0.76,0.76,0.07,MODELED_PROXY_NOT_RECORDED,0.20 + 0.28*syllables + 0.04*cluster_types + 0.06*phrase; SD=0.04+0.02*sqrt(syllables)+0.01*phrase+0.005*cluster_types,/əɡɛn/,[əɡɛn],ə-ɡ-ɛ-n,"n,ə,ɛ,ɡ","ɡ,n","ə,ɛ",n,,"ə→ɡ,ɡ→ɛ,ɛ→n",,vowel_reduction,ə,PENDING_EXPERT_REVIEW,General American target; native-speaker/phonetic validation required before benchmark release.,neutral_vowel → low_visibility_velar → front_open_vowel → coronal,"neutral_vowel,low_visibility_velar,front_open_vowel,coronal","neutral_vowel→low_visibility_velar,low_visibility_velar→front_open_vowel,front_open_vowel→coronal","ə:neutral_vowel,ɡ:low_visibility_velar,ɛ:front_open_vowel,n:coronal","ə:neutral_vowel→ɡ:low_visibility_velar,ɡ:low_visibility_velar→ɛ:front_open_vowel,ɛ:front_open_vowel→n:coronal",EQUAL_WEIGHT_HEURISTIC,0.093023256,0.0625,0.666666667,0.1,0,0.111111111,0.012605042,0.2,0.027522936,0.012605042,0.149415154,0.113761468,0.128603405,0.196598886,0.149686142,0.169215007
E073,word,machine,General American English,2,01,has_primary_stress;has_unstressed_syllable;noninitial_primary_stress;stress_alternation,0.76,0.76,0.07,MODELED_PROXY_NOT_RECORDED,0.20 + 0.28*syllables + 0.04*cluster_types + 0.06*phrase; SD=0.04+0.02*sqrt(syllables)+0.01*phrase+0.005*cluster_types,/məʃiːn/,[məʃiːn],m-ə-ʃ-iː-n,"iː,m,n,ə,ʃ","m,ʃ,n","ə,iː",n,,"m→ə,ə→ʃ,ʃ→iː,iː→n",,vowel_reduction,ə,PENDING_EXPERT_REVIEW,General American target; native-speaker/phonetic validation required before benchmark release.,bilabial_closure → neutral_vowel → postalveolar → spread_vowel → coronal,"bilabial_closure,neutral_vowel,postalveolar,spread_vowel,coronal","bilabial_closure→neutral_vowel,neutral_vowel→postalveolar,postalveolar→spread_vowel,spread_vowel→coronal","m:bilabial_closure,ə:neutral_vowel,ʃ:postalveolar,iː:spread_vowel,n:coronal","m:bilabial_closure→ə:neutral_vowel,ə:neutral_vowel→ʃ:postalveolar,ʃ:postalveolar→iː:spread_vowel,iː:spread_vowel→n:coronal",EQUAL_WEIGHT_HEURISTIC,0.11627907,0.0625,0.666666667,0.1,0,0.111111111,0.016806723,0.25,0.036697248,0.016806723,0.153337653,0.143348624,0.137686754,0.20176007,0.18861661,0.181166782
E074,word,photograph,General American English,3,100,has_primary_stress;has_unstressed_syllable;initial_primary_stress;stress_alternation,1.08,1.08,0.08,MODELED_PROXY_NOT_RECORDED,0.20 + 0.28*syllables + 0.04*cluster_types + 0.06*phrase; SD=0.04+0.02*sqrt(syllables)+0.01*phrase+0.005*cluster_types,/foʊtəɡɹæf/,[foʊɾəɡɹæf],f-oʊ-t-ə-ɡ-ɹ-æ-f,"f,oʊ,t,æ,ə,ɡ,ɹ","f,t,ɡ,ɹ","oʊ,ə,æ",f,,"f→oʊ,oʊ→t,t→ə,ə→ɡ,ɡ→ɹ,ɹ→æ,æ→f",ɡɹ,flapping;vowel_reduction,ə,PENDING_EXPERT_REVIEW,General American target; native-speaker/phonetic validation required before benchmark release.,labiodental → rounded_vowel → coronal → neutral_vowel → low_visibility_velar → rhotic → open_vowel → labiodental,"labiodental,rounded_vowel,coronal,neutral_vowel,low_visibility_velar,rhotic,open_vowel","labiodental→rounded_vowel,rounded_vowel→coronal,coronal→neutral_vowel,neutral_vowel→low_visibility_velar,low_visibility_velar→rhotic,rhotic→open_vowel,open_vowel→labiodental","f:labiodental,oʊ:rounded_vowel,t:coronal,ə:neutral_vowel,ɡ:low_visibility_velar,ɹ:rhotic,æ:open_vowel,f:labiodental","f:labiodental→oʊ:rounded_vowel,oʊ:rounded_vowel→t:coronal,t:coronal→ə:neutral_vowel,ə:neutral_vowel→ɡ:low_visibility_velar,ɡ:low_visibility_velar→ɹ:rhotic,ɹ:rhotic→æ:open_vowel,æ:open_vowel→f:labiodental",EQUAL_WEIGHT_HEURISTIC,0.162790698,0.0625,0.666666667,0.1,0.033333333,0.222222222,0.029411765,0.35,0.064220183,0.029411765,0.182417812,0.207110092,0.172055663,0.168905382,0.191768603,0.159310799
E075,word,photography,General American English,4,0100,has_primary_stress;has_unstressed_syllable;noninitial_primary_stress;stress_alternation,1.36,1.36,0.09,MODELED_PROXY_NOT_RECORDED,0.20 + 0.28*syllables + 0.04*cluster_types + 0.06*phrase; SD=0.04+0.02*sqrt(syllables)+0.01*phrase+0.005*cluster_types,/fətɔɡɹəfi/,[fətɔɡɹəfi],f-ə-t-ɔ-ɡ-ɹ-ə-f-i,"f,i,t,ɔ,ə,ɡ,ɹ","f,t,ɡ,ɹ","ə,ɔ,i",,,"f→ə,ə→t,t→ɔ,ɔ→ɡ,ɡ→ɹ,ɹ→ə,ə→f,f→i",ɡɹ,vowel_reduction,ə,PENDING_EXPERT_REVIEW,General American target; native-speaker/phonetic validation required before benchmark release.,labiodental → neutral_vowel → coronal → rounded_open_vowel → low_visibility_velar → rhotic → neutral_vowel → labiodental → spread_vowel,"labiodental,neutral_vowel,coronal,rounded_open_vowel,low_visibility_velar,rhotic,spread_vowel","labiodental→neutral_vowel,neutral_vowel→coronal,coronal→rounded_open_vowel,rounded_open_vowel→low_visibility_velar,low_visibility_velar→rhotic,rhotic→neutral_vowel,neutral_vowel→labiodental,labiodental→spread_vowel","f:labiodental,ə:neutral_vowel,t:coronal,ɔ:rounded_open_vowel,ɡ:low_visibility_velar,ɹ:rhotic,ə:neutral_vowel,f:labiodental,i:spread_vowel","f:labiodental→ə:neutral_vowel,ə:neutral_vowel→t:coronal,t:coronal→ɔ:rounded_open_vowel,ɔ:rounded_open_vowel→ɡ:low_visibility_velar,ɡ:low_visibility_velar→ɹ:rhotic,ɹ:rhotic→ə:neutral_vowel,ə:neutral_vowel→f:labiodental,f:labiodental→i:spread_vowel",EQUAL_WEIGHT_HEURISTIC,0.162790698,0,0.666666667,0.1,0.033333333,0.111111111,0.033613445,0.35,0.073394495,0.033613445,0.158216465,0.211697248,0.156452319,0.116335636,0.155659741,0.11503847
E076,word,electricity,General American English,5,01000,has_primary_stress;has_unstressed_syllable;noninitial_primary_stress;stress_alternation,1.64,1.64,0.09,MODELED_PROXY_NOT_RECORDED,0.20 + 0.28*syllables + 0.04*cluster_types + 0.06*phrase; SD=0.04+0.02*sqrt(syllables)+0.01*phrase+0.005*cluster_types,/ɪlɛktɹɪsəti/,[ɪlɛktɹɪsəɾi],ɪ-l-ɛ-k-t-ɹ-ɪ-s-ə-t-i,"i,k,l,s,t,ə,ɛ,ɪ,ɹ","l,k,t,ɹ,s","ɪ,ɛ,ə,i",,,"ɪ→l,l→ɛ,ɛ→k,k→t,t→ɹ,ɹ→ɪ,ɪ→s,s→ə,ə→t,t→i",ktɹ,flapping;vowel_reduction,ə,PENDING_EXPERT_REVIEW,General American target; native-speaker/phonetic validation required before benchmark release.,spread_vowel → coronal → front_open_vowel → low_visibility_velar → coronal → rhotic → spread_vowel → coronal → neutral_vowel → coronal → spread_vowel,"spread_vowel,coronal,front_open_vowel,low_visibility_velar,rhotic,neutral_vowel","spread_vowel→coronal,coronal→front_open_vowel,front_open_vowel→low_visibility_velar,low_visibility_velar→coronal,coronal→rhotic,rhotic→spread_vowel,spread_vowel→coronal,coronal→neutral_vowel,neutral_vowel→coronal,coronal→spread_vowel","ɪ:spread_vowel,l:coronal,ɛ:front_open_vowel,k:low_visibility_velar,t:coronal,ɹ:rhotic,ɪ:spread_vowel,s:coronal,ə:neutral_vowel,t:coronal,i:spread_vowel","ɪ:spread_vowel→l:coronal,l:coronal→ɛ:front_open_vowel,ɛ:front_open_vowel→k:low_visibility_velar,k:low_visibility_velar→t:coronal,t:coronal→ɹ:rhotic,ɹ:rhotic→ɪ:spread_vowel,ɪ:spread_vowel→s:coronal,s:coronal→ə:neutral_vowel,ə:neutral_vowel→t:coronal,t:coronal→i:spread_vowel",EQUAL_WEIGHT_HEURISTIC,0.209302326,0,0.666666667,0.1,0.033333333,0.222222222,0.042016807,0.3,0.082568807,0.042016807,0.181934479,0.191284404,0.169812697,0.110935658,0.116636832,0.103544327
E077,phrase,pick it up,General American English,3,111,has_primary_stress;initial_primary_stress;multiple_lexical_stresses,1.1,1.1,0.08,MODELED_PROXY_NOT_RECORDED,0.20 + 0.28*syllables + 0.04*cluster_types + 0.06*phrase; SD=0.04+0.02*sqrt(syllables)+0.01*phrase+0.005*cluster_types,/pɪk ɪt ʌp/,[pɪk ɪt ʌp],p-ɪ-k | ɪ-t | ʌ-p,"k,p,t,ɪ,ʌ","p,k,t","ɪ,ʌ","k,t,p","k→ɪ,t→ʌ","p→ɪ,ɪ→k,ɪ→t,ʌ→p",,linking,,PENDING_EXPERT_REVIEW,General American target; native-speaker/phonetic validation required before benchmark release.,bilabial_closure → spread_vowel → low_visibility_velar → spread_vowel → coronal → central_open_vowel → bilabial_closure,"bilabial_closure,spread_vowel,low_visibility_velar,coronal,central_open_vowel","bilabial_closure→spread_vowel,spread_vowel→low_visibility_velar,low_visibility_velar→spread_vowel,spread_vowel→coronal,coronal→central_open_vowel,central_open_vowel→bilabial_closure","p:bilabial_closure,ɪ:spread_vowel,k:low_visibility_velar,ɪ:spread_vowel,t:coronal,ʌ:central_open_vowel,p:bilabial_closure","p:bilabial_closure→ɪ:spread_vowel,ɪ:spread_vowel→k:low_visibility_velar,k:low_visibility_velar→ɪ:spread_vowel,ɪ:spread_vowel→t:coronal,t:coronal→ʌ:central_open_vowel,ʌ:central_open_vowel→p:bilabial_closure",EQUAL_WEIGHT_HEURISTIC,0.11627907,0.1875,0.5,0,0,0.111111111,0.025210084,0.25,0.055045872,0.025210084,0.134300038,0.152522936,0.127035622,0.122090943,0.138657214,0.115486929
E078,phrase,turn it on,General American English,3,111,has_primary_stress;initial_primary_stress;multiple_lexical_stresses,1.1,1.1,0.08,MODELED_PROXY_NOT_RECORDED,0.20 + 0.28*syllables + 0.04*cluster_types + 0.06*phrase; SD=0.04+0.02*sqrt(syllables)+0.01*phrase+0.005*cluster_types,/tɝn ɪt ɑn/,[tɝn ɪɾ ɑn],t-ɝ-n | ɪ-t | ɑ-n,"n,t,ɑ,ɝ,ɪ","t,n","ɝ,ɪ,ɑ","n,t","n→ɪ,t→ɑ","t→ɝ,ɝ→n,ɪ→t,ɑ→n",,linking;flapping;r_coloring,ɝ,PENDING_EXPERT_REVIEW,General American target; native-speaker/phonetic validation required before benchmark release.,coronal → rhotic_vowel → coronal → spread_vowel → coronal → open_vowel → coronal,"coronal,rhotic_vowel,spread_vowel,open_vowel","coronal→rhotic_vowel,rhotic_vowel→coronal,coronal→spread_vowel,spread_vowel→coronal,coronal→open_vowel,open_vowel→coronal","t:coronal,ɝ:rhotic_vowel,n:coronal,ɪ:spread_vowel,t:coronal,ɑ:open_vowel,n:coronal","t:coronal→ɝ:rhotic_vowel,ɝ:rhotic_vowel→n:coronal,n:coronal→ɪ:spread_vowel,ɪ:spread_vowel→t:coronal,t:coronal→ɑ:open_vowel,ɑ:open_vowel→n:coronal",EQUAL_WEIGHT_HEURISTIC,0.11627907,0.125,0.5,0.1,0,0.333333333,0.025210084,0.2,0.055045872,0.025210084,0.171403212,0.127522936,0.148007844,0.155821102,0.115929942,0.134552586
E079,phrase,take a seat,General American English,3,101,has_primary_stress;has_unstressed_syllable;initial_primary_stress;multiple_lexical_stresses;stress_alternation,1.1,1.1,0.08,MODELED_PROXY_NOT_RECORDED,0.20 + 0.28*syllables + 0.04*cluster_types + 0.06*phrase; SD=0.04+0.02*sqrt(syllables)+0.01*phrase+0.005*cluster_types,/teɪk ə siːt/,[teɪk ə siːt],t-eɪ-k | ə | s-iː-t,"eɪ,iː,k,s,t,ə","t,k,s","eɪ,ə,iː","k,t","k→ə,ə→s","t→eɪ,eɪ→k,s→iː,iː→t",,linking;weak_form_reduction,weak_a;ə,PENDING_EXPERT_REVIEW,General American target; native-speaker/phonetic validation required before benchmark release.,coronal → spread_vowel → low_visibility_velar → neutral_vowel → coronal → spread_vowel → coronal,"coronal,spread_vowel,low_visibility_velar,neutral_vowel","coronal→spread_vowel,spread_vowel→low_visibility_velar,low_visibility_velar→neutral_vowel,neutral_vowel→coronal,coronal→spread_vowel,spread_vowel→coronal","t:coronal,eɪ:spread_vowel,k:low_visibility_velar,ə:neutral_vowel,s:coronal,iː:spread_vowel,t:coronal","t:coronal→eɪ:spread_vowel,eɪ:spread_vowel→k:low_visibility_velar,k:low_visibility_velar→ə:neutral_vowel,ə:neutral_vowel→s:coronal,s:coronal→iː:spread_vowel,iː:spread_vowel→t:coronal",EQUAL_WEIGHT_HEURISTIC,0.139534884,0.125,0.833333333,0.2,0,0.222222222,0.025210084,0.2,0.04587156,0.025210084,0.220757218,0.12293578,0.181638217,0.20068838,0.1117598,0.165125652
E080,phrase,read it aloud,General American English,4,1101,has_primary_stress;has_unstressed_syllable;initial_primary_stress;multiple_lexical_stresses;stress_alternation,1.38,1.66,0.09,MODELED_PROXY_NOT_RECORDED,0.20 + 0.28*syllables + 0.04*cluster_types + 0.06*phrase; SD=0.04+0.02*sqrt(syllables)+0.01*phrase+0.005*cluster_types,/ɹiːd ɪt əlaʊd/,[ɹiːd ɪɾ əlaʊd],ɹ-iː-d | ɪ-t | ə-l-aʊ-d,"aʊ,d,iː,l,t,ə,ɪ,ɹ","ɹ,d,t,l","iː,ɪ,ə,aʊ","d,t","d→ɪ,t→ə","ɹ→iː,iː→d,ɪ→t,ə→l,l→aʊ,aʊ→d",,linking;flapping;vowel_reduction,ə,PENDING_EXPERT_REVIEW,General American target; native-speaker/phonetic validation required before benchmark release.,rhotic → spread_vowel → coronal → spread_vowel → coronal → neutral_vowel → coronal → open_to_rounded → coronal,"rhotic,spread_vowel,coronal,neutral_vowel,open_to_rounded","rhotic→spread_vowel,spread_vowel→coronal,coronal→spread_vowel,spread_vowel→coronal,coronal→neutral_vowel,neutral_vowel→coronal,coronal→open_to_rounded,open_to_rounded→coronal","ɹ:rhotic,iː:spread_vowel,d:coronal,ɪ:spread_vowel,t:coronal,ə:neutral_vowel,l:coronal,aʊ:open_to_rounded,d:coronal","ɹ:rhotic→iː:spread_vowel,iː:spread_vowel→d:coronal,d:coronal→ɪ:spread_vowel,ɪ:spread_vowel→t:coronal,t:coronal→ə:neutral_vowel,ə:neutral_vowel→l:coronal,l:coronal→aʊ:open_to_rounded,aʊ:open_to_rounded→d:coronal",EQUAL_WEIGHT_HEURISTIC,0.186046512,0.125,0.833333333,0.1,0,0.333333333,0.033613445,0.25,0.064220183,0.033613445,0.230189518,0.157110092,0.195916025,0.166803998,0.113847893,0.141968134
E081,phrase,put it away,General American English,4,1101,has_primary_stress;has_unstressed_syllable;initial_primary_stress;multiple_lexical_stresses;stress_alternation,1.38,1.66,0.09,MODELED_PROXY_NOT_RECORDED,0.20 + 0.28*syllables + 0.04*cluster_types + 0.06*phrase; SD=0.04+0.02*sqrt(syllables)+0.01*phrase+0.005*cluster_types,/pʊt ɪt əweɪ/,[pʊɾ ɪɾ əweɪ],p-ʊ-t | ɪ-t | ə-w-eɪ,"eɪ,p,t,w,ə,ɪ,ʊ","p,t,w","ʊ,ɪ,ə,eɪ",t,"t→ɪ,t→ə","p→ʊ,ʊ→t,ɪ→t,ə→w,w→eɪ",,linking;flapping;vowel_reduction,ə,PENDING_EXPERT_REVIEW,General American target; native-speaker/phonetic validation required before benchmark release.,bilabial_closure → rounded_vowel → coronal → spread_vowel → coronal → neutral_vowel → rounded_glide → spread_vowel,"bilabial_closure,rounded_vowel,coronal,spread_vowel,neutral_vowel,rounded_glide","bilabial_closure→rounded_vowel,rounded_vowel→coronal,coronal→spread_vowel,spread_vowel→coronal,coronal→neutral_vowel,neutral_vowel→rounded_glide,rounded_glide→spread_vowel","p:bilabial_closure,ʊ:rounded_vowel,t:coronal,ɪ:spread_vowel,t:coronal,ə:neutral_vowel,w:rounded_glide,eɪ:spread_vowel","p:bilabial_closure→ʊ:rounded_vowel,ʊ:rounded_vowel→t:coronal,t:coronal→ɪ:spread_vowel,ɪ:spread_vowel→t:coronal,t:coronal→ə:neutral_vowel,ə:neutral_vowel→w:rounded_glide,w:rounded_glide→eɪ:spread_vowel",EQUAL_WEIGHT_HEURISTIC,0.162790698,0.0625,0.833333333,0.1,0,0.333333333,0.029411765,0.3,0.064220183,0.029411765,0.217338447,0.182110092,0.191500108,0.157491628,0.131963835,0.138768194
E082,phrase,get a ticket,General American English,4,1010,has_primary_stress;has_unstressed_syllable;initial_primary_stress;multiple_lexical_stresses;stress_alternation,1.38,1.66,0.09,MODELED_PROXY_NOT_RECORDED,0.20 + 0.28*syllables + 0.04*cluster_types + 0.06*phrase; SD=0.04+0.02*sqrt(syllables)+0.01*phrase+0.005*cluster_types,/ɡɛt ə tɪkɪt/,[ɡɛɾ ə tɪkɪt],ɡ-ɛ-t | ə | t-ɪ-k-ɪ-t,"k,t,ə,ɛ,ɡ,ɪ","ɡ,t,k","ɛ,ə,ɪ",t,"t→ə,ə→t","ɡ→ɛ,ɛ→t,t→ɪ,ɪ→k,k→ɪ,ɪ→t",,flapping;weak_form_reduction,weak_a;ə,PENDING_EXPERT_REVIEW,General American target; native-speaker/phonetic validation required before benchmark release.,low_visibility_velar → front_open_vowel → coronal → neutral_vowel → coronal → spread_vowel → low_visibility_velar → spread_vowel → coronal,"low_visibility_velar,front_open_vowel,coronal,neutral_vowel,spread_vowel","low_visibility_velar→front_open_vowel,front_open_vowel→coronal,coronal→neutral_vowel,neutral_vowel→coronal,coronal→spread_vowel,spread_vowel→low_visibility_velar,low_visibility_velar→spread_vowel,spread_vowel→coronal","ɡ:low_visibility_velar,ɛ:front_open_vowel,t:coronal,ə:neutral_vowel,t:coronal,ɪ:spread_vowel,k:low_visibility_velar,ɪ:spread_vowel,t:coronal","ɡ:low_visibility_velar→ɛ:front_open_vowel,ɛ:front_open_vowel→t:coronal,t:coronal→ə:neutral_vowel,ə:neutral_vowel→t:coronal,t:coronal→ɪ:spread_vowel,ɪ:spread_vowel→k:low_visibility_velar,k:low_visibility_velar→ɪ:spread_vowel,ɪ:spread_vowel→t:coronal",EQUAL_WEIGHT_HEURISTIC,0.139534884,0.0625,0.833333333,0.2,0,0.222222222,0.033613445,0.25,0.073394495,0.033613445,0.213029126,0.161697248,0.184821183,0.154368932,0.117171919,0.133928393
E083,phrase,a cup of tea,General American English,4,0101,has_primary_stress;has_unstressed_syllable;noninitial_primary_stress;multiple_lexical_stresses;stress_alternation,1.38,1.66,0.09,MODELED_PROXY_NOT_RECORDED,0.20 + 0.28*syllables + 0.04*cluster_types + 0.06*phrase; SD=0.04+0.02*sqrt(syllables)+0.01*phrase+0.005*cluster_types,/ə kʌp əv tiː/,[ə kʌp əv tiː],ə | k-ʌ-p | ə-v | t-iː,"iː,k,p,t,v,ə,ʌ","k,p,v,t","ə,ʌ,iː","p,v","ə→k,p→ə,v→t","k→ʌ,ʌ→p,ə→v,t→iː",,weak_form_reduction;linking,weak_a;weak_of;ə,PENDING_EXPERT_REVIEW,General American target; native-speaker/phonetic validation required before benchmark release.,neutral_vowel → low_visibility_velar → central_open_vowel → bilabial_closure → neutral_vowel → labiodental → coronal → spread_vowel,"neutral_vowel,low_visibility_velar,central_open_vowel,bilabial_closure,labiodental,coronal,spread_vowel","neutral_vowel→low_visibility_velar,low_visibility_velar→central_open_vowel,central_open_vowel→bilabial_closure,bilabial_closure→neutral_vowel,neutral_vowel→labiodental,labiodental→coronal,coronal→spread_vowel","ə:neutral_vowel,k:low_visibility_velar,ʌ:central_open_vowel,p:bilabial_closure,ə:neutral_vowel,v:labiodental,t:coronal,iː:spread_vowel","ə:neutral_vowel→k:low_visibility_velar,k:low_visibility_velar→ʌ:central_open_vowel,ʌ:central_open_vowel→p:bilabial_closure,p:bilabial_closure→ə:neutral_vowel,ə:neutral_vowel→v:labiodental,v:labiodental→t:coronal,t:coronal→iː:spread_vowel",EQUAL_WEIGHT_HEURISTIC,0.162790698,0.125,0.833333333,0.3,0,0.222222222,0.029411765,0.35,0.064220183,0.029411765,0.238965431,0.207110092,0.211638997,0.173163356,0.150079777,0.153361592
E084,phrase,a glass of water,General American English,5,01010,has_primary_stress;has_unstressed_syllable;noninitial_primary_stress;multiple_lexical_stresses;stress_alternation,1.7,1.98,0.1,MODELED_PROXY_NOT_RECORDED,0.20 + 0.28*syllables + 0.04*cluster_types + 0.06*phrase; SD=0.04+0.02*sqrt(syllables)+0.01*phrase+0.005*cluster_types,/ə ɡlæs əv wɔtɚ/,[ə ɡlæs əv wɔɾɚ],ə | ɡ-l-æ-s | ə-v | w-ɔ-t-ɚ,"l,s,t,v,w,æ,ɔ,ə,ɚ,ɡ","ɡ,l,s,v,w,t","ə,æ,ɔ,ɚ","s,v","ə→ɡ,s→ə,v→w","ɡ→l,l→æ,æ→s,ə→v,w→ɔ,ɔ→t,t→ɚ",ɡl,weak_form_reduction;flapping;r_coloring,weak_a;weak_of;ə;ɚ,PENDING_EXPERT_REVIEW,General American target; native-speaker/phonetic validation required before benchmark release.,neutral_vowel → low_visibility_velar → coronal → open_vowel → coronal → neutral_vowel → labiodental → rounded_glide → rounded_open_vowel → coronal → rhotic_vowel,"neutral_vowel,low_visibility_velar,coronal,open_vowel,labiodental,rounded_glide,rounded_open_vowel,rhotic_vowel","neutral_vowel→low_visibility_velar,low_visibility_velar→coronal,coronal→open_vowel,open_vowel→coronal,coronal→neutral_vowel,neutral_vowel→labiodental,labiodental→rounded_glide,rounded_glide→rounded_open_vowel,rounded_open_vowel→coronal,coronal→rhotic_vowel","ə:neutral_vowel,ɡ:low_visibility_velar,l:coronal,æ:open_vowel,s:coronal,ə:neutral_vowel,v:labiodental,w:rounded_glide,ɔ:rounded_open_vowel,t:coronal,ɚ:rhotic_vowel","ə:neutral_vowel→ɡ:low_visibility_velar,ɡ:low_visibility_velar→l:coronal,l:coronal→æ:open_vowel,æ:open_vowel→s:coronal,s:coronal→ə:neutral_vowel,ə:neutral_vowel→v:labiodental,v:labiodental→w:rounded_glide,w:rounded_glide→ɔ:rounded_open_vowel,ɔ:rounded_open_vowel→t:coronal,t:coronal→ɚ:rhotic_vowel",EQUAL_WEIGHT_HEURISTIC,0.23255814,0.125,0.833333333,0.4,0.033333333,0.333333333,0.042016807,0.4,0.091743119,0.042016807,0.285653564,0.24587156,0.253333487,0.168031508,0.144630329,0.149019698
E085,phrase,an apple a day,General American English,5,01001,has_primary_stress;has_unstressed_syllable;noninitial_primary_stress;multiple_lexical_stresses;stress_alternation,1.66,1.94,0.09,MODELED_PROXY_NOT_RECORDED,0.20 + 0.28*syllables + 0.04*cluster_types + 0.06*phrase; SD=0.04+0.02*sqrt(syllables)+0.01*phrase+0.005*cluster_types,/ən æpəl ə deɪ/,[ən æpəl ə deɪ],ə-n | æ-p-ə-l | ə | d-eɪ,"d,eɪ,l,n,p,æ,ə","n,p,l,d","ə,æ,eɪ","n,l","n→æ,l→ə,ə→d","ə→n,æ→p,p→ə,ə→l,d→eɪ",,linking;weak_form_reduction;dark_l,weak_a;ə,PENDING_EXPERT_REVIEW,General American target; native-speaker/phonetic validation required before benchmark release.,neutral_vowel → coronal → open_vowel → bilabial_closure → neutral_vowel → coronal → neutral_vowel → coronal → spread_vowel,"neutral_vowel,coronal,open_vowel,bilabial_closure,spread_vowel","neutral_vowel→coronal,coronal→open_vowel,open_vowel→bilabial_closure,bilabial_closure→neutral_vowel,neutral_vowel→coronal,coronal→neutral_vowel,neutral_vowel→coronal,coronal→spread_vowel","ə:neutral_vowel,n:coronal,æ:open_vowel,p:bilabial_closure,ə:neutral_vowel,l:coronal,ə:neutral_vowel,d:coronal,eɪ:spread_vowel","ə:neutral_vowel→n:coronal,n:coronal→æ:open_vowel,æ:open_vowel→p:bilabial_closure,p:bilabial_closure→ə:neutral_vowel,ə:neutral_vowel→l:coronal,l:coronal→ə:neutral_vowel,ə:neutral_vowel→d:coronal,d:coronal→eɪ:spread_vowel",EQUAL_WEIGHT_HEURISTIC,0.162790698,0.125,0.833333333,0.2,0,0.333333333,0.033613445,0.25,0.055045872,0.033613445,0.241152973,0.152522936,0.202673013,0.145272875,0.091881287,0.122092176
E086,phrase,black coffee please,General American English,4,1101,has_primary_stress;has_unstressed_syllable;initial_primary_stress;multiple_lexical_stresses;stress_alternation,1.46,1.74,0.1,MODELED_PROXY_NOT_RECORDED,0.20 + 0.28*syllables + 0.04*cluster_types + 0.06*phrase; SD=0.04+0.02*sqrt(syllables)+0.01*phrase+0.005*cluster_types,/blæk kɔfi pliːz/,[blæk kɔfi pliːz],b-l-æ-k | k-ɔ-f-i | p-l-iː-z,"b,f,i,iː,k,l,p,z,æ,ɔ","b,l,k,f,p,z","æ,ɔ,i,iː","k,z","k→k,i→p","b→l,l→æ,æ→k,k→ɔ,ɔ→f,f→i,p→l,l→iː,iː→z",bl;pl,,,PENDING_EXPERT_REVIEW,General American target; native-speaker/phonetic validation required before benchmark release.,bilabial_closure → coronal → open_vowel → low_visibility_velar → low_visibility_velar → rounded_open_vowel → labiodental → spread_vowel → bilabial_closure → coronal → spread_vowel → coronal,"bilabial_closure,coronal,open_vowel,low_visibility_velar,rounded_open_vowel,labiodental,spread_vowel","bilabial_closure→coronal,coronal→open_vowel,open_vowel→low_visibility_velar,low_visibility_velar→low_visibility_velar,low_visibility_velar→rounded_open_vowel,rounded_open_vowel→labiodental,labiodental→spread_vowel,spread_vowel→bilabial_closure,bilabial_closure→coronal,coronal→spread_vowel,spread_vowel→coronal","b:bilabial_closure,l:coronal,æ:open_vowel,k:low_visibility_velar,k:low_visibility_velar,ɔ:rounded_open_vowel,f:labiodental,i:spread_vowel,p:bilabial_closure,l:coronal,iː:spread_vowel,z:coronal","b:bilabial_closure→l:coronal,l:coronal→æ:open_vowel,æ:open_vowel→k:low_visibility_velar,k:low_visibility_velar→k:low_visibility_velar,k:low_visibility_velar→ɔ:rounded_open_vowel,ɔ:rounded_open_vowel→f:labiodental,f:labiodental→i:spread_vowel,i:spread_vowel→p:bilabial_closure,p:bilabial_closure→l:coronal,l:coronal→iː:spread_vowel,iː:spread_vowel→z:coronal",EQUAL_WEIGHT_HEURISTIC,0.23255814,0.125,0.833333333,0,0.066666667,0,0.046218487,0.35,0.091743119,0.046218487,0.186253804,0.22087156,0.179173823,0.127571099,0.15128189,0.122721797
E087,phrase,fresh fruit salad,General American English,5,11110,has_primary_stress;has_unstressed_syllable;initial_primary_stress;multiple_lexical_stresses;stress_alternation,1.7,1.7,0.1,MODELED_PROXY_NOT_RECORDED,0.20 + 0.28*syllables + 0.04*cluster_types + 0.06*phrase; SD=0.04+0.02*sqrt(syllables)+0.01*phrase+0.005*cluster_types,/fɹɛʃ fɹuːt sæləd/,[fɹɛʃ fɹuːt sæləd],f-ɹ-ɛ-ʃ | f-ɹ-uː-t | s-æ-l-ə-d,"d,f,l,s,t,uː,æ,ə,ɛ,ɹ,ʃ","f,ɹ,ʃ,t,s,l,d","ɛ,uː,æ,ə","ʃ,t,d","ʃ→f,t→s","f→ɹ,ɹ→ɛ,ɛ→ʃ,f→ɹ,ɹ→uː,uː→t,s→æ,æ→l,l→ə,ə→d",fɹ,vowel_reduction;dark_l,ə,PENDING_EXPERT_REVIEW,General American target; native-speaker/phonetic validation required before benchmark release.,labiodental → rhotic → front_open_vowel → postalveolar → labiodental → rhotic → rounded_vowel → coronal → coronal → open_vowel → coronal → neutral_vowel → coronal,"labiodental,rhotic,front_open_vowel,postalveolar,rounded_vowel,coronal,open_vowel,neutral_vowel","labiodental→rhotic,rhotic→front_open_vowel,front_open_vowel→postalveolar,postalveolar→labiodental,labiodental→rhotic,rhotic→rounded_vowel,rounded_vowel→coronal,coronal→coronal,coronal→open_vowel,open_vowel→coronal,coronal→neutral_vowel,neutral_vowel→coronal","f:labiodental,ɹ:rhotic,ɛ:front_open_vowel,ʃ:postalveolar,f:labiodental,ɹ:rhotic,uː:rounded_vowel,t:coronal,s:coronal,æ:open_vowel,l:coronal,ə:neutral_vowel,d:coronal","f:labiodental→ɹ:rhotic,ɹ:rhotic→ɛ:front_open_vowel,ɛ:front_open_vowel→ʃ:postalveolar,ʃ:postalveolar→f:labiodental,f:labiodental→ɹ:rhotic,ɹ:rhotic→uː:rounded_vowel,uː:rounded_vowel→t:coronal,t:coronal→s:coronal,s:coronal→æ:open_vowel,æ:open_vowel→l:coronal,l:coronal→ə:neutral_vowel,ə:neutral_vowel→d:coronal",EQUAL_WEIGHT_HEURISTIC,0.255813953,0.1875,0.833333333,0.1,0.033333333,0.222222222,0.046218487,0.4,0.100917431,0.046218487,0.239774476,0.250458716,0.222555725,0.141043809,0.147328656,0.130915132
E088,phrase,good morning,General American English,3,110,has_primary_stress;has_unstressed_syllable;initial_primary_stress;multiple_lexical_stresses;stress_alternation,1.1,1.1,0.08,MODELED_PROXY_NOT_RECORDED,0.20 + 0.28*syllables + 0.04*cluster_types + 0.06*phrase; SD=0.04+0.02*sqrt(syllables)+0.01*phrase+0.005*cluster_types,/ɡʊd mɔɹnɪŋ/,[ɡʊd mɔɹnɪŋ],ɡ-ʊ-d | m-ɔɹ-n-ɪ-ŋ,"d,m,n,ŋ,ɔɹ,ɡ,ɪ,ʊ","ɡ,d,m,n,ŋ","ʊ,ɔɹ,ɪ","d,ŋ",d→m,"ɡ→ʊ,ʊ→d,m→ɔɹ,ɔɹ→n,n→ɪ,ɪ→ŋ",,r_coloring,ɔɹ,PENDING_EXPERT_REVIEW,General American target; native-speaker/phonetic validation required before benchmark release.,low_visibility_velar → rounded_vowel → coronal → bilabial_closure → rhotic_vowel → coronal → spread_vowel → low_visibility_velar,"low_visibility_velar,rounded_vowel,coronal,bilabial_closure,rhotic_vowel,spread_vowel","low_visibility_velar→rounded_vowel,rounded_vowel→coronal,coronal→bilabial_closure,bilabial_closure→rhotic_vowel,rhotic_vowel→coronal,coronal→spread_vowel,spread_vowel→low_visibility_velar","ɡ:low_visibility_velar,ʊ:rounded_vowel,d:coronal,m:bilabial_closure,ɔɹ:rhotic_vowel,n:coronal,ɪ:spread_vowel,ŋ:low_visibility_velar","ɡ:low_visibility_velar→ʊ:rounded_vowel,ʊ:rounded_vowel→d:coronal,d:coronal→m:bilabial_closure,m:bilabial_closure→ɔɹ:rhotic_vowel,ɔɹ:rhotic_vowel→n:coronal,n:coronal→ɪ:spread_vowel,ɪ:spread_vowel→ŋ:low_visibility_velar",EQUAL_WEIGHT_HEURISTIC,0.186046512,0.125,0.833333333,0.1,0,0.111111111,0.029411765,0.3,0.064220183,0.029411765,0.197843246,0.182110092,0.177853467,0.179857496,0.165554629,0.16168497
E089,phrase,nice to meet you,General American English,4,1011,has_primary_stress;has_unstressed_syllable;initial_primary_stress;multiple_lexical_stresses;stress_alternation,1.38,1.66,0.09,MODELED_PROXY_NOT_RECORDED,0.20 + 0.28*syllables + 0.04*cluster_types + 0.06*phrase; SD=0.04+0.02*sqrt(syllables)+0.01*phrase+0.005*cluster_types,/naɪs tə miːt juː/,[naɪs tə miːt juː],n-aɪ-s | t-ə | m-iː-t | j-uː,"aɪ,iː,j,m,n,s,t,uː,ə","n,s,t,m,j","aɪ,ə,iː,uː","s,t","s→t,ə→m,t→j","n→aɪ,aɪ→s,t→ə,m→iː,iː→t,j→uː",,weak_form_reduction,weak_to;ə,PENDING_EXPERT_REVIEW,General American target; native-speaker/phonetic validation required before benchmark release.,coronal → open_to_spread → coronal → coronal → neutral_vowel → bilabial_closure → spread_vowel → coronal → palatal_glide → rounded_vowel,"coronal,open_to_spread,neutral_vowel,bilabial_closure,spread_vowel,palatal_glide,rounded_vowel","coronal→open_to_spread,open_to_spread→coronal,coronal→coronal,coronal→neutral_vowel,neutral_vowel→bilabial_closure,bilabial_closure→spread_vowel,spread_vowel→coronal,coronal→palatal_glide,palatal_glide→rounded_vowel","n:coronal,aɪ:open_to_spread,s:coronal,t:coronal,ə:neutral_vowel,m:bilabial_closure,iː:spread_vowel,t:coronal,j:palatal_glide,uː:rounded_vowel","n:coronal→aɪ:open_to_spread,aɪ:open_to_spread→s:coronal,s:coronal→t:coronal,t:coronal→ə:neutral_vowel,ə:neutral_vowel→m:bilabial_closure,m:bilabial_closure→iː:spread_vowel,iː:spread_vowel→t:coronal,t:coronal→j:palatal_glide,j:palatal_glide→uː:rounded_vowel",EQUAL_WEIGHT_HEURISTIC,0.209302326,0.125,0.833333333,0.2,0,0.111111111,0.037815126,0.35,0.082568807,0.037815126,0.216651699,0.216284404,0.198694583,0.156993985,0.156727829,0.143981582
E090,phrase,did you call,General American English,3,101,has_primary_stress;has_unstressed_syllable;initial_primary_stress;multiple_lexical_stresses;stress_alternation,1.1,1.38,0.08,MODELED_PROXY_NOT_RECORDED,0.20 + 0.28*syllables + 0.04*cluster_types + 0.06*phrase; SD=0.04+0.02*sqrt(syllables)+0.01*phrase+0.005*cluster_types,/dɪd jə kɔl/,[dɪdʒə kɔl],d-ɪ-d | j-ə | k-ɔ-l,"d,j,k,l,ɔ,ə,ɪ","d,j,k,l","ɪ,ə,ɔ","d,l","d→j,ə→k","d→ɪ,ɪ→d,j→ə,k→ɔ,ɔ→l",,yod_coalescence;weak_form_reduction;dark_l,ə,PENDING_EXPERT_REVIEW,General American target; native-speaker/phonetic validation required before benchmark release.,coronal → spread_vowel → coronal → palatal_glide → neutral_vowel → low_visibility_velar → rounded_open_vowel → coronal,"coronal,spread_vowel,palatal_glide,neutral_vowel,low_visibility_velar,rounded_open_vowel","coronal→spread_vowel,spread_vowel→coronal,coronal→palatal_glide,palatal_glide→neutral_vowel,neutral_vowel→low_visibility_velar,low_visibility_velar→rounded_open_vowel,rounded_open_vowel→coronal","d:coronal,ɪ:spread_vowel,d:coronal,j:palatal_glide,ə:neutral_vowel,k:low_visibility_velar,ɔ:rounded_open_vowel,l:coronal","d:coronal→ɪ:spread_vowel,ɪ:spread_vowel→d:coronal,d:coronal→j:palatal_glide,j:palatal_glide→ə:neutral_vowel,ə:neutral_vowel→k:low_visibility_velar,k:low_visibility_velar→ɔ:rounded_open_vowel,ɔ:rounded_open_vowel→l:coronal",EQUAL_WEIGHT_HEURISTIC,0.162790698,0.125,0.833333333,0.1,0,0.333333333,0.029411765,0.3,0.064220183,0.029411765,0.226267018,0.182110092,0.197750108,0.205697289,0.165554629,0.179772825
E091,phrase,want to go,General American English,3,101,has_primary_stress;has_unstressed_syllable;initial_primary_stress;multiple_lexical_stresses;stress_alternation,1.14,1.38,0.09,MODELED_PROXY_NOT_RECORDED,0.20 + 0.28*syllables + 0.04*cluster_types + 0.06*phrase; SD=0.04+0.02*sqrt(syllables)+0.01*phrase+0.005*cluster_types,/wɑnt tə ɡoʊ/,[wɑnə ɡoʊ],w-ɑ-n-t | t-ə | ɡ-oʊ,"n,oʊ,t,w,ɑ,ə,ɡ","w,n,t,ɡ","ɑ,ə,oʊ",t,"t→t,ə→ɡ","w→ɑ,ɑ→n,n→t,t→ə,ɡ→oʊ",nt,weak_form_reduction,weak_to;ə,PENDING_EXPERT_REVIEW,General American target; native-speaker/phonetic validation required before benchmark release.,rounded_glide → open_vowel → coronal → coronal → coronal → neutral_vowel → low_visibility_velar → rounded_vowel,"rounded_glide,open_vowel,coronal,neutral_vowel,low_visibility_velar,rounded_vowel","rounded_glide→open_vowel,open_vowel→coronal,coronal→coronal,coronal→coronal,coronal→neutral_vowel,neutral_vowel→low_visibility_velar,low_visibility_velar→rounded_vowel","w:rounded_glide,ɑ:open_vowel,n:coronal,t:coronal,t:coronal,ə:neutral_vowel,ɡ:low_visibility_velar,oʊ:rounded_vowel","w:rounded_glide→ɑ:open_vowel,ɑ:open_vowel→n:coronal,n:coronal→t:coronal,t:coronal→t:coronal,t:coronal→ə:neutral_vowel,ə:neutral_vowel→ɡ:low_visibility_velar,ɡ:low_visibility_velar→oʊ:rounded_vowel",EQUAL_WEIGHT_HEURISTIC,0.162790698,0.0625,0.833333333,0.2,0.033333333,0.111111111,0.029411765,0.3,0.055045872,0.029411765,0.204640034,0.177522936,0.181693788,0.179508802,0.155721873,0.159380515
E092,phrase,going to work,General American English,4,1001,has_primary_stress;has_unstressed_syllable;initial_primary_stress;multiple_lexical_stresses;stress_alternation,1.38,1.38,0.09,MODELED_PROXY_NOT_RECORDED,0.20 + 0.28*syllables + 0.04*cluster_types + 0.06*phrase; SD=0.04+0.02*sqrt(syllables)+0.01*phrase+0.005*cluster_types,/ɡoʊɪŋ tə wɝk/,[ɡoʊɪŋ tə wɝk],ɡ-oʊ-ɪ-ŋ | t-ə | w-ɝ-k,"k,oʊ,t,w,ŋ,ə,ɝ,ɡ,ɪ","ɡ,ŋ,t,w,k","oʊ,ɪ,ə,ɝ","ŋ,k","ŋ→t,ə→w","ɡ→oʊ,oʊ→ɪ,ɪ→ŋ,t→ə,w→ɝ,ɝ→k",,weak_form_reduction;r_coloring,weak_to;ə;ɝ,PENDING_EXPERT_REVIEW,General American target; native-speaker/phonetic validation required before benchmark release.,low_visibility_velar → rounded_vowel → spread_vowel → low_visibility_velar → coronal → neutral_vowel → rounded_glide → rhotic_vowel → low_visibility_velar,"low_visibility_velar,rounded_vowel,spread_vowel,coronal,neutral_vowel,rounded_glide,rhotic_vowel","low_visibility_velar→rounded_vowel,rounded_vowel→spread_vowel,spread_vowel→low_visibility_velar,low_visibility_velar→coronal,coronal→neutral_vowel,neutral_vowel→rounded_glide,rounded_glide→rhotic_vowel,rhotic_vowel→low_visibility_velar","ɡ:low_visibility_velar,oʊ:rounded_vowel,ɪ:spread_vowel,ŋ:low_visibility_velar,t:coronal,ə:neutral_vowel,w:rounded_glide,ɝ:rhotic_vowel,k:low_visibility_velar","ɡ:low_visibility_velar→oʊ:rounded_vowel,oʊ:rounded_vowel→ɪ:spread_vowel,ɪ:spread_vowel→ŋ:low_visibility_velar,ŋ:low_visibility_velar→t:coronal,t:coronal→ə:neutral_vowel,ə:neutral_vowel→w:rounded_glide,w:rounded_glide→ɝ:rhotic_vowel,ɝ:rhotic_vowel→k:low_visibility_velar",EQUAL_WEIGHT_HEURISTIC,0.209302326,0.125,0.833333333,0.3,0,0.222222222,0.033613445,0.35,0.073394495,0.033613445,0.24621019,0.211697248,0.218047927,0.178413181,0.153403803,0.158005744
E093,phrase,could have known,General American English,3,101,has_primary_stress;has_unstressed_syllable;initial_primary_stress;multiple_lexical_stresses;stress_alternation,1.1,1.38,0.08,MODELED_PROXY_NOT_RECORDED,0.20 + 0.28*syllables + 0.04*cluster_types + 0.06*phrase; SD=0.04+0.02*sqrt(syllables)+0.01*phrase+0.005*cluster_types,/kʊd əv noʊn/,[kʊd əv noʊn],k-ʊ-d | ə-v | n-oʊ-n,"d,k,n,oʊ,v,ə,ʊ","k,d,v,n","ʊ,ə,oʊ","d,v,n","d→ə,v→n","k→ʊ,ʊ→d,ə→v,n→oʊ,oʊ→n",,weak_form_reduction;linking,weak_have;ə,PENDING_EXPERT_REVIEW,General American target; native-speaker/phonetic validation required before benchmark release.,low_visibility_velar → rounded_vowel → coronal → neutral_vowel → labiodental → coronal → rounded_vowel → coronal,"low_visibility_velar,rounded_vowel,coronal,neutral_vowel,labiodental","low_visibility_velar→rounded_vowel,rounded_vowel→coronal,coronal→neutral_vowel,neutral_vowel→labiodental,labiodental→coronal,coronal→rounded_vowel,rounded_vowel→coronal","k:low_visibility_velar,ʊ:rounded_vowel,d:coronal,ə:neutral_vowel,v:labiodental,n:coronal,oʊ:rounded_vowel,n:coronal","k:low_visibility_velar→ʊ:rounded_vowel,ʊ:rounded_vowel→d:coronal,d:coronal→ə:neutral_vowel,ə:neutral_vowel→v:labiodental,v:labiodental→n:coronal,n:coronal→oʊ:rounded_vowel,oʊ:rounded_vowel→n:coronal",EQUAL_WEIGHT_HEURISTIC,0.162790698,0.1875,0.833333333,0.2,0,0.222222222,0.029411765,0.25,0.055045872,0.029411765,0.233608288,0.152522936,0.196971565,0.212371171,0.138657214,0.179065059
E094,phrase,next train home,General American English,3,111,has_primary_stress;initial_primary_stress;multiple_lexical_stresses,1.18,1.46,0.09,MODELED_PROXY_NOT_RECORDED,0.20 + 0.28*syllables + 0.04*cluster_types + 0.06*phrase; SD=0.04+0.02*sqrt(syllables)+0.01*phrase+0.005*cluster_types,/nɛkst tɹeɪn hoʊm/,[nɛkst tɹeɪn hoʊm],n-ɛ-k-s-t | t-ɹ-eɪ-n | h-oʊ-m,"eɪ,h,k,m,n,oʊ,s,t,ɛ,ɹ","n,k,s,t,ɹ,h,m","ɛ,eɪ,oʊ","t,n,m","t→t,n→h","n→ɛ,ɛ→k,k→s,s→t,t→ɹ,ɹ→eɪ,eɪ→n,h→oʊ,oʊ→m",kst;tɹ,,,PENDING_EXPERT_REVIEW,General American target; native-speaker/phonetic validation required before benchmark release.,coronal → front_open_vowel → low_visibility_velar → coronal → coronal → coronal → rhotic → spread_vowel → coronal → glottal → rounded_vowel → bilabial_closure,"coronal,front_open_vowel,low_visibility_velar,rhotic,spread_vowel,glottal,rounded_vowel,bilabial_closure","coronal→front_open_vowel,front_open_vowel→low_visibility_velar,low_visibility_velar→coronal,coronal→coronal,coronal→coronal,coronal→rhotic,rhotic→spread_vowel,spread_vowel→coronal,coronal→glottal,glottal→rounded_vowel,rounded_vowel→bilabial_closure","n:coronal,ɛ:front_open_vowel,k:low_visibility_velar,s:coronal,t:coronal,t:coronal,ɹ:rhotic,eɪ:spread_vowel,n:coronal,h:glottal,oʊ:rounded_vowel,m:bilabial_closure","n:coronal→ɛ:front_open_vowel,ɛ:front_open_vowel→k:low_visibility_velar,k:low_visibility_velar→s:coronal,s:coronal→t:coronal,t:coronal→t:coronal,t:coronal→ɹ:rhotic,ɹ:rhotic→eɪ:spread_vowel,eɪ:spread_vowel→n:coronal,n:coronal→h:glottal,h:glottal→oʊ:rounded_vowel,oʊ:rounded_vowel→m:bilabial_closure",EQUAL_WEIGHT_HEURISTIC,0.23255814,0.1875,0.5,0,0.066666667,0,0.046218487,0.4,0.091743119,0.046218487,0.147563328,0.24587156,0.15709049,0.125053668,0.208365729,0.133127534
E095,phrase,world class service,General American English,4,1110,has_primary_stress;has_unstressed_syllable;initial_primary_stress;multiple_lexical_stresses;stress_alternation,1.46,1.46,0.1,MODELED_PROXY_NOT_RECORDED,0.20 + 0.28*syllables + 0.04*cluster_types + 0.06*phrase; SD=0.04+0.02*sqrt(syllables)+0.01*phrase+0.005*cluster_types,/wɝld klæs sɝvɪs/,[wɝld klæs sɝvɪs],w-ɝ-l-d | k-l-æ-s | s-ɝ-v-ɪ-s,"d,k,l,s,v,w,æ,ɝ,ɪ","w,l,d,k,s,v","ɝ,æ,ɪ","d,s","d→k,s→s","w→ɝ,ɝ→l,l→d,k→l,l→æ,æ→s,s→ɝ,ɝ→v,v→ɪ,ɪ→s",ld;kl,r_coloring;dark_l,ɝ,PENDING_EXPERT_REVIEW,General American target; native-speaker/phonetic validation required before benchmark release.,rounded_glide → rhotic_vowel → coronal → coronal → low_visibility_velar → coronal → open_vowel → coronal → coronal → rhotic_vowel → labiodental → spread_vowel → coronal,"rounded_glide,rhotic_vowel,coronal,low_visibility_velar,open_vowel,labiodental,spread_vowel","rounded_glide→rhotic_vowel,rhotic_vowel→coronal,coronal→coronal,coronal→low_visibility_velar,low_visibility_velar→coronal,coronal→open_vowel,open_vowel→coronal,coronal→coronal,coronal→rhotic_vowel,rhotic_vowel→labiodental,labiodental→spread_vowel,spread_vowel→coronal","w:rounded_glide,ɝ:rhotic_vowel,l:coronal,d:coronal,k:low_visibility_velar,l:coronal,æ:open_vowel,s:coronal,s:coronal,ɝ:rhotic_vowel,v:labiodental,ɪ:spread_vowel,s:coronal","w:rounded_glide→ɝ:rhotic_vowel,ɝ:rhotic_vowel→l:coronal,l:coronal→d:coronal,d:coronal→k:low_visibility_velar,k:low_visibility_velar→l:coronal,l:coronal→æ:open_vowel,æ:open_vowel→s:coronal,s:coronal→s:coronal,s:coronal→ɝ:rhotic_vowel,ɝ:rhotic_vowel→v:labiodental,v:labiodental→ɪ:spread_vowel,ɪ:spread_vowel→s:coronal",EQUAL_WEIGHT_HEURISTIC,0.209302326,0.125,0.833333333,0.1,0.066666667,0.222222222,0.050420168,0.35,0.100917431,0.050420168,0.229563531,0.225458716,0.210828232,0.157235295,0.154423778,0.144402898
E096,phrase,six small streets,General American English,3,111,has_primary_stress;initial_primary_stress;multiple_lexical_stresses,1.18,1.46,0.09,MODELED_PROXY_NOT_RECORDED,0.20 + 0.28*syllables + 0.04*cluster_types + 0.06*phrase; SD=0.04+0.02*sqrt(syllables)+0.01*phrase+0.005*cluster_types,/sɪks smɔl stɹiːts/,[sɪks smɔl stɹiːts],s-ɪ-k-s | s-m-ɔ-l | s-t-ɹ-iː-t-s,"iː,k,l,m,s,t,ɔ,ɪ,ɹ","s,k,m,l,t,ɹ","ɪ,ɔ,iː","s,l","s→s,l→s","s→ɪ,ɪ→k,k→s,s→m,m→ɔ,ɔ→l,s→t,t→ɹ,ɹ→iː,iː→t,t→s",sm;stɹ,dark_l,,PENDING_EXPERT_REVIEW,General American target; native-speaker/phonetic validation required before benchmark release.,coronal → spread_vowel → low_visibility_velar → coronal → coronal → bilabial_closure → rounded_open_vowel → coronal → coronal → coronal → rhotic → spread_vowel → coronal → coronal,"coronal,spread_vowel,low_visibility_velar,bilabial_closure,rounded_open_vowel,rhotic","coronal→spread_vowel,spread_vowel→low_visibility_velar,low_visibility_velar→coronal,coronal→coronal,coronal→bilabial_closure,bilabial_closure→rounded_open_vowel,rounded_open_vowel→coronal,coronal→coronal,coronal→coronal,coronal→rhotic,rhotic→spread_vowel,spread_vowel→coronal,coronal→coronal","s:coronal,ɪ:spread_vowel,k:low_visibility_velar,s:coronal,s:coronal,m:bilabial_closure,ɔ:rounded_open_vowel,l:coronal,s:coronal,t:coronal,ɹ:rhotic,iː:spread_vowel,t:coronal,s:coronal","s:coronal→ɪ:spread_vowel,ɪ:spread_vowel→k:low_visibility_velar,k:low_visibility_velar→s:coronal,s:coronal→s:coronal,s:coronal→m:bilabial_closure,m:bilabial_closure→ɔ:rounded_open_vowel,ɔ:rounded_open_vowel→l:coronal,l:coronal→s:coronal,s:coronal→t:coronal,t:coronal→ɹ:rhotic,ɹ:rhotic→iː:spread_vowel,iː:spread_vowel→t:coronal,t:coronal→s:coronal",EQUAL_WEIGHT_HEURISTIC,0.209302326,0.125,0.5,0,0.066666667,0.111111111,0.054621849,0.3,0.091743119,0.054621849,0.152385993,0.19587156,0.151306692,0.129140672,0.165992847,0.12822601