id,type,text,reading_kana,mora_count,estimated_duration,actual_duration_mean,standard_deviation,pronunciation,mora_sequence,consonants,vowels,special_morae,phoneme_sequence,long_vowel_morae,long_vowel_count,phoneme_set,phoneme_transitions,cross_word_transition,phonological_processes,phonological_process_count,prosodic_features,pitch_accent_pattern,pitch_accent_variants,pitch_accent_unit,pitch_accent_source,pitch_accent_confidence,reading_review_status,long_vowel_review_status,pitch_accent_review_status,review_notes,viseme_sequence,viseme_set,viseme_transitions,visual_features,phoneme_viseme_pairs,av_transitions,phoneme_coverage_gain,special_mora_coverage_gain,prosodic_coverage_gain,phoneme_transition_gain,viseme_coverage_gain,viseme_transition_gain,av_transition_gain,audio_score,vision_score,joint_av_score,audio_score_per_sec,vision_score_per_sec,joint_av_score_per_sec,duration_measurement_status,duration_model
J001,word,朝,あさ,2,0.52,0.52,0.06,あさ,あ-さ,s,a,,a-s-a,,0,"a,s","a→s,s→a",,,0,mora_timed;pitch_accent_relevant,1,,lexical_nucleus,Accent Jiten aggregation: OJAD; NHK; Wiktionary; Kanjium; Kishimoto Tsuneyo,HIGH,RULE_REVIEWED,RULE_REVIEWED,DICTIONARY_VERIFIED,,open_vowel → coronal → open_vowel,"coronal,open_vowel","open_vowel→coronal,coronal→open_vowel",coronal; open_vowel,"a:open_vowel,s:coronal,a:open_vowel","a:open_vowel→s:coronal,s:coronal→a:open_vowel",0.06060606060606061,0.0,0.0,0.013157894736842105,0.2,0.047619047619047616,0.013157894736842105,0.018440988835725678,0.12380952380952381,0.04779155681411321,0.03546344006870322,0.23809523809523808,0.0919068400271408,MODELED_PROXY_NOT_RECORDED,0.14 + 0.19*mora + 0.03*N + 0.045*Q + 0.025*long_mora + 0.08*phrase; SD=0.035+0.018*sqrt(mora)+0.012*phrase+0.005*special
J002,word,家,いえ,2,0.52,0.52,0.06,いえ,い-え,,"e,i",,i-e,,0,"e,i",i→e,,,0,mora_timed;pitch_accent_relevant,2,,lexical_nucleus,Accent Jiten aggregation: OJAD; NHK; Wiktionary; Kanjium; Kishimoto Tsuneyo,HIGH,RULE_REVIEWED,RULE_REVIEWED,DICTIONARY_VERIFIED,,spread_vowel → spread_vowel,spread_vowel,spread_vowel→spread_vowel,spread_vowel,"i:spread_vowel,e:spread_vowel",i:spread_vowel→e:spread_vowel,0.06060606060606061,0.0,0.0,0.006578947368421052,0.1,0.023809523809523808,0.006578947368421052,0.016796251993620413,0.06190476190476191,0.02822478273606093,0.03230048460311618,0.11904761904761904,0.05427842833857871,MODELED_PROXY_NOT_RECORDED,0.14 + 0.19*mora + 0.03*N + 0.045*Q + 0.025*long_mora + 0.08*phrase; SD=0.035+0.018*sqrt(mora)+0.012*phrase+0.005*special
J003,word,上,うえ,2,0.52,0.52,0.06,うえ,う-え,,"e,u",,u-e,,0,"e,u",u→e,,,0,mora_timed;pitch_accent_relevant,0,2,lexical_nucleus,Accent Jiten aggregation: OJAD; NHK; Wiktionary; Kanjium; Kishimoto Tsuneyo,MEDIUM,RULE_REVIEWED,RULE_REVIEWED,DICTIONARY_VERIFIED,,rounded → spread_vowel,"rounded,spread_vowel",rounded→spread_vowel,rounded; spread_vowel,"u:rounded,e:spread_vowel",u:rounded→e:spread_vowel,0.06060606060606061,0.0,0.0,0.006578947368421052,0.2,0.023809523809523808,0.006578947368421052,0.016796251993620413,0.11190476190476191,0.04251049702177522,0.03230048460311618,0.21520146520146521,0.0817509558111062,MODELED_PROXY_NOT_RECORDED,0.14 + 0.19*mora + 0.03*N + 0.045*Q + 0.025*long_mora + 0.08*phrase; SD=0.035+0.018*sqrt(mora)+0.012*phrase+0.005*special
J004,word,駅,えき,2,0.52,0.52,0.06,えき,え-き,k,"e,i",,e-k-i,,0,"e,i,k","e→k,k→i",,,0,mora_timed;pitch_accent_relevant,1,,lexical_nucleus,Accent Jiten aggregation: OJAD; NHK; Wiktionary; Kanjium; Kishimoto Tsuneyo,HIGH,RULE_REVIEWED,RULE_REVIEWED,DICTIONARY_VERIFIED,,spread_vowel → low_visibility_velar → spread_vowel,"low_visibility_velar,spread_vowel","spread_vowel→low_visibility_velar,low_visibility_velar→spread_vowel",low_visibility_velar; spread_vowel,"e:spread_vowel,k:low_visibility_velar,i:spread_vowel","e:spread_vowel→k:low_visibility_velar,k:low_visibility_velar→i:spread_vowel",0.09090909090909091,0.0,0.0,0.013157894736842105,0.2,0.047619047619047616,0.013157894736842105,0.026016746411483254,0.12380952380952381,0.052120561143117534,0.0500322046374678,0.23809523809523808,0.1002318483521491,MODELED_PROXY_NOT_RECORDED,0.14 + 0.19*mora + 0.03*N + 0.045*Q + 0.025*long_mora + 0.08*phrase; SD=0.035+0.018*sqrt(mora)+0.012*phrase+0.005*special
J005,word,丘,おか,2,0.52,0.52,0.06,おか,お-か,k,"a,o",,o-k-a,,0,"a,k,o","o→k,k→a",,,0,mora_timed;pitch_accent_relevant,0,1,lexical_nucleus,Accent Jiten aggregation: OJAD; NHK; Wiktionary; Kanjium; Kishimoto Tsuneyo,MEDIUM,RULE_REVIEWED,RULE_REVIEWED,DICTIONARY_VERIFIED,,rounded → low_visibility_velar → open_vowel,"low_visibility_velar,open_vowel,rounded","rounded→low_visibility_velar,low_visibility_velar→open_vowel",low_visibility_velar; open_vowel; rounded,"o:rounded,k:low_visibility_velar,a:open_vowel","o:rounded→k:low_visibility_velar,k:low_visibility_velar→a:open_vowel",0.09090909090909091,0.0,0.0,0.013157894736842105,0.3,0.047619047619047616,0.013157894736842105,0.026016746411483254,0.1738095238095238,0.06640627542883182,0.0500322046374678,0.3342490842490842,0.12770437582467656,MODELED_PROXY_NOT_RECORDED,0.14 + 0.19*mora + 0.03*N + 0.045*Q + 0.025*long_mora + 0.08*phrase; SD=0.035+0.018*sqrt(mora)+0.012*phrase+0.005*special
J006,word,柿,かき,2,0.52,0.52,0.06,かき,か-き,k,"a,i",,k-a-k-i,,0,"a,i,k","k→a,a→k,k→i",,,0,mora_timed;pitch_accent_relevant,0,,lexical_nucleus,Accent Jiten aggregation: OJAD; NHK; Wiktionary; Kanjium; Kishimoto Tsuneyo,HIGH,RULE_REVIEWED,RULE_REVIEWED,DICTIONARY_VERIFIED,,low_visibility_velar → open_vowel → low_visibility_velar → spread_vowel,"low_visibility_velar,open_vowel,spread_vowel","low_visibility_velar→open_vowel,open_vowel→low_visibility_velar,low_visibility_velar→spread_vowel",low_visibility_velar; open_vowel; spread_vowel,"k:low_visibility_velar,a:open_vowel,k:low_visibility_velar,i:spread_vowel","k:low_visibility_velar→a:open_vowel,a:open_vowel→k:low_visibility_velar,k:low_visibility_velar→i:spread_vowel",0.09090909090909091,0.0,0.0,0.019736842105263157,0.3,0.07142857142857142,0.019736842105263157,0.02766148325358852,0.18571428571428572,0.0716873352211698,0.05319516010305484,0.35714285714285715,0.13786026004071114,MODELED_PROXY_NOT_RECORDED,0.14 + 0.19*mora + 0.03*N + 0.045*Q + 0.025*long_mora + 0.08*phrase; SD=0.035+0.018*sqrt(mora)+0.012*phrase+0.005*special
J007,word,鍵,かぎ,2,0.52,0.52,0.06,かぎ,か-ぎ,"g,k","a,i",,k-a-g-i,,0,"a,g,i,k","k→a,a→g,g→i",,,0,mora_timed;pitch_accent_relevant,2,,lexical_nucleus,Accent Jiten aggregation: OJAD; NHK; Wiktionary; Kanjium; Kishimoto Tsuneyo,HIGH,RULE_REVIEWED,RULE_REVIEWED,DICTIONARY_VERIFIED,,low_visibility_velar → open_vowel → low_visibility_velar → spread_vowel,"low_visibility_velar,open_vowel,spread_vowel","low_visibility_velar→open_vowel,open_vowel→low_visibility_velar,low_visibility_velar→spread_vowel",low_visibility_velar; open_vowel; spread_vowel,"k:low_visibility_velar,a:open_vowel,g:low_visibility_velar,i:spread_vowel","k:low_visibility_velar→a:open_vowel,a:open_vowel→g:low_visibility_velar,g:low_visibility_velar→i:spread_vowel",0.12121212121212122,0.0,0.0,0.019736842105263157,0.3,0.07142857142857142,0.019736842105263157,0.035237240829346095,0.18571428571428572,0.07601633955017414,0.06776392467181941,0.35714285714285715,0.14618526836571952,MODELED_PROXY_NOT_RECORDED,0.14 + 0.19*mora + 0.03*N + 0.045*Q + 0.025*long_mora + 0.08*phrase; SD=0.035+0.018*sqrt(mora)+0.012*phrase+0.005*special
J008,word,傘,かさ,2,0.52,0.52,0.06,かさ,か-さ,"k,s",a,,k-a-s-a,,0,"a,k,s","k→a,a→s,s→a",,,0,mora_timed;pitch_accent_relevant,1,,lexical_nucleus,Accent Jiten aggregation: OJAD; NHK; Wiktionary; Kanjium; Kishimoto Tsuneyo,HIGH,RULE_REVIEWED,RULE_REVIEWED,DICTIONARY_VERIFIED,,low_visibility_velar → open_vowel → coronal → open_vowel,"coronal,low_visibility_velar,open_vowel","low_visibility_velar→open_vowel,open_vowel→coronal,coronal→open_vowel",coronal; low_visibility_velar; open_vowel,"k:low_visibility_velar,a:open_vowel,s:coronal,a:open_vowel","k:low_visibility_velar→a:open_vowel,a:open_vowel→s:coronal,s:coronal→a:open_vowel",0.09090909090909091,0.0,0.0,0.019736842105263157,0.3,0.07142857142857142,0.019736842105263157,0.02766148325358852,0.18571428571428572,0.0716873352211698,0.05319516010305484,0.35714285714285715,0.13786026004071114,MODELED_PROXY_NOT_RECORDED,0.14 + 0.19*mora + 0.03*N + 0.045*Q + 0.025*long_mora + 0.08*phrase; SD=0.035+0.018*sqrt(mora)+0.012*phrase+0.005*special
J009,word,風,かぜ,2,0.52,0.52,0.06,かぜ,か-ぜ,"k,z","a,e",,k-a-z-e,,0,"a,e,k,z","k→a,a→z,z→e",,,0,mora_timed;pitch_accent_relevant,0,,lexical_nucleus,Accent Jiten aggregation: OJAD; NHK; Wiktionary; Kanjium; Kishimoto Tsuneyo,HIGH,RULE_REVIEWED,RULE_REVIEWED,DICTIONARY_VERIFIED,,low_visibility_velar → open_vowel → coronal → spread_vowel,"coronal,low_visibility_velar,open_vowel,spread_vowel","low_visibility_velar→open_vowel,open_vowel→coronal,coronal→spread_vowel",coronal; low_visibility_velar; open_vowel; spread_vowel,"k:low_visibility_velar,a:open_vowel,z:coronal,e:spread_vowel","k:low_visibility_velar→a:open_vowel,a:open_vowel→z:coronal,z:coronal→e:spread_vowel",0.12121212121212122,0.0,0.0,0.019736842105263157,0.4,0.07142857142857142,0.019736842105263157,0.035237240829346095,0.2357142857142857,0.09030205383588842,0.06776392467181941,0.4532967032967033,0.17365779583824695,MODELED_PROXY_NOT_RECORDED,0.14 + 0.19*mora + 0.03*N + 0.045*Q + 0.025*long_mora + 0.08*phrase; SD=0.035+0.018*sqrt(mora)+0.012*phrase+0.005*special
J010,word,肩,かた,2,0.52,0.52,0.06,かた,か-た,"k,t",a,,k-a-t-a,,0,"a,k,t","k→a,a→t,t→a",,,0,mora_timed;pitch_accent_relevant,1,,lexical_nucleus,Accent Jiten aggregation: OJAD; NHK; Wiktionary; Kanjium; Kishimoto Tsuneyo,HIGH,RULE_REVIEWED,RULE_REVIEWED,DICTIONARY_VERIFIED,,low_visibility_velar → open_vowel → coronal → open_vowel,"coronal,low_visibility_velar,open_vowel","low_visibility_velar→open_vowel,open_vowel→coronal,coronal→open_vowel",coronal; low_visibility_velar; open_vowel,"k:low_visibility_velar,a:open_vowel,t:coronal,a:open_vowel","k:low_visibility_velar→a:open_vowel,a:open_vowel→t:coronal,t:coronal→a:open_vowel",0.09090909090909091,0.0,0.0,0.019736842105263157,0.3,0.07142857142857142,0.019736842105263157,0.02766148325358852,0.18571428571428572,0.0716873352211698,0.05319516010305484,0.35714285714285715,0.13786026004071114,MODELED_PROXY_NOT_RECORDED,0.14 + 0.19*mora + 0.03*N + 0.045*Q + 0.025*long_mora + 0.08*phrase; SD=0.035+0.018*sqrt(mora)+0.012*phrase+0.005*special
J011,word,角,かど,2,0.52,0.52,0.06,かど,か-ど,"d,k","a,o",,k-a-d-o,,0,"a,d,k,o","k→a,a→d,d→o",,,0,mora_timed;pitch_accent_relevant,1,,lexical_nucleus,Accent Jiten aggregation: OJAD; NHK; Wiktionary; Kanjium; Kishimoto Tsuneyo,HIGH,RULE_REVIEWED,RULE_REVIEWED,DICTIONARY_VERIFIED,,low_visibility_velar → open_vowel → coronal → rounded,"coronal,low_visibility_velar,open_vowel,rounded","low_visibility_velar→open_vowel,open_vowel→coronal,coronal→rounded",coronal; low_visibility_velar; open_vowel; rounded,"k:low_visibility_velar,a:open_vowel,d:coronal,o:rounded","k:low_visibility_velar→a:open_vowel,a:open_vowel→d:coronal,d:coronal→o:rounded",0.12121212121212122,0.0,0.0,0.019736842105263157,0.4,0.07142857142857142,0.019736842105263157,0.035237240829346095,0.2357142857142857,0.09030205383588842,0.06776392467181941,0.4532967032967033,0.17365779583824695,MODELED_PROXY_NOT_RECORDED,0.14 + 0.19*mora + 0.03*N + 0.045*Q + 0.025*long_mora + 0.08*phrase; SD=0.035+0.018*sqrt(mora)+0.012*phrase+0.005*special
J012,word,壁,かべ,2,0.52,0.52,0.06,かべ,か-べ,"b,k","a,e",,k-a-b-e,,0,"a,b,e,k","k→a,a→b,b→e",,,0,mora_timed;pitch_accent_relevant,0,,lexical_nucleus,Accent Jiten aggregation: OJAD; NHK; Wiktionary; Kanjium; Kishimoto Tsuneyo,HIGH,RULE_REVIEWED,RULE_REVIEWED,DICTIONARY_VERIFIED,,low_visibility_velar → open_vowel → bilabial_closure → spread_vowel,"bilabial_closure,low_visibility_velar,open_vowel,spread_vowel","low_visibility_velar→open_vowel,open_vowel→bilabial_closure,bilabial_closure→spread_vowel",bilabial_closure; low_visibility_velar; open_vowel; spread_vowel,"k:low_visibility_velar,a:open_vowel,b:bilabial_closure,e:spread_vowel","k:low_visibility_velar→a:open_vowel,a:open_vowel→b:bilabial_closure,b:bilabial_closure→e:spread_vowel",0.12121212121212122,0.0,0.0,0.019736842105263157,0.4,0.07142857142857142,0.019736842105263157,0.035237240829346095,0.2357142857142857,0.09030205383588842,0.06776392467181941,0.4532967032967033,0.17365779583824695,MODELED_PROXY_NOT_RECORDED,0.14 + 0.19*mora + 0.03*N + 0.045*Q + 0.025*long_mora + 0.08*phrase; SD=0.035+0.018*sqrt(mora)+0.012*phrase+0.005*special
J013,word,紙,かみ,2,0.52,0.52,0.06,かみ,か-み,"k,m","a,i",,k-a-m-i,,0,"a,i,k,m","k→a,a→m,m→i",,,0,mora_timed;pitch_accent_relevant,2,,lexical_nucleus,Accent Jiten aggregation: OJAD; NHK; Wiktionary; Kanjium; Kishimoto Tsuneyo,HIGH,RULE_REVIEWED,RULE_REVIEWED,DICTIONARY_VERIFIED,,low_visibility_velar → open_vowel → bilabial_closure → spread_vowel,"bilabial_closure,low_visibility_velar,open_vowel,spread_vowel","low_visibility_velar→open_vowel,open_vowel→bilabial_closure,bilabial_closure→spread_vowel",bilabial_closure; low_visibility_velar; open_vowel; spread_vowel,"k:low_visibility_velar,a:open_vowel,m:bilabial_closure,i:spread_vowel","k:low_visibility_velar→a:open_vowel,a:open_vowel→m:bilabial_closure,m:bilabial_closure→i:spread_vowel",0.12121212121212122,0.0,0.0,0.019736842105263157,0.4,0.07142857142857142,0.019736842105263157,0.035237240829346095,0.2357142857142857,0.09030205383588842,0.06776392467181941,0.4532967032967033,0.17365779583824695,MODELED_PROXY_NOT_RECORDED,0.14 + 0.19*mora + 0.03*N + 0.045*Q + 0.025*long_mora + 0.08*phrase; SD=0.035+0.018*sqrt(mora)+0.012*phrase+0.005*special
J014,word,殻,から,2,0.52,0.52,0.06,から,か-ら,"k,r",a,,k-a-r-a,,0,"a,k,r","k→a,a→r,r→a",,,0,mora_timed;pitch_accent_relevant,2,,lexical_nucleus,Accent Jiten aggregation: OJAD; NHK; Wiktionary; Kanjium; Kishimoto Tsuneyo,HIGH,RULE_REVIEWED,RULE_REVIEWED,DICTIONARY_VERIFIED,,low_visibility_velar → open_vowel → coronal → open_vowel,"coronal,low_visibility_velar,open_vowel","low_visibility_velar→open_vowel,open_vowel→coronal,coronal→open_vowel",coronal; low_visibility_velar; open_vowel,"k:low_visibility_velar,a:open_vowel,r:coronal,a:open_vowel","k:low_visibility_velar→a:open_vowel,a:open_vowel→r:coronal,r:coronal→a:open_vowel",0.09090909090909091,0.0,0.0,0.019736842105263157,0.3,0.07142857142857142,0.019736842105263157,0.02766148325358852,0.18571428571428572,0.0716873352211698,0.05319516010305484,0.35714285714285715,0.13786026004071114,MODELED_PROXY_NOT_RECORDED,0.14 + 0.19*mora + 0.03*N + 0.045*Q + 0.025*long_mora + 0.08*phrase; SD=0.035+0.018*sqrt(mora)+0.012*phrase+0.005*special
J015,word,川,かわ,2,0.52,0.52,0.06,かわ,か-わ,"k,w",a,,k-a-w-a,,0,"a,k,w","k→a,a→w,w→a",,,0,mora_timed;pitch_accent_relevant,2,,lexical_nucleus,Accent Jiten aggregation: OJAD; NHK; Wiktionary; Kanjium; Kishimoto Tsuneyo,HIGH,RULE_REVIEWED,RULE_REVIEWED,DICTIONARY_VERIFIED,,low_visibility_velar → open_vowel → rounded → open_vowel,"low_visibility_velar,open_vowel,rounded","low_visibility_velar→open_vowel,open_vowel→rounded,rounded→open_vowel",low_visibility_velar; open_vowel; rounded,"k:low_visibility_velar,a:open_vowel,w:rounded,a:open_vowel","k:low_visibility_velar→a:open_vowel,a:open_vowel→w:rounded,w:rounded→a:open_vowel",0.09090909090909091,0.0,0.0,0.019736842105263157,0.3,0.07142857142857142,0.019736842105263157,0.02766148325358852,0.18571428571428572,0.0716873352211698,0.05319516010305484,0.35714285714285715,0.13786026004071114,MODELED_PROXY_NOT_RECORDED,0.14 + 0.19*mora + 0.03*N + 0.045*Q + 0.025*long_mora + 0.08*phrase; SD=0.035+0.018*sqrt(mora)+0.012*phrase+0.005*special
J016,word,菊,きく,2,0.52,0.52,0.06,きく,き-く,k,"i,u",,k-i-k-u,,0,"i,k,u","k→i,i→k,k→u",,high_vowel_devoicing_context,1,mora_timed;pitch_accent_relevant,2,0,lexical_nucleus,Accent Jiten aggregation: OJAD; NHK; Wiktionary; Kanjium; Kishimoto Tsuneyo,MEDIUM,RULE_REVIEWED,RULE_REVIEWED,DICTIONARY_VERIFIED,,low_visibility_velar → spread_vowel → low_visibility_velar → rounded,"low_visibility_velar,rounded,spread_vowel","low_visibility_velar→spread_vowel,spread_vowel→low_visibility_velar,low_visibility_velar→rounded",low_visibility_velar; rounded; spread_vowel,"k:low_visibility_velar,i:spread_vowel,k:low_visibility_velar,u:rounded","k:low_visibility_velar→i:spread_vowel,i:spread_vowel→k:low_visibility_velar,k:low_visibility_velar→u:rounded",0.09090909090909091,0.0,0.2,0.019736842105263157,0.3,0.07142857142857142,0.019736842105263157,0.07766148325358851,0.18571428571428572,0.10025876379259838,0.14934900625690098,0.35714285714285715,0.1928053149857661,MODELED_PROXY_NOT_RECORDED,0.14 + 0.19*mora + 0.03*N + 0.045*Q + 0.025*long_mora + 0.08*phrase; SD=0.035+0.018*sqrt(mora)+0.012*phrase+0.005*special
J017,word,靴,くつ,2,0.52,0.52,0.06,くつ,く-つ,"k,ts",u,,k-u-ts-u,,0,"k,ts,u","k→u,u→ts,ts→u",,high_vowel_devoicing_context,1,mora_timed;pitch_accent_relevant,2,,lexical_nucleus,Accent Jiten aggregation: OJAD; NHK; Wiktionary; Kanjium; Kishimoto Tsuneyo,HIGH,RULE_REVIEWED,RULE_REVIEWED,DICTIONARY_VERIFIED,,low_visibility_velar → rounded → coronal → rounded,"coronal,low_visibility_velar,rounded","low_visibility_velar→rounded,rounded→coronal,coronal→rounded",coronal; low_visibility_velar; rounded,"k:low_visibility_velar,u:rounded,ts:coronal,u:rounded","k:low_visibility_velar→u:rounded,u:rounded→ts:coronal,ts:coronal→u:rounded",0.09090909090909091,0.0,0.2,0.019736842105263157,0.3,0.07142857142857142,0.019736842105263157,0.07766148325358851,0.18571428571428572,0.10025876379259838,0.14934900625690098,0.35714285714285715,0.1928053149857661,MODELED_PROXY_NOT_RECORDED,0.14 + 0.19*mora + 0.03*N + 0.045*Q + 0.025*long_mora + 0.08*phrase; SD=0.035+0.018*sqrt(mora)+0.012*phrase+0.005*special
J018,word,雲,くも,2,0.52,0.52,0.06,くも,く-も,"k,m","o,u",,k-u-m-o,,0,"k,m,o,u","k→u,u→m,m→o",,,0,mora_timed;pitch_accent_relevant,1,,lexical_nucleus,Accent Jiten aggregation: OJAD; NHK; Wiktionary; Kanjium; Kishimoto Tsuneyo,HIGH,RULE_REVIEWED,RULE_REVIEWED,DICTIONARY_VERIFIED,,low_visibility_velar → rounded → bilabial_closure → rounded,"bilabial_closure,low_visibility_velar,rounded","low_visibility_velar→rounded,rounded→bilabial_closure,bilabial_closure→rounded",bilabial_closure; low_visibility_velar; rounded,"k:low_visibility_velar,u:rounded,m:bilabial_closure,o:rounded","k:low_visibility_velar→u:rounded,u:rounded→m:bilabial_closure,m:bilabial_closure→o:rounded",0.12121212121212122,0.0,0.0,0.019736842105263157,0.3,0.07142857142857142,0.019736842105263157,0.035237240829346095,0.18571428571428572,0.07601633955017414,0.06776392467181941,0.35714285714285715,0.14618526836571952,MODELED_PROXY_NOT_RECORDED,0.14 + 0.19*mora + 0.03*N + 0.045*Q + 0.025*long_mora + 0.08*phrase; SD=0.035+0.018*sqrt(mora)+0.012*phrase+0.005*special
J019,word,毛,け,1,0.32,0.33,0.05,け,け,k,e,,k-e,,0,"e,k",k→e,,,0,mora_timed;pitch_accent_relevant,0,,lexical_nucleus,Accent Jiten aggregation: OJAD; NHK; Wiktionary; Kanjium; Kishimoto Tsuneyo,HIGH,RULE_REVIEWED,RULE_REVIEWED,DICTIONARY_VERIFIED,,low_visibility_velar → spread_vowel,"low_visibility_velar,spread_vowel",low_visibility_velar→spread_vowel,low_visibility_velar; spread_vowel,"k:low_visibility_velar,e:spread_vowel",k:low_visibility_velar→e:spread_vowel,0.06060606060606061,0.0,0.0,0.006578947368421052,0.2,0.023809523809523808,0.006578947368421052,0.016796251993620413,0.11190476190476191,0.04251049702177522,0.05089773331400125,0.33910533910533913,0.1288196879447734,MODELED_PROXY_NOT_RECORDED,0.14 + 0.19*mora + 0.03*N + 0.045*Q + 0.025*long_mora + 0.08*phrase; SD=0.035+0.018*sqrt(mora)+0.012*phrase+0.005*special
J020,word,声,こえ,2,0.52,0.52,0.06,こえ,こ-え,k,"e,o",,k-o-e,,0,"e,k,o","k→o,o→e",,,0,mora_timed;pitch_accent_relevant,1,,lexical_nucleus,Accent Jiten aggregation: OJAD; NHK; Wiktionary; Kanjium; Kishimoto Tsuneyo,HIGH,RULE_REVIEWED,RULE_REVIEWED,DICTIONARY_VERIFIED,,low_visibility_velar → rounded → spread_vowel,"low_visibility_velar,rounded,spread_vowel","low_visibility_velar→rounded,rounded→spread_vowel",low_visibility_velar; rounded; spread_vowel,"k:low_visibility_velar,o:rounded,e:spread_vowel","k:low_visibility_velar→o:rounded,o:rounded→e:spread_vowel",0.09090909090909091,0.0,0.0,0.013157894736842105,0.3,0.047619047619047616,0.013157894736842105,0.026016746411483254,0.1738095238095238,0.06640627542883182,0.0500322046374678,0.3342490842490842,0.12770437582467656,MODELED_PROXY_NOT_RECORDED,0.14 + 0.19*mora + 0.03*N + 0.045*Q + 0.025*long_mora + 0.08*phrase; SD=0.035+0.018*sqrt(mora)+0.012*phrase+0.005*special
J021,word,ここ,ここ,2,0.52,0.52,0.06,ここ,こ-こ,k,o,,k-o-k-o,,0,"k,o","k→o,o→k,k→o",,,0,mora_timed;pitch_accent_relevant,0,,lexical_nucleus,Accent Jiten aggregation: OJAD; NHK; Wiktionary; Kanjium; Kishimoto Tsuneyo,HIGH,RULE_REVIEWED,RULE_REVIEWED,DICTIONARY_VERIFIED,,low_visibility_velar → rounded → low_visibility_velar → rounded,"low_visibility_velar,rounded","low_visibility_velar→rounded,rounded→low_visibility_velar,low_visibility_velar→rounded",low_visibility_velar; rounded,"k:low_visibility_velar,o:rounded,k:low_visibility_velar,o:rounded","k:low_visibility_velar→o:rounded,o:rounded→k:low_visibility_velar,k:low_visibility_velar→o:rounded",0.06060606060606061,0.0,0.0,0.013157894736842105,0.2,0.047619047619047616,0.013157894736842105,0.018440988835725678,0.12380952380952381,0.04779155681411321,0.03546344006870322,0.23809523809523808,0.0919068400271408,MODELED_PROXY_NOT_RECORDED,0.14 + 0.19*mora + 0.03*N + 0.045*Q + 0.025*long_mora + 0.08*phrase; SD=0.035+0.018*sqrt(mora)+0.012*phrase+0.005*special
J022,word,坂,さか,2,0.52,0.52,0.06,さか,さ-か,"k,s",a,,s-a-k-a,,0,"a,k,s","s→a,a→k,k→a",,,0,mora_timed;pitch_accent_relevant,2,1,lexical_nucleus,Accent Jiten aggregation: OJAD; NHK; Wiktionary; Kanjium; Kishimoto Tsuneyo,MEDIUM,RULE_REVIEWED,RULE_REVIEWED,DICTIONARY_VERIFIED,,coronal → open_vowel → low_visibility_velar → open_vowel,"coronal,low_visibility_velar,open_vowel","coronal→open_vowel,open_vowel→low_visibility_velar,low_visibility_velar→open_vowel",coronal; low_visibility_velar; open_vowel,"s:coronal,a:open_vowel,k:low_visibility_velar,a:open_vowel","s:coronal→a:open_vowel,a:open_vowel→k:low_visibility_velar,k:low_visibility_velar→a:open_vowel",0.09090909090909091,0.0,0.0,0.019736842105263157,0.3,0.07142857142857142,0.019736842105263157,0.02766148325358852,0.18571428571428572,0.0716873352211698,0.05319516010305484,0.35714285714285715,0.13786026004071114,MODELED_PROXY_NOT_RECORDED,0.14 + 0.19*mora + 0.03*N + 0.045*Q + 0.025*long_mora + 0.08*phrase; SD=0.035+0.018*sqrt(mora)+0.012*phrase+0.005*special
J023,word,寿司,すし,2,0.52,0.52,0.06,すし,す-し,"s,sh","i,u",,s-u-sh-i,,0,"i,s,sh,u","s→u,u→sh,sh→i",,high_vowel_devoicing_context,1,mora_timed;pitch_accent_relevant,2,1,lexical_nucleus,Accent Jiten aggregation: OJAD; NHK; Wiktionary; Kanjium; Kishimoto Tsuneyo,MEDIUM,RULE_REVIEWED,RULE_REVIEWED,DICTIONARY_VERIFIED,,coronal → rounded → coronal → spread_vowel,"coronal,rounded,spread_vowel","coronal→rounded,rounded→coronal,coronal→spread_vowel",coronal; rounded; spread_vowel,"s:coronal,u:rounded,sh:coronal,i:spread_vowel","s:coronal→u:rounded,u:rounded→sh:coronal,sh:coronal→i:spread_vowel",0.12121212121212122,0.0,0.2,0.019736842105263157,0.3,0.07142857142857142,0.019736842105263157,0.0852372408293461,0.18571428571428572,0.10458776812160271,0.16391777082566555,0.35714285714285715,0.20113032331077443,MODELED_PROXY_NOT_RECORDED,0.14 + 0.19*mora + 0.03*N + 0.045*Q + 0.025*long_mora + 0.08*phrase; SD=0.035+0.018*sqrt(mora)+0.012*phrase+0.005*special
J024,word,外,そと,2,0.52,0.52,0.06,そと,そ-と,"s,t",o,,s-o-t-o,,0,"o,s,t","s→o,o→t,t→o",,,0,mora_timed;pitch_accent_relevant,1,,lexical_nucleus,Accent Jiten aggregation: OJAD; NHK; Wiktionary; Kanjium; Kishimoto Tsuneyo,HIGH,RULE_REVIEWED,RULE_REVIEWED,DICTIONARY_VERIFIED,,coronal → rounded → coronal → rounded,"coronal,rounded","coronal→rounded,rounded→coronal,coronal→rounded",coronal; rounded,"s:coronal,o:rounded,t:coronal,o:rounded","s:coronal→o:rounded,o:rounded→t:coronal,t:coronal→o:rounded",0.09090909090909091,0.0,0.0,0.019736842105263157,0.2,0.047619047619047616,0.019736842105263157,0.02766148325358852,0.12380952380952381,0.054000260391237835,0.05319516010305484,0.23809523809523808,0.10384665459853429,MODELED_PROXY_NOT_RECORDED,0.14 + 0.19*mora + 0.03*N + 0.045*Q + 0.025*long_mora + 0.08*phrase; SD=0.035+0.018*sqrt(mora)+0.012*phrase+0.005*special
J025,word,滝,たき,2,0.52,0.52,0.06,たき,た-き,"k,t","a,i",,t-a-k-i,,0,"a,i,k,t","t→a,a→k,k→i",,,0,mora_timed;pitch_accent_relevant,0,,lexical_nucleus,Accent Jiten aggregation: OJAD; NHK; Wiktionary; Kanjium; Kishimoto Tsuneyo,HIGH,RULE_REVIEWED,RULE_REVIEWED,DICTIONARY_VERIFIED,,coronal → open_vowel → low_visibility_velar → spread_vowel,"coronal,low_visibility_velar,open_vowel,spread_vowel","coronal→open_vowel,open_vowel→low_visibility_velar,low_visibility_velar→spread_vowel",coronal; low_visibility_velar; open_vowel; spread_vowel,"t:coronal,a:open_vowel,k:low_visibility_velar,i:spread_vowel","t:coronal→a:open_vowel,a:open_vowel→k:low_visibility_velar,k:low_visibility_velar→i:spread_vowel",0.12121212121212122,0.0,0.0,0.019736842105263157,0.4,0.07142857142857142,0.019736842105263157,0.035237240829346095,0.2357142857142857,0.09030205383588842,0.06776392467181941,0.4532967032967033,0.17365779583824695,MODELED_PROXY_NOT_RECORDED,0.14 + 0.19*mora + 0.03*N + 0.045*Q + 0.025*long_mora + 0.08*phrase; SD=0.035+0.018*sqrt(mora)+0.012*phrase+0.005*special
J026,word,地図,ちず,2,0.52,0.52,0.06,ちず,ち-ず,"ch,z","i,u",,ch-i-z-u,,0,"ch,i,u,z","ch→i,i→z,z→u",,,0,mora_timed;pitch_accent_relevant,1,,lexical_nucleus,Accent Jiten aggregation: OJAD; NHK; Wiktionary; Kanjium; Kishimoto Tsuneyo,HIGH,RULE_REVIEWED,RULE_REVIEWED,DICTIONARY_VERIFIED,,coronal → spread_vowel → coronal → rounded,"coronal,rounded,spread_vowel","coronal→spread_vowel,spread_vowel→coronal,coronal→rounded",coronal; rounded; spread_vowel,"ch:coronal,i:spread_vowel,z:coronal,u:rounded","ch:coronal→i:spread_vowel,i:spread_vowel→z:coronal,z:coronal→u:rounded",0.12121212121212122,0.0,0.0,0.019736842105263157,0.3,0.07142857142857142,0.019736842105263157,0.035237240829346095,0.18571428571428572,0.07601633955017414,0.06776392467181941,0.35714285714285715,0.14618526836571952,MODELED_PROXY_NOT_RECORDED,0.14 + 0.19*mora + 0.03*N + 0.045*Q + 0.025*long_mora + 0.08*phrase; SD=0.035+0.018*sqrt(mora)+0.012*phrase+0.005*special
J027,word,月,つき,2,0.52,0.52,0.06,つき,つ-き,"k,ts","i,u",,ts-u-k-i,,0,"i,k,ts,u","ts→u,u→k,k→i",,high_vowel_devoicing_context,1,mora_timed;pitch_accent_relevant,2,,lexical_nucleus,Accent Jiten aggregation: OJAD; NHK; Wiktionary; Kanjium; Kishimoto Tsuneyo,HIGH,RULE_REVIEWED,RULE_REVIEWED,DICTIONARY_VERIFIED,,coronal → rounded → low_visibility_velar → spread_vowel,"coronal,low_visibility_velar,rounded,spread_vowel","coronal→rounded,rounded→low_visibility_velar,low_visibility_velar→spread_vowel",coronal; low_visibility_velar; rounded; spread_vowel,"ts:coronal,u:rounded,k:low_visibility_velar,i:spread_vowel","ts:coronal→u:rounded,u:rounded→k:low_visibility_velar,k:low_visibility_velar→i:spread_vowel",0.12121212121212122,0.0,0.2,0.019736842105263157,0.4,0.07142857142857142,0.019736842105263157,0.0852372408293461,0.2357142857142857,0.118873482407317,0.16391777082566555,0.4532967032967033,0.22860285078330192,MODELED_PROXY_NOT_RECORDED,0.14 + 0.19*mora + 0.03*N + 0.045*Q + 0.025*long_mora + 0.08*phrase; SD=0.035+0.018*sqrt(mora)+0.012*phrase+0.005*special
J028,word,手,て,1,0.32,0.33,0.05,て,て,t,e,,t-e,,0,"e,t",t→e,,,0,mora_timed;pitch_accent_relevant,1,,lexical_nucleus,Accent Jiten aggregation: OJAD; NHK; Wiktionary; Kanjium; Kishimoto Tsuneyo,HIGH,RULE_REVIEWED,RULE_REVIEWED,DICTIONARY_VERIFIED,,coronal → spread_vowel,"coronal,spread_vowel",coronal→spread_vowel,coronal; spread_vowel,"t:coronal,e:spread_vowel",t:coronal→e:spread_vowel,0.06060606060606061,0.0,0.0,0.006578947368421052,0.2,0.023809523809523808,0.006578947368421052,0.016796251993620413,0.11190476190476191,0.04251049702177522,0.05089773331400125,0.33910533910533913,0.1288196879447734,MODELED_PROXY_NOT_RECORDED,0.14 + 0.19*mora + 0.03*N + 0.045*Q + 0.025*long_mora + 0.08*phrase; SD=0.035+0.018*sqrt(mora)+0.012*phrase+0.005*special
J029,word,音,おと,2,0.52,0.52,0.06,おと,お-と,t,o,,o-t-o,,0,"o,t","o→t,t→o",,,0,mora_timed;pitch_accent_relevant,2,,lexical_nucleus,Accent Jiten aggregation: OJAD; NHK; Wiktionary; Kanjium; Kishimoto Tsuneyo,HIGH,RULE_REVIEWED,RULE_REVIEWED,DICTIONARY_VERIFIED,,rounded → coronal → rounded,"coronal,rounded","rounded→coronal,coronal→rounded",coronal; rounded,"o:rounded,t:coronal,o:rounded","o:rounded→t:coronal,t:coronal→o:rounded",0.06060606060606061,0.0,0.0,0.013157894736842105,0.2,0.047619047619047616,0.013157894736842105,0.018440988835725678,0.12380952380952381,0.04779155681411321,0.03546344006870322,0.23809523809523808,0.0919068400271408,MODELED_PROXY_NOT_RECORDED,0.14 + 0.19*mora + 0.03*N + 0.045*Q + 0.025*long_mora + 0.08*phrase; SD=0.035+0.018*sqrt(mora)+0.012*phrase+0.005*special
J030,word,夏,なつ,2,0.52,0.52,0.06,なつ,な-つ,"n,ts","a,u",,n-a-ts-u,,0,"a,n,ts,u","n→a,a→ts,ts→u",,,0,mora_timed;pitch_accent_relevant,2,,lexical_nucleus,Accent Jiten aggregation: OJAD; NHK; Wiktionary; Kanjium; Kishimoto Tsuneyo,HIGH,RULE_REVIEWED,RULE_REVIEWED,DICTIONARY_VERIFIED,,coronal → open_vowel → coronal → rounded,"coronal,open_vowel,rounded","coronal→open_vowel,open_vowel→coronal,coronal→rounded",coronal; open_vowel; rounded,"n:coronal,a:open_vowel,ts:coronal,u:rounded","n:coronal→a:open_vowel,a:open_vowel→ts:coronal,ts:coronal→u:rounded",0.12121212121212122,0.0,0.0,0.019736842105263157,0.3,0.07142857142857142,0.019736842105263157,0.035237240829346095,0.18571428571428572,0.07601633955017414,0.06776392467181941,0.35714285714285715,0.14618526836571952,MODELED_PROXY_NOT_RECORDED,0.14 + 0.19*mora + 0.03*N + 0.045*Q + 0.025*long_mora + 0.08*phrase; SD=0.035+0.018*sqrt(mora)+0.012*phrase+0.005*special
J031,word,庭,にわ,2,0.52,0.52,0.06,にわ,に-わ,"n,w","a,i",,n-i-w-a,,0,"a,i,n,w","n→i,i→w,w→a",,,0,mora_timed;pitch_accent_relevant,0,,lexical_nucleus,Accent Jiten aggregation: OJAD; NHK; Wiktionary; Kanjium; Kishimoto Tsuneyo,HIGH,RULE_REVIEWED,RULE_REVIEWED,DICTIONARY_VERIFIED,,coronal → spread_vowel → rounded → open_vowel,"coronal,open_vowel,rounded,spread_vowel","coronal→spread_vowel,spread_vowel→rounded,rounded→open_vowel",coronal; open_vowel; rounded; spread_vowel,"n:coronal,i:spread_vowel,w:rounded,a:open_vowel","n:coronal→i:spread_vowel,i:spread_vowel→w:rounded,w:rounded→a:open_vowel",0.12121212121212122,0.0,0.0,0.019736842105263157,0.4,0.07142857142857142,0.019736842105263157,0.035237240829346095,0.2357142857142857,0.09030205383588842,0.06776392467181941,0.4532967032967033,0.17365779583824695,MODELED_PROXY_NOT_RECORDED,0.14 + 0.19*mora + 0.03*N + 0.045*Q + 0.025*long_mora + 0.08*phrase; SD=0.035+0.018*sqrt(mora)+0.012*phrase+0.005*special
J032,word,布,ぬの,2,0.52,0.52,0.06,ぬの,ぬ-の,n,"o,u",,n-u-n-o,,0,"n,o,u","n→u,u→n,n→o",,,0,mora_timed;pitch_accent_relevant,0,,lexical_nucleus,Accent Jiten aggregation: OJAD; NHK; Wiktionary; Kanjium; Kishimoto Tsuneyo,HIGH,RULE_REVIEWED,RULE_REVIEWED,DICTIONARY_VERIFIED,,coronal → rounded → coronal → rounded,"coronal,rounded","coronal→rounded,rounded→coronal,coronal→rounded",coronal; rounded,"n:coronal,u:rounded,n:coronal,o:rounded","n:coronal→u:rounded,u:rounded→n:coronal,n:coronal→o:rounded",0.09090909090909091,0.0,0.0,0.019736842105263157,0.2,0.047619047619047616,0.019736842105263157,0.02766148325358852,0.12380952380952381,0.054000260391237835,0.05319516010305484,0.23809523809523808,0.10384665459853429,MODELED_PROXY_NOT_RECORDED,0.14 + 0.19*mora + 0.03*N + 0.045*Q + 0.025*long_mora + 0.08*phrase; SD=0.035+0.018*sqrt(mora)+0.012*phrase+0.005*special
J033,word,猫,ねこ,2,0.52,0.52,0.06,ねこ,ね-こ,"k,n","e,o",,n-e-k-o,,0,"e,k,n,o","n→e,e→k,k→o",,,0,mora_timed;pitch_accent_relevant,1,,lexical_nucleus,Accent Jiten aggregation: OJAD; NHK; Wiktionary; Kanjium; Kishimoto Tsuneyo,HIGH,RULE_REVIEWED,RULE_REVIEWED,DICTIONARY_VERIFIED,,coronal → spread_vowel → low_visibility_velar → rounded,"coronal,low_visibility_velar,rounded,spread_vowel","coronal→spread_vowel,spread_vowel→low_visibility_velar,low_visibility_velar→rounded",coronal; low_visibility_velar; rounded; spread_vowel,"n:coronal,e:spread_vowel,k:low_visibility_velar,o:rounded","n:coronal→e:spread_vowel,e:spread_vowel→k:low_visibility_velar,k:low_visibility_velar→o:rounded",0.12121212121212122,0.0,0.0,0.019736842105263157,0.4,0.07142857142857142,0.019736842105263157,0.035237240829346095,0.2357142857142857,0.09030205383588842,0.06776392467181941,0.4532967032967033,0.17365779583824695,MODELED_PROXY_NOT_RECORDED,0.14 + 0.19*mora + 0.03*N + 0.045*Q + 0.025*long_mora + 0.08*phrase; SD=0.035+0.018*sqrt(mora)+0.012*phrase+0.005*special
J034,word,花,はな,2,0.52,0.52,0.06,はな,は-な,"h,n",a,,h-a-n-a,,0,"a,h,n","h→a,a→n,n→a",,,0,mora_timed;pitch_accent_relevant,2,,lexical_nucleus,Accent Jiten aggregation: OJAD; NHK; Wiktionary; Kanjium; Kishimoto Tsuneyo,HIGH,RULE_REVIEWED,RULE_REVIEWED,DICTIONARY_VERIFIED,,palatal_glottal → open_vowel → coronal → open_vowel,"coronal,open_vowel,palatal_glottal","palatal_glottal→open_vowel,open_vowel→coronal,coronal→open_vowel",coronal; open_vowel; palatal_glottal,"h:palatal_glottal,a:open_vowel,n:coronal,a:open_vowel","h:palatal_glottal→a:open_vowel,a:open_vowel→n:coronal,n:coronal→a:open_vowel",0.09090909090909091,0.0,0.0,0.019736842105263157,0.3,0.07142857142857142,0.019736842105263157,0.02766148325358852,0.18571428571428572,0.0716873352211698,0.05319516010305484,0.35714285714285715,0.13786026004071114,MODELED_PROXY_NOT_RECORDED,0.14 + 0.19*mora + 0.03*N + 0.045*Q + 0.025*long_mora + 0.08*phrase; SD=0.035+0.018*sqrt(mora)+0.012*phrase+0.005*special
J035,word,人,ひと,2,0.52,0.52,0.06,ひと,ひ-と,"h,t","i,o",,h-i-t-o,,0,"h,i,o,t","h→i,i→t,t→o",,high_vowel_devoicing_context,1,mora_timed;pitch_accent_relevant,0,2,lexical_nucleus,Accent Jiten aggregation: OJAD; NHK; Wiktionary; Kanjium; Kishimoto Tsuneyo,MEDIUM,RULE_REVIEWED,RULE_REVIEWED,DICTIONARY_VERIFIED,,palatal_glottal → spread_vowel → coronal → rounded,"coronal,palatal_glottal,rounded,spread_vowel","palatal_glottal→spread_vowel,spread_vowel→coronal,coronal→rounded",coronal; palatal_glottal; rounded; spread_vowel,"h:palatal_glottal,i:spread_vowel,t:coronal,o:rounded","h:palatal_glottal→i:spread_vowel,i:spread_vowel→t:coronal,t:coronal→o:rounded",0.12121212121212122,0.0,0.2,0.019736842105263157,0.4,0.07142857142857142,0.019736842105263157,0.0852372408293461,0.2357142857142857,0.118873482407317,0.16391777082566555,0.4532967032967033,0.22860285078330192,MODELED_PROXY_NOT_RECORDED,0.14 + 0.19*mora + 0.03*N + 0.045*Q + 0.025*long_mora + 0.08*phrase; SD=0.035+0.018*sqrt(mora)+0.012*phrase+0.005*special
J036,word,船,ふね,2,0.52,0.52,0.06,ふね,ふ-ね,"f,n","e,u",,f-u-n-e,,0,"e,f,n,u","f→u,u→n,n→e",,,0,mora_timed;pitch_accent_relevant,1,,lexical_nucleus,Accent Jiten aggregation: OJAD; NHK; Wiktionary; Kanjium; Kishimoto Tsuneyo,HIGH,RULE_REVIEWED,RULE_REVIEWED,DICTIONARY_VERIFIED,,labiodental_like → rounded → coronal → spread_vowel,"coronal,labiodental_like,rounded,spread_vowel","labiodental_like→rounded,rounded→coronal,coronal→spread_vowel",coronal; labiodental_like; rounded; spread_vowel,"f:labiodental_like,u:rounded,n:coronal,e:spread_vowel","f:labiodental_like→u:rounded,u:rounded→n:coronal,n:coronal→e:spread_vowel",0.12121212121212122,0.0,0.0,0.019736842105263157,0.4,0.07142857142857142,0.019736842105263157,0.035237240829346095,0.2357142857142857,0.09030205383588842,0.06776392467181941,0.4532967032967033,0.17365779583824695,MODELED_PROXY_NOT_RECORDED,0.14 + 0.19*mora + 0.03*N + 0.045*Q + 0.025*long_mora + 0.08*phrase; SD=0.035+0.018*sqrt(mora)+0.012*phrase+0.005*special
J037,word,部屋,へや,2,0.52,0.52,0.06,へや,へ-や,"h,y","a,e",,h-e-y-a,,0,"a,e,h,y","h→e,e→y,y→a",,,0,mora_timed;pitch_accent_relevant,2,,lexical_nucleus,Accent Jiten aggregation: OJAD; NHK; Wiktionary; Kanjium; Kishimoto Tsuneyo,HIGH,RULE_REVIEWED,RULE_REVIEWED,DICTIONARY_VERIFIED,,palatal_glottal → spread_vowel → palatal_glottal → open_vowel,"open_vowel,palatal_glottal,spread_vowel","palatal_glottal→spread_vowel,spread_vowel→palatal_glottal,palatal_glottal→open_vowel",open_vowel; palatal_glottal; spread_vowel,"h:palatal_glottal,e:spread_vowel,y:palatal_glottal,a:open_vowel","h:palatal_glottal→e:spread_vowel,e:spread_vowel→y:palatal_glottal,y:palatal_glottal→a:open_vowel",0.12121212121212122,0.0,0.0,0.019736842105263157,0.3,0.07142857142857142,0.019736842105263157,0.035237240829346095,0.18571428571428572,0.07601633955017414,0.06776392467181941,0.35714285714285715,0.14618526836571952,MODELED_PROXY_NOT_RECORDED,0.14 + 0.19*mora + 0.03*N + 0.045*Q + 0.025*long_mora + 0.08*phrase; SD=0.035+0.018*sqrt(mora)+0.012*phrase+0.005*special
J038,word,星,ほし,2,0.52,0.52,0.06,ほし,ほ-し,"h,sh","i,o",,h-o-sh-i,,0,"h,i,o,sh","h→o,o→sh,sh→i",,,0,mora_timed;pitch_accent_relevant,0,,lexical_nucleus,Accent Jiten aggregation: OJAD; NHK; Wiktionary; Kanjium; Kishimoto Tsuneyo,HIGH,RULE_REVIEWED,RULE_REVIEWED,DICTIONARY_VERIFIED,,palatal_glottal → rounded → coronal → spread_vowel,"coronal,palatal_glottal,rounded,spread_vowel","palatal_glottal→rounded,rounded→coronal,coronal→spread_vowel",coronal; palatal_glottal; rounded; spread_vowel,"h:palatal_glottal,o:rounded,sh:coronal,i:spread_vowel","h:palatal_glottal→o:rounded,o:rounded→sh:coronal,sh:coronal→i:spread_vowel",0.12121212121212122,0.0,0.0,0.019736842105263157,0.4,0.07142857142857142,0.019736842105263157,0.035237240829346095,0.2357142857142857,0.09030205383588842,0.06776392467181941,0.4532967032967033,0.17365779583824695,MODELED_PROXY_NOT_RECORDED,0.14 + 0.19*mora + 0.03*N + 0.045*Q + 0.025*long_mora + 0.08*phrase; SD=0.035+0.018*sqrt(mora)+0.012*phrase+0.005*special
J039,word,窓,まど,2,0.52,0.52,0.06,まど,ま-ど,"d,m","a,o",,m-a-d-o,,0,"a,d,m,o","m→a,a→d,d→o",,,0,mora_timed;pitch_accent_relevant,1,,lexical_nucleus,Accent Jiten aggregation: OJAD; NHK; Wiktionary; Kanjium; Kishimoto Tsuneyo,HIGH,RULE_REVIEWED,RULE_REVIEWED,DICTIONARY_VERIFIED,,bilabial_closure → open_vowel → coronal → rounded,"bilabial_closure,coronal,open_vowel,rounded","bilabial_closure→open_vowel,open_vowel→coronal,coronal→rounded",bilabial_closure; coronal; open_vowel; rounded,"m:bilabial_closure,a:open_vowel,d:coronal,o:rounded","m:bilabial_closure→a:open_vowel,a:open_vowel→d:coronal,d:coronal→o:rounded",0.12121212121212122,0.0,0.0,0.019736842105263157,0.4,0.07142857142857142,0.019736842105263157,0.035237240829346095,0.2357142857142857,0.09030205383588842,0.06776392467181941,0.4532967032967033,0.17365779583824695,MODELED_PROXY_NOT_RECORDED,0.14 + 0.19*mora + 0.03*N + 0.045*Q + 0.025*long_mora + 0.08*phrase; SD=0.035+0.018*sqrt(mora)+0.012*phrase+0.005*special
J040,word,水,みず,2,0.52,0.52,0.06,みず,み-ず,"m,z","i,u",,m-i-z-u,,0,"i,m,u,z","m→i,i→z,z→u",,,0,mora_timed;pitch_accent_relevant,0,,lexical_nucleus,Accent Jiten aggregation: OJAD; NHK; Wiktionary; Kanjium; Kishimoto Tsuneyo,HIGH,RULE_REVIEWED,RULE_REVIEWED,DICTIONARY_VERIFIED,,bilabial_closure → spread_vowel → coronal → rounded,"bilabial_closure,coronal,rounded,spread_vowel","bilabial_closure→spread_vowel,spread_vowel→coronal,coronal→rounded",bilabial_closure; coronal; rounded; spread_vowel,"m:bilabial_closure,i:spread_vowel,z:coronal,u:rounded","m:bilabial_closure→i:spread_vowel,i:spread_vowel→z:coronal,z:coronal→u:rounded",0.12121212121212122,0.0,0.0,0.019736842105263157,0.4,0.07142857142857142,0.019736842105263157,0.035237240829346095,0.2357142857142857,0.09030205383588842,0.06776392467181941,0.4532967032967033,0.17365779583824695,MODELED_PROXY_NOT_RECORDED,0.14 + 0.19*mora + 0.03*N + 0.045*Q + 0.025*long_mora + 0.08*phrase; SD=0.035+0.018*sqrt(mora)+0.012*phrase+0.005*special
J041,word,胸,むね,2,0.52,0.52,0.06,むね,む-ね,"m,n","e,u",,m-u-n-e,,0,"e,m,n,u","m→u,u→n,n→e",,,0,mora_timed;pitch_accent_relevant,2,,lexical_nucleus,Accent Jiten aggregation: OJAD; NHK; Wiktionary; Kanjium; Kishimoto Tsuneyo,HIGH,RULE_REVIEWED,RULE_REVIEWED,DICTIONARY_VERIFIED,,bilabial_closure → rounded → coronal → spread_vowel,"bilabial_closure,coronal,rounded,spread_vowel","bilabial_closure→rounded,rounded→coronal,coronal→spread_vowel",bilabial_closure; coronal; rounded; spread_vowel,"m:bilabial_closure,u:rounded,n:coronal,e:spread_vowel","m:bilabial_closure→u:rounded,u:rounded→n:coronal,n:coronal→e:spread_vowel",0.12121212121212122,0.0,0.0,0.019736842105263157,0.4,0.07142857142857142,0.019736842105263157,0.035237240829346095,0.2357142857142857,0.09030205383588842,0.06776392467181941,0.4532967032967033,0.17365779583824695,MODELED_PROXY_NOT_RECORDED,0.14 + 0.19*mora + 0.03*N + 0.045*Q + 0.025*long_mora + 0.08*phrase; SD=0.035+0.018*sqrt(mora)+0.012*phrase+0.005*special
J042,word,目,め,1,0.32,0.33,0.05,め,め,m,e,,m-e,,0,"e,m",m→e,,,0,mora_timed;pitch_accent_relevant,1,,lexical_nucleus,Accent Jiten aggregation: OJAD; NHK; Wiktionary; Kanjium; Kishimoto Tsuneyo,HIGH,RULE_REVIEWED,RULE_REVIEWED,DICTIONARY_VERIFIED,,bilabial_closure → spread_vowel,"bilabial_closure,spread_vowel",bilabial_closure→spread_vowel,bilabial_closure; spread_vowel,"m:bilabial_closure,e:spread_vowel",m:bilabial_closure→e:spread_vowel,0.06060606060606061,0.0,0.0,0.006578947368421052,0.2,0.023809523809523808,0.006578947368421052,0.016796251993620413,0.11190476190476191,0.04251049702177522,0.05089773331400125,0.33910533910533913,0.1288196879447734,MODELED_PROXY_NOT_RECORDED,0.14 + 0.19*mora + 0.03*N + 0.045*Q + 0.025*long_mora + 0.08*phrase; SD=0.035+0.018*sqrt(mora)+0.012*phrase+0.005*special
J043,word,森,もり,2,0.52,0.52,0.06,もり,も-り,"m,r","i,o",,m-o-r-i,,0,"i,m,o,r","m→o,o→r,r→i",,,0,mora_timed;pitch_accent_relevant,0,,lexical_nucleus,Accent Jiten aggregation: OJAD; NHK; Wiktionary; Kanjium; Kishimoto Tsuneyo,HIGH,RULE_REVIEWED,RULE_REVIEWED,DICTIONARY_VERIFIED,,bilabial_closure → rounded → coronal → spread_vowel,"bilabial_closure,coronal,rounded,spread_vowel","bilabial_closure→rounded,rounded→coronal,coronal→spread_vowel",bilabial_closure; coronal; rounded; spread_vowel,"m:bilabial_closure,o:rounded,r:coronal,i:spread_vowel","m:bilabial_closure→o:rounded,o:rounded→r:coronal,r:coronal→i:spread_vowel",0.12121212121212122,0.0,0.0,0.019736842105263157,0.4,0.07142857142857142,0.019736842105263157,0.035237240829346095,0.2357142857142857,0.09030205383588842,0.06776392467181941,0.4532967032967033,0.17365779583824695,MODELED_PROXY_NOT_RECORDED,0.14 + 0.19*mora + 0.03*N + 0.045*Q + 0.025*long_mora + 0.08*phrase; SD=0.035+0.018*sqrt(mora)+0.012*phrase+0.005*special
J044,word,山,やま,2,0.52,0.52,0.06,やま,や-ま,"m,y",a,,y-a-m-a,,0,"a,m,y","y→a,a→m,m→a",,,0,mora_timed;pitch_accent_relevant,2,,lexical_nucleus,Accent Jiten aggregation: OJAD; NHK; Wiktionary; Kanjium; Kishimoto Tsuneyo,HIGH,RULE_REVIEWED,RULE_REVIEWED,DICTIONARY_VERIFIED,,palatal_glottal → open_vowel → bilabial_closure → open_vowel,"bilabial_closure,open_vowel,palatal_glottal","palatal_glottal→open_vowel,open_vowel→bilabial_closure,bilabial_closure→open_vowel",bilabial_closure; open_vowel; palatal_glottal,"y:palatal_glottal,a:open_vowel,m:bilabial_closure,a:open_vowel","y:palatal_glottal→a:open_vowel,a:open_vowel→m:bilabial_closure,m:bilabial_closure→a:open_vowel",0.09090909090909091,0.0,0.0,0.019736842105263157,0.3,0.07142857142857142,0.019736842105263157,0.02766148325358852,0.18571428571428572,0.0716873352211698,0.05319516010305484,0.35714285714285715,0.13786026004071114,MODELED_PROXY_NOT_RECORDED,0.14 + 0.19*mora + 0.03*N + 0.045*Q + 0.025*long_mora + 0.08*phrase; SD=0.035+0.018*sqrt(mora)+0.012*phrase+0.005*special
J045,word,雪,ゆき,2,0.52,0.52,0.06,ゆき,ゆ-き,"k,y","i,u",,y-u-k-i,,0,"i,k,u,y","y→u,u→k,k→i",,,0,mora_timed;pitch_accent_relevant,2,1,lexical_nucleus,Accent Jiten aggregation: OJAD; NHK; Wiktionary; Kanjium; Kishimoto Tsuneyo,MEDIUM,RULE_REVIEWED,RULE_REVIEWED,DICTIONARY_VERIFIED,,palatal_glottal → rounded → low_visibility_velar → spread_vowel,"low_visibility_velar,palatal_glottal,rounded,spread_vowel","palatal_glottal→rounded,rounded→low_visibility_velar,low_visibility_velar→spread_vowel",low_visibility_velar; palatal_glottal; rounded; spread_vowel,"y:palatal_glottal,u:rounded,k:low_visibility_velar,i:spread_vowel","y:palatal_glottal→u:rounded,u:rounded→k:low_visibility_velar,k:low_visibility_velar→i:spread_vowel",0.12121212121212122,0.0,0.0,0.019736842105263157,0.4,0.07142857142857142,0.019736842105263157,0.035237240829346095,0.2357142857142857,0.09030205383588842,0.06776392467181941,0.4532967032967033,0.17365779583824695,MODELED_PROXY_NOT_RECORDED,0.14 + 0.19*mora + 0.03*N + 0.045*Q + 0.025*long_mora + 0.08*phrase; SD=0.035+0.018*sqrt(mora)+0.012*phrase+0.005*special
J046,word,夜,よる,2,0.52,0.52,0.06,よる,よ-る,"r,y","o,u",,y-o-r-u,,0,"o,r,u,y","y→o,o→r,r→u",,,0,mora_timed;pitch_accent_relevant,1,,lexical_nucleus,Accent Jiten aggregation: OJAD; NHK; Wiktionary; Kanjium; Kishimoto Tsuneyo,HIGH,RULE_REVIEWED,RULE_REVIEWED,DICTIONARY_VERIFIED,,palatal_glottal → rounded → coronal → rounded,"coronal,palatal_glottal,rounded","palatal_glottal→rounded,rounded→coronal,coronal→rounded",coronal; palatal_glottal; rounded,"y:palatal_glottal,o:rounded,r:coronal,u:rounded","y:palatal_glottal→o:rounded,o:rounded→r:coronal,r:coronal→u:rounded",0.12121212121212122,0.0,0.0,0.019736842105263157,0.3,0.07142857142857142,0.019736842105263157,0.035237240829346095,0.18571428571428572,0.07601633955017414,0.06776392467181941,0.35714285714285715,0.14618526836571952,MODELED_PROXY_NOT_RECORDED,0.14 + 0.19*mora + 0.03*N + 0.045*Q + 0.025*long_mora + 0.08*phrase; SD=0.035+0.018*sqrt(mora)+0.012*phrase+0.005*special
J047,word,空,そら,2,0.52,0.52,0.06,そら,そ-ら,"r,s","a,o",,s-o-r-a,,0,"a,o,r,s","s→o,o→r,r→a",,,0,mora_timed;pitch_accent_relevant,1,,lexical_nucleus,Accent Jiten aggregation: OJAD; NHK; Wiktionary; Kanjium; Kishimoto Tsuneyo,HIGH,RULE_REVIEWED,RULE_REVIEWED,DICTIONARY_VERIFIED,,coronal → rounded → coronal → open_vowel,"coronal,open_vowel,rounded","coronal→rounded,rounded→coronal,coronal→open_vowel",coronal; open_vowel; rounded,"s:coronal,o:rounded,r:coronal,a:open_vowel","s:coronal→o:rounded,o:rounded→r:coronal,r:coronal→a:open_vowel",0.12121212121212122,0.0,0.0,0.019736842105263157,0.3,0.07142857142857142,0.019736842105263157,0.035237240829346095,0.18571428571428572,0.07601633955017414,0.06776392467181941,0.35714285714285715,0.14618526836571952,MODELED_PROXY_NOT_RECORDED,0.14 + 0.19*mora + 0.03*N + 0.045*Q + 0.025*long_mora + 0.08*phrase; SD=0.035+0.018*sqrt(mora)+0.012*phrase+0.005*special
J048,word,林檎,りんご,3,0.72,0.74,0.07,りんご,り-ん-ご,"g,r","i,o",N,r-i-N-g-o,,0,"N,g,i,o,r","r→i,i→N,N→g,g→o",,moraic_nasal,1,mora_timed;pitch_accent_relevant,0,,lexical_nucleus,Accent Jiten aggregation: OJAD; NHK; Wiktionary; Kanjium; Kishimoto Tsuneyo,HIGH,RULE_REVIEWED,RULE_REVIEWED,DICTIONARY_VERIFIED,,coronal → spread_vowel → special_mora → low_visibility_velar → rounded,"coronal,low_visibility_velar,rounded,special_mora,spread_vowel","coronal→spread_vowel,spread_vowel→special_mora,special_mora→low_visibility_velar,low_visibility_velar→rounded",coronal; low_visibility_velar; rounded; special_mora; spread_vowel,"r:coronal,i:spread_vowel,N:special_mora,g:low_visibility_velar,o:rounded","r:coronal→i:spread_vowel,i:spread_vowel→N:special_mora,N:special_mora→g:low_visibility_velar,g:low_visibility_velar→o:rounded",0.15151515151515152,0.3333333333333333,0.2,0.02631578947368421,0.5,0.09523809523809523,0.02631578947368421,0.17779106858054228,0.2976190476190476,0.19038830843342122,0.2402582007845166,0.4021879021879022,0.25728149788300164,MODELED_PROXY_NOT_RECORDED,0.14 + 0.19*mora + 0.03*N + 0.045*Q + 0.025*long_mora + 0.08*phrase; SD=0.035+0.018*sqrt(mora)+0.012*phrase+0.005*special
J049,word,留守,るす,2,0.52,0.52,0.06,るす,る-す,"r,s",u,,r-u-s-u,,0,"r,s,u","r→u,u→s,s→u",,,0,mora_timed;pitch_accent_relevant,1,,lexical_nucleus,Accent Jiten aggregation: OJAD; NHK; Wiktionary; Kanjium; Kishimoto Tsuneyo,HIGH,RULE_REVIEWED,RULE_REVIEWED,DICTIONARY_VERIFIED,,coronal → rounded → coronal → rounded,"coronal,rounded","coronal→rounded,rounded→coronal,coronal→rounded",coronal; rounded,"r:coronal,u:rounded,s:coronal,u:rounded","r:coronal→u:rounded,u:rounded→s:coronal,s:coronal→u:rounded",0.09090909090909091,0.0,0.0,0.019736842105263157,0.2,0.047619047619047616,0.019736842105263157,0.02766148325358852,0.12380952380952381,0.054000260391237835,0.05319516010305484,0.23809523809523808,0.10384665459853429,MODELED_PROXY_NOT_RECORDED,0.14 + 0.19*mora + 0.03*N + 0.045*Q + 0.025*long_mora + 0.08*phrase; SD=0.035+0.018*sqrt(mora)+0.012*phrase+0.005*special
J050,word,冷蔵庫,れいぞうこ,5,1.12,1.14,0.09,れいぞうこ,れ-い-ぞ-う-こ,"k,r,z","e,i,o,u",R,r-e-i-z-o-u-k-o,"e:1-2,o:3-4",2,"e,i,k,o,r,u,z","r→e,e→i,i→z,z→o,o→u,u→k,k→o",,vowel_length,1,mora_timed;pitch_accent_relevant,3,,lexical_nucleus,Accent Jiten aggregation: OJAD; NHK; Wiktionary; Kanjium; Kishimoto Tsuneyo,HIGH,RULE_REVIEWED,RULE_REVIEWED,DICTIONARY_VERIFIED,,coronal → spread_vowel → spread_vowel → coronal → rounded → rounded → low_visibility_velar → rounded,"coronal,low_visibility_velar,rounded,spread_vowel","coronal→spread_vowel,spread_vowel→spread_vowel,spread_vowel→coronal,coronal→rounded,rounded→rounded,rounded→low_visibility_velar,low_visibility_velar→rounded",coronal; low_visibility_velar; rounded; spread_vowel,"r:coronal,e:spread_vowel,i:spread_vowel,z:coronal,o:rounded,u:rounded,k:low_visibility_velar,o:rounded","r:coronal→e:spread_vowel,e:spread_vowel→i:spread_vowel,i:spread_vowel→z:coronal,z:coronal→o:rounded,o:rounded→u:rounded,u:rounded→k:low_visibility_velar,k:low_visibility_velar→o:rounded",0.21212121212121213,0.3333333333333333,0.2,0.046052631578947366,0.4,0.16666666666666666,0.046052631578947366,0.1978767942583732,0.2833333333333333,0.20060378218272956,0.17357613531436247,0.24853801169590645,0.1759682299848505,MODELED_PROXY_NOT_RECORDED,0.14 + 0.19*mora + 0.03*N + 0.045*Q + 0.025*long_mora + 0.08*phrase; SD=0.035+0.018*sqrt(mora)+0.012*phrase+0.005*special
J051,word,廊下,ろうか,3,0.72,0.74,0.07,ろうか,ろ-う-か,"k,r","a,o,u",R,r-o-u-k-a,o:1-2,1,"a,k,o,r,u","r→o,o→u,u→k,k→a",,vowel_length,1,mora_timed;pitch_accent_relevant,0,,lexical_nucleus,Accent Jiten aggregation: OJAD; NHK; Wiktionary; Kanjium; Kishimoto Tsuneyo,HIGH,RULE_REVIEWED,RULE_REVIEWED,DICTIONARY_VERIFIED,,coronal → rounded → rounded → low_visibility_velar → open_vowel,"coronal,low_visibility_velar,open_vowel,rounded","coronal→rounded,rounded→rounded,rounded→low_visibility_velar,low_visibility_velar→open_vowel",coronal; low_visibility_velar; open_vowel; rounded,"r:coronal,o:rounded,u:rounded,k:low_visibility_velar,a:open_vowel","r:coronal→o:rounded,o:rounded→u:rounded,u:rounded→k:low_visibility_velar,k:low_visibility_velar→a:open_vowel",0.15151515151515152,0.3333333333333333,0.2,0.02631578947368421,0.4,0.09523809523809523,0.02631578947368421,0.17779106858054228,0.24761904761904763,0.17610259414770693,0.2402582007845166,0.33462033462033464,0.23797647857798235,MODELED_PROXY_NOT_RECORDED,0.14 + 0.19*mora + 0.03*N + 0.045*Q + 0.025*long_mora + 0.08*phrase; SD=0.035+0.018*sqrt(mora)+0.012*phrase+0.005*special
J052,word,私,わたし,3,0.72,0.71,0.07,わたし,わ-た-し,"sh,t,w","a,i",,w-a-t-a-sh-i,,0,"a,i,sh,t,w","w→a,a→t,t→a,a→sh,sh→i",,,0,mora_timed;pitch_accent_relevant,0,,lexical_nucleus,Accent Jiten aggregation: OJAD; NHK; Wiktionary; Kanjium; Kishimoto Tsuneyo,HIGH,RULE_REVIEWED,RULE_REVIEWED,DICTIONARY_VERIFIED,,rounded → open_vowel → coronal → open_vowel → coronal → spread_vowel,"coronal,open_vowel,rounded,spread_vowel","rounded→open_vowel,open_vowel→coronal,coronal→open_vowel,open_vowel→coronal,coronal→spread_vowel",coronal; open_vowel; rounded; spread_vowel,"w:rounded,a:open_vowel,t:coronal,a:open_vowel,sh:coronal,i:spread_vowel","w:rounded→a:open_vowel,a:open_vowel→t:coronal,t:coronal→a:open_vowel,a:open_vowel→sh:coronal,sh:coronal→i:spread_vowel",0.15151515151515152,0.0,0.0,0.03289473684210526,0.4,0.09523809523809523,0.03289473684210526,0.04610247208931419,0.24761904761904763,0.10179181720535103,0.06493305928072422,0.34875922199865866,0.14336875662725498,MODELED_PROXY_NOT_RECORDED,0.14 + 0.19*mora + 0.03*N + 0.045*Q + 0.025*long_mora + 0.08*phrase; SD=0.035+0.018*sqrt(mora)+0.012*phrase+0.005*special
J053,word,銀行,ぎんこう,4,0.92,0.96,0.08,ぎんこう,ぎ-ん-こ-う,"g,k","i,o,u","N,R",g-i-N-k-o-u,o:3-4,1,"N,g,i,k,o,u","g→i,i→N,N→k,k→o,o→u",,"moraic_nasal,vowel_length",2,mora_timed;pitch_accent_relevant,0,,lexical_nucleus,Accent Jiten aggregation: OJAD; NHK; Wiktionary; Kanjium; Kishimoto Tsuneyo,HIGH,RULE_REVIEWED,RULE_REVIEWED,DICTIONARY_VERIFIED,,low_visibility_velar → spread_vowel → special_mora → low_visibility_velar → rounded → rounded,"low_visibility_velar,rounded,special_mora,spread_vowel","low_visibility_velar→spread_vowel,spread_vowel→special_mora,special_mora→low_visibility_velar,low_visibility_velar→rounded,rounded→rounded",low_visibility_velar; rounded; special_mora; spread_vowel,"g:low_visibility_velar,i:spread_vowel,N:special_mora,k:low_visibility_velar,o:rounded,u:rounded","g:low_visibility_velar→i:spread_vowel,i:spread_vowel→N:special_mora,N:special_mora→k:low_visibility_velar,k:low_visibility_velar→o:rounded,o:rounded→u:rounded",0.18181818181818182,0.6666666666666666,0.4,0.03289473684210526,0.4,0.11904761904761904,0.03289473684210526,0.32034489633173846,0.25952380952380955,0.26190313445952546,0.3336926003455609,0.2703373015873016,0.27281576506200567,MODELED_PROXY_NOT_RECORDED,0.14 + 0.19*mora + 0.03*N + 0.045*Q + 0.025*long_mora + 0.08*phrase; SD=0.035+0.018*sqrt(mora)+0.012*phrase+0.005*special
J054,word,午後,ごご,2,0.52,0.52,0.06,ごご,ご-ご,g,o,,g-o-g-o,,0,"g,o","g→o,o→g,g→o",,,0,mora_timed;pitch_accent_relevant,1,,lexical_nucleus,Accent Jiten aggregation: OJAD; NHK; Wiktionary; Kanjium; Kishimoto Tsuneyo,HIGH,RULE_REVIEWED,RULE_REVIEWED,DICTIONARY_VERIFIED,,low_visibility_velar → rounded → low_visibility_velar → rounded,"low_visibility_velar,rounded","low_visibility_velar→rounded,rounded→low_visibility_velar,low_visibility_velar→rounded",low_visibility_velar; rounded,"g:low_visibility_velar,o:rounded,g:low_visibility_velar,o:rounded","g:low_visibility_velar→o:rounded,o:rounded→g:low_visibility_velar,g:low_visibility_velar→o:rounded",0.06060606060606061,0.0,0.0,0.013157894736842105,0.2,0.047619047619047616,0.013157894736842105,0.018440988835725678,0.12380952380952381,0.04779155681411321,0.03546344006870322,0.23809523809523808,0.0919068400271408,MODELED_PROXY_NOT_RECORDED,0.14 + 0.19*mora + 0.03*N + 0.045*Q + 0.025*long_mora + 0.08*phrase; SD=0.035+0.018*sqrt(mora)+0.012*phrase+0.005*special
J055,word,写真,しゃしん,3,0.72,0.74,0.07,しゃしん,しゃ-し-ん,sh,"a,i",N,sh-a-sh-i-N,,0,"N,a,i,sh","sh→a,a→sh,sh→i,i→N",,"moraic_nasal,palatalization",2,mora_timed;pitch_accent_relevant,0,,lexical_nucleus,Accent Jiten aggregation: OJAD; NHK; Wiktionary; Kanjium; Kishimoto Tsuneyo,HIGH,RULE_REVIEWED,RULE_REVIEWED,DICTIONARY_VERIFIED,,coronal → open_vowel → coronal → spread_vowel → special_mora,"coronal,open_vowel,special_mora,spread_vowel","coronal→open_vowel,open_vowel→coronal,coronal→spread_vowel,spread_vowel→special_mora",coronal; open_vowel; special_mora; spread_vowel,"sh:coronal,a:open_vowel,sh:coronal,i:spread_vowel,N:special_mora","sh:coronal→a:open_vowel,a:open_vowel→sh:coronal,sh:coronal→i:spread_vowel,i:spread_vowel→N:special_mora",0.12121212121212122,0.3333333333333333,0.4,0.02631578947368421,0.4,0.09523809523809523,0.02631578947368421,0.2202153110047847,0.24761904761904763,0.2003450183901312,0.2975882581145739,0.33462033462033464,0.27073651133801513,MODELED_PROXY_NOT_RECORDED,0.14 + 0.19*mora + 0.03*N + 0.045*Q + 0.025*long_mora + 0.08*phrase; SD=0.035+0.018*sqrt(mora)+0.012*phrase+0.005*special
J056,word,主役,しゅやく,3,0.72,0.71,0.07,しゅやく,しゅ-や-く,"k,sh,y","a,u",,sh-u-y-a-k-u,,0,"a,k,sh,u,y","sh→u,u→y,y→a,a→k,k→u",,palatalization,1,mora_timed;pitch_accent_relevant,0,,lexical_nucleus,Accent Jiten aggregation: OJAD; NHK; Wiktionary; Kanjium; Kishimoto Tsuneyo,HIGH,RULE_REVIEWED,RULE_REVIEWED,DICTIONARY_VERIFIED,,coronal → rounded → palatal_glottal → open_vowel → low_visibility_velar → rounded,"coronal,low_visibility_velar,open_vowel,palatal_glottal,rounded","coronal→rounded,rounded→palatal_glottal,palatal_glottal→open_vowel,open_vowel→low_visibility_velar,low_visibility_velar→rounded",coronal; low_visibility_velar; open_vowel; palatal_glottal; rounded,"sh:coronal,u:rounded,y:palatal_glottal,a:open_vowel,k:low_visibility_velar,u:rounded","sh:coronal→u:rounded,u:rounded→y:palatal_glottal,y:palatal_glottal→a:open_vowel,a:open_vowel→k:low_visibility_velar,k:low_visibility_velar→u:rounded",0.15151515151515152,0.0,0.2,0.03289473684210526,0.5,0.11904761904761904,0.03289473684210526,0.0961024720893142,0.30952380952380953,0.14805032060671158,0.13535559449199183,0.4359490274983233,0.2085215783193121,MODELED_PROXY_NOT_RECORDED,0.14 + 0.19*mora + 0.03*N + 0.045*Q + 0.025*long_mora + 0.08*phrase; SD=0.035+0.018*sqrt(mora)+0.012*phrase+0.005*special
J057,word,食事,しょくじ,3,0.72,0.71,0.07,しょくじ,しょ-く-じ,"j,k,sh","i,o,u",,sh-o-k-u-j-i,,0,"i,j,k,o,sh,u","sh→o,o→k,k→u,u→j,j→i",,palatalization,1,mora_timed;pitch_accent_relevant,0,,lexical_nucleus,Accent Jiten aggregation: OJAD; NHK; Wiktionary; Kanjium; Kishimoto Tsuneyo,HIGH,RULE_REVIEWED,RULE_REVIEWED,DICTIONARY_VERIFIED,,coronal → rounded → low_visibility_velar → rounded → coronal → spread_vowel,"coronal,low_visibility_velar,rounded,spread_vowel","coronal→rounded,rounded→low_visibility_velar,low_visibility_velar→rounded,rounded→coronal,coronal→spread_vowel",coronal; low_visibility_velar; rounded; spread_vowel,"sh:coronal,o:rounded,k:low_visibility_velar,u:rounded,j:coronal,i:spread_vowel","sh:coronal→o:rounded,o:rounded→k:low_visibility_velar,k:low_visibility_velar→u:rounded,u:rounded→j:coronal,j:coronal→i:spread_vowel",0.18181818181818182,0.0,0.2,0.03289473684210526,0.4,0.11904761904761904,0.03289473684210526,0.10367822966507177,0.25952380952380955,0.13809361065000164,0.14602567558460813,0.3655264922870557,0.1944980431690164,MODELED_PROXY_NOT_RECORDED,0.14 + 0.19*mora + 0.03*N + 0.045*Q + 0.025*long_mora + 0.08*phrase; SD=0.035+0.018*sqrt(mora)+0.012*phrase+0.005*special
J058,word,茶碗,ちゃわん,3,0.72,0.74,0.07,ちゃわん,ちゃ-わ-ん,"ch,w",a,N,ch-a-w-a-N,,0,"N,a,ch,w","ch→a,a→w,w→a,a→N",,"moraic_nasal,palatalization",2,mora_timed;pitch_accent_relevant,0,,lexical_nucleus,Accent Jiten aggregation: OJAD; NHK; Wiktionary; Kanjium; Kishimoto Tsuneyo,HIGH,RULE_REVIEWED,RULE_REVIEWED,DICTIONARY_VERIFIED,,coronal → open_vowel → rounded → open_vowel → special_mora,"coronal,open_vowel,rounded,special_mora","coronal→open_vowel,open_vowel→rounded,rounded→open_vowel,open_vowel→special_mora",coronal; open_vowel; rounded; special_mora,"ch:coronal,a:open_vowel,w:rounded,a:open_vowel,N:special_mora","ch:coronal→a:open_vowel,a:open_vowel→w:rounded,w:rounded→a:open_vowel,a:open_vowel→N:special_mora",0.12121212121212122,0.3333333333333333,0.4,0.02631578947368421,0.4,0.09523809523809523,0.02631578947368421,0.2202153110047847,0.24761904761904763,0.2003450183901312,0.2975882581145739,0.33462033462033464,0.27073651133801513,MODELED_PROXY_NOT_RECORDED,0.14 + 0.19*mora + 0.03*N + 0.045*Q + 0.025*long_mora + 0.08*phrase; SD=0.035+0.018*sqrt(mora)+0.012*phrase+0.005*special
J059,word,注意,ちゅうい,3,0.72,0.74,0.07,ちゅうい,ちゅ-う-い,ch,"i,u",R,ch-u-u-i,u:1-2,1,"ch,i,u","ch→u,u→u,u→i",,"vowel_length,palatalization",2,mora_timed;pitch_accent_relevant,1,,lexical_nucleus,Accent Jiten aggregation: OJAD; NHK; Wiktionary; Kanjium; Kishimoto Tsuneyo,HIGH,RULE_REVIEWED,RULE_REVIEWED,DICTIONARY_VERIFIED,,coronal → rounded → rounded → spread_vowel,"coronal,rounded,spread_vowel","coronal→rounded,rounded→rounded,rounded→spread_vowel",coronal; rounded; spread_vowel,"ch:coronal,u:rounded,u:rounded,i:spread_vowel","ch:coronal→u:rounded,u:rounded→u:rounded,u:rounded→i:spread_vowel",0.09090909090909091,0.3333333333333333,0.4,0.019736842105263157,0.3,0.07142857142857142,0.019736842105263157,0.21099481658692185,0.18571428571428572,0.17644923998307457,0.28512813052286734,0.25096525096525096,0.23844491889604671,MODELED_PROXY_NOT_RECORDED,0.14 + 0.19*mora + 0.03*N + 0.045*Q + 0.025*long_mora + 0.08*phrase; SD=0.035+0.018*sqrt(mora)+0.012*phrase+0.005*special
J060,word,貯金,ちょきん,3,0.72,0.74,0.07,ちょきん,ちょ-き-ん,"ch,k","i,o",N,ch-o-k-i-N,,0,"N,ch,i,k,o","ch→o,o→k,k→i,i→N",,"moraic_nasal,palatalization",2,mora_timed;pitch_accent_relevant,0,2,lexical_nucleus,Accent Jiten aggregation: OJAD; NHK; Wiktionary; Kanjium; Kishimoto Tsuneyo,MEDIUM,RULE_REVIEWED,RULE_REVIEWED,DICTIONARY_VERIFIED,,coronal → rounded → low_visibility_velar → spread_vowel → special_mora,"coronal,low_visibility_velar,rounded,special_mora,spread_vowel","coronal→rounded,rounded→low_visibility_velar,low_visibility_velar→spread_vowel,spread_vowel→special_mora",coronal; low_visibility_velar; rounded; special_mora; spread_vowel,"ch:coronal,o:rounded,k:low_visibility_velar,i:spread_vowel,N:special_mora","ch:coronal→o:rounded,o:rounded→k:low_visibility_velar,k:low_visibility_velar→i:spread_vowel,i:spread_vowel→N:special_mora",0.15151515151515152,0.3333333333333333,0.4,0.02631578947368421,0.5,0.09523809523809523,0.02631578947368421,0.22779106858054227,0.2976190476190476,0.21895973700484977,0.30782576835208414,0.4021879021879022,0.29589153649304023,MODELED_PROXY_NOT_RECORDED,0.14 + 0.19*mora + 0.03*N + 0.045*Q + 0.025*long_mora + 0.08*phrase; SD=0.035+0.018*sqrt(mora)+0.012*phrase+0.005*special
J061,word,客,きゃく,2,0.52,0.52,0.06,きゃく,きゃ-く,"k,ky","a,u",,ky-a-k-u,,0,"a,k,ky,u","ky→a,a→k,k→u",,palatalization,1,mora_timed;pitch_accent_relevant,0,,lexical_nucleus,Accent Jiten aggregation: OJAD; NHK; Wiktionary; Kanjium; Kishimoto Tsuneyo,HIGH,RULE_REVIEWED,RULE_REVIEWED,DICTIONARY_VERIFIED,,low_visibility_velar → open_vowel → low_visibility_velar → rounded,"low_visibility_velar,open_vowel,rounded","low_visibility_velar→open_vowel,open_vowel→low_visibility_velar,low_visibility_velar→rounded",low_visibility_velar; open_vowel; rounded,"ky:low_visibility_velar,a:open_vowel,k:low_visibility_velar,u:rounded","ky:low_visibility_velar→a:open_vowel,a:open_vowel→k:low_visibility_velar,k:low_visibility_velar→u:rounded",0.12121212121212122,0.0,0.2,0.019736842105263157,0.3,0.07142857142857142,0.019736842105263157,0.0852372408293461,0.18571428571428572,0.10458776812160271,0.16391777082566555,0.35714285714285715,0.20113032331077443,MODELED_PROXY_NOT_RECORDED,0.14 + 0.19*mora + 0.03*N + 0.045*Q + 0.025*long_mora + 0.08*phrase; SD=0.035+0.018*sqrt(mora)+0.012*phrase+0.005*special
J062,word,九,きゅう,2,0.52,0.55,0.07,きゅう,きゅ-う,ky,u,R,ky-u-u,u:1-2,1,"ky,u","ky→u,u→u",,"vowel_length,palatalization",2,mora_timed;pitch_accent_relevant,1,,lexical_nucleus,Accent Jiten aggregation: OJAD; NHK; Wiktionary; Kanjium; Kishimoto Tsuneyo,HIGH,RULE_REVIEWED,RULE_REVIEWED,DICTIONARY_VERIFIED,,low_visibility_velar → rounded → rounded,"low_visibility_velar,rounded","low_visibility_velar→rounded,rounded→rounded",low_visibility_velar; rounded,"ky:low_visibility_velar,u:rounded,u:rounded","ky:low_visibility_velar→u:rounded,u:rounded→u:rounded",0.06060606060606061,0.3333333333333333,0.4,0.013157894736842105,0.2,0.047619047619047616,0.013157894736842105,0.20177432216905902,0.12380952380952381,0.15255346157601798,0.36686240394374364,0.2251082251082251,0.2773699301382145,MODELED_PROXY_NOT_RECORDED,0.14 + 0.19*mora + 0.03*N + 0.045*Q + 0.025*long_mora + 0.08*phrase; SD=0.035+0.018*sqrt(mora)+0.012*phrase+0.005*special
J063,word,今日,きょう,2,0.52,0.55,0.07,きょう,きょ-う,ky,"o,u",R,ky-o-u,o:1-2,1,"ky,o,u","ky→o,o→u",,"vowel_length,palatalization",2,mora_timed;pitch_accent_relevant,1,,lexical_nucleus,Accent Jiten aggregation: OJAD; NHK; Wiktionary; Kanjium; Kishimoto Tsuneyo,HIGH,RULE_REVIEWED,RULE_REVIEWED,DICTIONARY_VERIFIED,,low_visibility_velar → rounded → rounded,"low_visibility_velar,rounded","low_visibility_velar→rounded,rounded→rounded",low_visibility_velar; rounded,"ky:low_visibility_velar,o:rounded,u:rounded","ky:low_visibility_velar→o:rounded,o:rounded→u:rounded",0.09090909090909091,0.3333333333333333,0.4,0.013157894736842105,0.2,0.047619047619047616,0.013157894736842105,0.2093500797448166,0.12380952380952381,0.1568824659050223,0.3806365086269392,0.2251082251082251,0.28524084710004055,MODELED_PROXY_NOT_RECORDED,0.14 + 0.19*mora + 0.03*N + 0.045*Q + 0.025*long_mora + 0.08*phrase; SD=0.035+0.018*sqrt(mora)+0.012*phrase+0.005*special
J064,word,百,ひゃく,2,0.52,0.52,0.06,ひゃく,ひゃ-く,"hy,k","a,u",,hy-a-k-u,,0,"a,hy,k,u","hy→a,a→k,k→u",,palatalization,1,mora_timed;pitch_accent_relevant,2,,lexical_nucleus,Accent Jiten aggregation: OJAD; NHK; Wiktionary; Kanjium; Kishimoto Tsuneyo,HIGH,RULE_REVIEWED,RULE_REVIEWED,DICTIONARY_VERIFIED,,palatal_glottal → open_vowel → low_visibility_velar → rounded,"low_visibility_velar,open_vowel,palatal_glottal,rounded","palatal_glottal→open_vowel,open_vowel→low_visibility_velar,low_visibility_velar→rounded",low_visibility_velar; open_vowel; palatal_glottal; rounded,"hy:palatal_glottal,a:open_vowel,k:low_visibility_velar,u:rounded","hy:palatal_glottal→a:open_vowel,a:open_vowel→k:low_visibility_velar,k:low_visibility_velar→u:rounded",0.12121212121212122,0.0,0.2,0.019736842105263157,0.4,0.07142857142857142,0.019736842105263157,0.0852372408293461,0.2357142857142857,0.118873482407317,0.16391777082566555,0.4532967032967033,0.22860285078330192,MODELED_PROXY_NOT_RECORDED,0.14 + 0.19*mora + 0.03*N + 0.045*Q + 0.025*long_mora + 0.08*phrase; SD=0.035+0.018*sqrt(mora)+0.012*phrase+0.005*special
J065,word,表,ひょう,2,0.52,0.55,0.07,ひょう,ひょ-う,hy,"o,u",R,hy-o-u,o:1-2,1,"hy,o,u","hy→o,o→u",,"vowel_length,palatalization",2,mora_timed;pitch_accent_relevant,0,,lexical_nucleus,Accent Jiten aggregation: OJAD; NHK; Wiktionary; Kanjium; Kishimoto Tsuneyo,HIGH,RULE_REVIEWED,RULE_REVIEWED,DICTIONARY_VERIFIED,,palatal_glottal → rounded → rounded,"palatal_glottal,rounded","palatal_glottal→rounded,rounded→rounded",palatal_glottal; rounded,"hy:palatal_glottal,o:rounded,u:rounded","hy:palatal_glottal→o:rounded,o:rounded→u:rounded",0.09090909090909091,0.3333333333333333,0.4,0.013157894736842105,0.2,0.047619047619047616,0.013157894736842105,0.2093500797448166,0.12380952380952381,0.1568824659050223,0.3806365086269392,0.2251082251082251,0.28524084710004055,MODELED_PROXY_NOT_RECORDED,0.14 + 0.19*mora + 0.03*N + 0.045*Q + 0.025*long_mora + 0.08*phrase; SD=0.035+0.018*sqrt(mora)+0.012*phrase+0.005*special
J066,word,牛乳,ぎゅうにゅう,4,0.92,0.95,0.08,ぎゅうにゅう,ぎゅ-う-にゅ-う,"gy,ny",u,R,gy-u-u-ny-u-u,"u:1-2,u:3-4",2,"gy,ny,u","gy→u,u→u,u→ny,ny→u,u→u",,"vowel_length,palatalization",2,mora_timed;pitch_accent_relevant,0,,lexical_nucleus,Accent Jiten aggregation: OJAD; NHK; Wiktionary; Kanjium; Kishimoto Tsuneyo,HIGH,RULE_REVIEWED,RULE_REVIEWED,DICTIONARY_VERIFIED,,low_visibility_velar → rounded → rounded → palatal_glottal → rounded → rounded,"low_visibility_velar,palatal_glottal,rounded","low_visibility_velar→rounded,rounded→rounded,rounded→palatal_glottal,palatal_glottal→rounded,rounded→rounded",low_visibility_velar; palatal_glottal; rounded,"gy:low_visibility_velar,u:rounded,u:rounded,ny:palatal_glottal,u:rounded,u:rounded","gy:low_visibility_velar→u:rounded,u:rounded→u:rounded,u:rounded→ny:palatal_glottal,ny:palatal_glottal→u:rounded,u:rounded→u:rounded",0.09090909090909091,0.3333333333333333,0.4,0.02631578947368421,0.3,0.09523809523809523,0.02631578947368421,0.21263955342902713,0.1976190476190476,0.18173029977541258,0.22383110887266014,0.20802005012531327,0.19129505239517114,MODELED_PROXY_NOT_RECORDED,0.14 + 0.19*mora + 0.03*N + 0.045*Q + 0.025*long_mora + 0.08*phrase; SD=0.035+0.018*sqrt(mora)+0.012*phrase+0.005*special
J067,word,料理,りょうり,3,0.72,0.74,0.07,りょうり,りょ-う-り,"r,ry","i,o,u",R,ry-o-u-r-i,o:1-2,1,"i,o,r,ry,u","ry→o,o→u,u→r,r→i",,"vowel_length,palatalization",2,mora_timed;pitch_accent_relevant,1,,lexical_nucleus,Accent Jiten aggregation: OJAD; NHK; Wiktionary; Kanjium; Kishimoto Tsuneyo,HIGH,RULE_REVIEWED,RULE_REVIEWED,DICTIONARY_VERIFIED,,palatal_glottal → rounded → rounded → coronal → spread_vowel,"coronal,palatal_glottal,rounded,spread_vowel","palatal_glottal→rounded,rounded→rounded,rounded→coronal,coronal→spread_vowel",coronal; palatal_glottal; rounded; spread_vowel,"ry:palatal_glottal,o:rounded,u:rounded,r:coronal,i:spread_vowel","ry:palatal_glottal→o:rounded,o:rounded→u:rounded,u:rounded→r:coronal,r:coronal→i:spread_vowel",0.15151515151515152,0.3333333333333333,0.4,0.02631578947368421,0.4,0.09523809523809523,0.02631578947368421,0.22779106858054227,0.24761904761904763,0.2046740227191355,0.30782576835208414,0.33462033462033464,0.27658651718802096,MODELED_PROXY_NOT_RECORDED,0.14 + 0.19*mora + 0.03*N + 0.045*Q + 0.025*long_mora + 0.08*phrase; SD=0.035+0.018*sqrt(mora)+0.012*phrase+0.005*special
J068,word,旅行,りょこう,3,0.72,0.74,0.07,りょこう,りょ-こ-う,"k,ry","o,u",R,ry-o-k-o-u,o:2-3,1,"k,o,ry,u","ry→o,o→k,k→o,o→u",,"vowel_length,palatalization",2,mora_timed;pitch_accent_relevant,0,,lexical_nucleus,Accent Jiten aggregation: OJAD; NHK; Wiktionary; Kanjium; Kishimoto Tsuneyo,HIGH,RULE_REVIEWED,RULE_REVIEWED,DICTIONARY_VERIFIED,,palatal_glottal → rounded → low_visibility_velar → rounded → rounded,"low_visibility_velar,palatal_glottal,rounded","palatal_glottal→rounded,rounded→low_visibility_velar,low_visibility_velar→rounded,rounded→rounded",low_visibility_velar; palatal_glottal; rounded,"ry:palatal_glottal,o:rounded,k:low_visibility_velar,o:rounded,u:rounded","ry:palatal_glottal→o:rounded,o:rounded→k:low_visibility_velar,k:low_visibility_velar→o:rounded,o:rounded→u:rounded",0.12121212121212122,0.3333333333333333,0.4,0.02631578947368421,0.3,0.09523809523809523,0.02631578947368421,0.2202153110047847,0.1976190476190476,0.1860593041044169,0.2975882581145739,0.26705276705276704,0.2514314920329958,MODELED_PROXY_NOT_RECORDED,0.14 + 0.19*mora + 0.03*N + 0.045*Q + 0.025*long_mora + 0.08*phrase; SD=0.035+0.018*sqrt(mora)+0.012*phrase+0.005*special
J069,word,病院,びょういん,4,0.92,0.96,0.08,びょういん,びょ-う-い-ん,by,"i,o,u","N,R",by-o-u-i-N,o:1-2,1,"N,by,i,o,u","by→o,o→u,u→i,i→N",,"moraic_nasal,vowel_length,palatalization",3,mora_timed;pitch_accent_relevant,0,,lexical_nucleus,Accent Jiten aggregation: OJAD; NHK; Wiktionary; Kanjium; Kishimoto Tsuneyo,HIGH,RULE_REVIEWED,RULE_REVIEWED,DICTIONARY_VERIFIED,,palatalized_labial → rounded → rounded → spread_vowel → special_mora,"palatalized_labial,rounded,special_mora,spread_vowel","palatalized_labial→rounded,rounded→rounded,rounded→spread_vowel,spread_vowel→special_mora",palatalized_labial; rounded; special_mora; spread_vowel,"by:palatalized_labial,o:rounded,u:rounded,i:spread_vowel,N:special_mora","by:palatalized_labial→o:rounded,o:rounded→u:rounded,u:rounded→i:spread_vowel,i:spread_vowel→N:special_mora",0.15151515151515152,0.6666666666666666,0.6,0.02631578947368421,0.4,0.09523809523809523,0.02631578947368421,0.36112440191387557,0.24761904761904763,0.2808644989096117,0.3761712519936204,0.25793650793650796,0.29256718636417883,MODELED_PROXY_NOT_RECORDED,0.14 + 0.19*mora + 0.03*N + 0.045*Q + 0.025*long_mora + 0.08*phrase; SD=0.035+0.018*sqrt(mora)+0.012*phrase+0.005*special
J070,word,発表,はっぴょう,4,0.92,0.97,0.08,はっぴょう,は-っ-ぴょ-う,"h,py","a,o,u","Q,R",h-a-Q-py-o-u,o:3-4,1,"Q,a,h,o,py,u","h→a,a→Q,Q→py,py→o,o→u",,"gemination,vowel_length,palatalization",3,mora_timed;pitch_accent_relevant,0,,lexical_nucleus,Accent Jiten aggregation: OJAD; NHK; Wiktionary; Kanjium; Kishimoto Tsuneyo,HIGH,RULE_REVIEWED,RULE_REVIEWED,DICTIONARY_VERIFIED,,palatal_glottal → open_vowel → special_mora → palatalized_labial → rounded → rounded,"open_vowel,palatal_glottal,palatalized_labial,rounded,special_mora","palatal_glottal→open_vowel,open_vowel→special_mora,special_mora→palatalized_labial,palatalized_labial→rounded,rounded→rounded",open_vowel; palatal_glottal; palatalized_labial; rounded; special_mora,"h:palatal_glottal,a:open_vowel,Q:special_mora,py:palatalized_labial,o:rounded,u:rounded","h:palatal_glottal→a:open_vowel,a:open_vowel→Q:special_mora,Q:special_mora→py:palatalized_labial,py:palatalized_labial→o:rounded,o:rounded→u:rounded",0.18181818181818182,0.6666666666666666,0.6,0.03289473684210526,0.5,0.11904761904761904,0.03289473684210526,0.37034489633173845,0.30952380952380953,0.30476027731666827,0.3817988621976685,0.3190967108492882,0.3141858529037817,MODELED_PROXY_NOT_RECORDED,0.14 + 0.19*mora + 0.03*N + 0.045*Q + 0.025*long_mora + 0.08*phrase; SD=0.035+0.018*sqrt(mora)+0.012*phrase+0.005*special
J071,word,学校,がっこう,4,0.92,0.97,0.08,がっこう,が-っ-こ-う,"g,k","a,o,u","Q,R",g-a-Q-k-o-u,o:3-4,1,"Q,a,g,k,o,u","g→a,a→Q,Q→k,k→o,o→u",,"gemination,vowel_length",2,mora_timed;pitch_accent_relevant,0,,lexical_nucleus,Accent Jiten aggregation: OJAD; NHK; Wiktionary; Kanjium; Kishimoto Tsuneyo,HIGH,RULE_REVIEWED,RULE_REVIEWED,DICTIONARY_VERIFIED,,low_visibility_velar → open_vowel → special_mora → low_visibility_velar → rounded → rounded,"low_visibility_velar,open_vowel,rounded,special_mora","low_visibility_velar→open_vowel,open_vowel→special_mora,special_mora→low_visibility_velar,low_visibility_velar→rounded,rounded→rounded",low_visibility_velar; open_vowel; rounded; special_mora,"g:low_visibility_velar,a:open_vowel,Q:special_mora,k:low_visibility_velar,o:rounded,u:rounded","g:low_visibility_velar→a:open_vowel,a:open_vowel→Q:special_mora,Q:special_mora→k:low_visibility_velar,k:low_visibility_velar→o:rounded,o:rounded→u:rounded",0.18181818181818182,0.6666666666666666,0.4,0.03289473684210526,0.4,0.11904761904761904,0.03289473684210526,0.32034489633173846,0.25952380952380955,0.26190313445952546,0.3302524704450912,0.2675503190967109,0.2700032314015726,MODELED_PROXY_NOT_RECORDED,0.14 + 0.19*mora + 0.03*N + 0.045*Q + 0.025*long_mora + 0.08*phrase; SD=0.035+0.018*sqrt(mora)+0.012*phrase+0.005*special
J072,word,切手,きって,3,0.72,0.76,0.07,きって,き-っ-て,"k,t","e,i",Q,k-i-Q-t-e,,0,"Q,e,i,k,t","k→i,i→Q,Q→t,t→e",,gemination,1,mora_timed;pitch_accent_relevant,0,3,lexical_nucleus,Accent Jiten aggregation: OJAD; NHK; Wiktionary; Kanjium; Kishimoto Tsuneyo,MEDIUM,RULE_REVIEWED,RULE_REVIEWED,DICTIONARY_VERIFIED,,low_visibility_velar → spread_vowel → special_mora → coronal → spread_vowel,"coronal,low_visibility_velar,special_mora,spread_vowel","low_visibility_velar→spread_vowel,spread_vowel→special_mora,special_mora→coronal,coronal→spread_vowel",coronal; low_visibility_velar; special_mora; spread_vowel,"k:low_visibility_velar,i:spread_vowel,Q:special_mora,t:coronal,e:spread_vowel","k:low_visibility_velar→i:spread_vowel,i:spread_vowel→Q:special_mora,Q:special_mora→t:coronal,t:coronal→e:spread_vowel",0.15151515151515152,0.3333333333333333,0.2,0.02631578947368421,0.4,0.09523809523809523,0.02631578947368421,0.17779106858054228,0.24761904761904763,0.17610259414770693,0.2339356165533451,0.3258145363408521,0.23171393966803544,MODELED_PROXY_NOT_RECORDED,0.14 + 0.19*mora + 0.03*N + 0.045*Q + 0.025*long_mora + 0.08*phrase; SD=0.035+0.018*sqrt(mora)+0.012*phrase+0.005*special
J073,word,雑誌,ざっし,3,0.72,0.76,0.07,ざっし,ざ-っ-し,"sh,z","a,i",Q,z-a-Q-sh-i,,0,"Q,a,i,sh,z","z→a,a→Q,Q→sh,sh→i",,gemination,1,mora_timed;pitch_accent_relevant,0,,lexical_nucleus,Accent Jiten aggregation: OJAD; NHK; Wiktionary; Kanjium; Kishimoto Tsuneyo,HIGH,RULE_REVIEWED,RULE_REVIEWED,DICTIONARY_VERIFIED,,coronal → open_vowel → special_mora → coronal → spread_vowel,"coronal,open_vowel,special_mora,spread_vowel","coronal→open_vowel,open_vowel→special_mora,special_mora→coronal,coronal→spread_vowel",coronal; open_vowel; special_mora; spread_vowel,"z:coronal,a:open_vowel,Q:special_mora,sh:coronal,i:spread_vowel","z:coronal→a:open_vowel,a:open_vowel→Q:special_mora,Q:special_mora→sh:coronal,sh:coronal→i:spread_vowel",0.15151515151515152,0.3333333333333333,0.2,0.02631578947368421,0.4,0.09523809523809523,0.02631578947368421,0.17779106858054228,0.24761904761904763,0.17610259414770693,0.2339356165533451,0.3258145363408521,0.23171393966803544,MODELED_PROXY_NOT_RECORDED,0.14 + 0.19*mora + 0.03*N + 0.045*Q + 0.025*long_mora + 0.08*phrase; SD=0.035+0.018*sqrt(mora)+0.012*phrase+0.005*special
J074,word,一杯,いっぱい,4,0.92,0.95,0.08,いっぱい,い-っ-ぱ-い,p,"a,i",Q,i-Q-p-a-i,,0,"Q,a,i,p","i→Q,Q→p,p→a,a→i",,gemination,1,mora_timed;pitch_accent_relevant,1,0,lexical_nucleus,Accent Jiten aggregation: OJAD; NHK; Wiktionary; Kanjium; Kishimoto Tsuneyo,MEDIUM,RULE_REVIEWED,RULE_REVIEWED,DICTIONARY_VERIFIED,,spread_vowel → special_mora → bilabial_closure → open_vowel → spread_vowel,"bilabial_closure,open_vowel,special_mora,spread_vowel","spread_vowel→special_mora,special_mora→bilabial_closure,bilabial_closure→open_vowel,open_vowel→spread_vowel",bilabial_closure; open_vowel; special_mora; spread_vowel,"i:spread_vowel,Q:special_mora,p:bilabial_closure,a:open_vowel,i:spread_vowel","i:spread_vowel→Q:special_mora,Q:special_mora→p:bilabial_closure,p:bilabial_closure→a:open_vowel,a:open_vowel→i:spread_vowel",0.12121212121212122,0.3333333333333333,0.2,0.02631578947368421,0.4,0.09523809523809523,0.02631578947368421,0.17021531100478468,0.24761904761904763,0.17177358981870258,0.17917401158398388,0.26065162907268175,0.18081430507231852,MODELED_PROXY_NOT_RECORDED,0.14 + 0.19*mora + 0.03*N + 0.045*Q + 0.025*long_mora + 0.08*phrase; SD=0.035+0.018*sqrt(mora)+0.012*phrase+0.005*special
J075,word,新聞,しんぶん,4,0.92,0.93,0.08,しんぶん,し-ん-ぶ-ん,"b,sh","i,u",N,sh-i-N-b-u-N,,0,"N,b,i,sh,u","sh→i,i→N,N→b,b→u,u→N",,moraic_nasal,1,mora_timed;pitch_accent_relevant,0,,lexical_nucleus,Accent Jiten aggregation: OJAD; NHK; Wiktionary; Kanjium; Kishimoto Tsuneyo,HIGH,RULE_REVIEWED,RULE_REVIEWED,DICTIONARY_VERIFIED,,coronal → spread_vowel → special_mora → bilabial_closure → rounded → special_mora,"bilabial_closure,coronal,rounded,special_mora,spread_vowel","coronal→spread_vowel,spread_vowel→special_mora,special_mora→bilabial_closure,bilabial_closure→rounded,rounded→special_mora",bilabial_closure; coronal; rounded; special_mora; spread_vowel,"sh:coronal,i:spread_vowel,N:special_mora,b:bilabial_closure,u:rounded,N:special_mora","sh:coronal→i:spread_vowel,i:spread_vowel→N:special_mora,N:special_mora→b:bilabial_closure,b:bilabial_closure→u:rounded,u:rounded→N:special_mora",0.15151515151515152,0.3333333333333333,0.2,0.03289473684210526,0.5,0.11904761904761904,0.03289473684210526,0.17943580542264753,0.30952380952380953,0.19566936822575923,0.19294172626091133,0.33282130056323606,0.21039717013522496,MODELED_PROXY_NOT_RECORDED,0.14 + 0.19*mora + 0.03*N + 0.045*Q + 0.025*long_mora + 0.08*phrase; SD=0.035+0.018*sqrt(mora)+0.012*phrase+0.005*special
J076,word,安全,あんぜん,4,0.92,0.93,0.08,あんぜん,あ-ん-ぜ-ん,z,"a,e",N,a-N-z-e-N,,0,"N,a,e,z","a→N,N→z,z→e,e→N",,moraic_nasal,1,mora_timed;pitch_accent_relevant,0,,lexical_nucleus,Accent Jiten aggregation: OJAD; NHK; Wiktionary; Kanjium; Kishimoto Tsuneyo,HIGH,RULE_REVIEWED,RULE_REVIEWED,DICTIONARY_VERIFIED,,open_vowel → special_mora → coronal → spread_vowel → special_mora,"coronal,open_vowel,special_mora,spread_vowel","open_vowel→special_mora,special_mora→coronal,coronal→spread_vowel,spread_vowel→special_mora",coronal; open_vowel; special_mora; spread_vowel,"a:open_vowel,N:special_mora,z:coronal,e:spread_vowel,N:special_mora","a:open_vowel→N:special_mora,N:special_mora→z:coronal,z:coronal→e:spread_vowel,e:spread_vowel→N:special_mora",0.12121212121212122,0.3333333333333333,0.2,0.02631578947368421,0.4,0.09523809523809523,0.02631578947368421,0.17021531100478468,0.24761904761904763,0.17177358981870258,0.18302721613417708,0.26625704045058884,0.1847027847512931,MODELED_PROXY_NOT_RECORDED,0.14 + 0.19*mora + 0.03*N + 0.045*Q + 0.025*long_mora + 0.08*phrase; SD=0.035+0.018*sqrt(mora)+0.012*phrase+0.005*special
J077,word,案内,あんない,4,0.92,0.93,0.08,あんない,あ-ん-な-い,n,"a,i",N,a-N-n-a-i,,0,"N,a,i,n","a→N,N→n,n→a,a→i",,moraic_nasal,1,mora_timed;pitch_accent_relevant,3,,lexical_nucleus,Accent Jiten aggregation: OJAD; NHK; Wiktionary; Kanjium; Kishimoto Tsuneyo,HIGH,RULE_REVIEWED,RULE_REVIEWED,DICTIONARY_VERIFIED,,open_vowel → special_mora → coronal → open_vowel → spread_vowel,"coronal,open_vowel,special_mora,spread_vowel","open_vowel→special_mora,special_mora→coronal,coronal→open_vowel,open_vowel→spread_vowel",coronal; open_vowel; special_mora; spread_vowel,"a:open_vowel,N:special_mora,n:coronal,a:open_vowel,i:spread_vowel","a:open_vowel→N:special_mora,N:special_mora→n:coronal,n:coronal→a:open_vowel,a:open_vowel→i:spread_vowel",0.12121212121212122,0.3333333333333333,0.2,0.02631578947368421,0.4,0.09523809523809523,0.02631578947368421,0.17021531100478468,0.24761904761904763,0.17177358981870258,0.18302721613417708,0.26625704045058884,0.1847027847512931,MODELED_PROXY_NOT_RECORDED,0.14 + 0.19*mora + 0.03*N + 0.045*Q + 0.025*long_mora + 0.08*phrase; SD=0.035+0.018*sqrt(mora)+0.012*phrase+0.005*special
J078,word,温泉,おんせん,4,0.92,0.93,0.08,おんせん,お-ん-せ-ん,s,"e,o",N,o-N-s-e-N,,0,"N,e,o,s","o→N,N→s,s→e,e→N",,moraic_nasal,1,mora_timed;pitch_accent_relevant,0,,lexical_nucleus,Accent Jiten aggregation: OJAD; NHK; Wiktionary; Kanjium; Kishimoto Tsuneyo,HIGH,RULE_REVIEWED,RULE_REVIEWED,DICTIONARY_VERIFIED,,rounded → special_mora → coronal → spread_vowel → special_mora,"coronal,rounded,special_mora,spread_vowel","rounded→special_mora,special_mora→coronal,coronal→spread_vowel,spread_vowel→special_mora",coronal; rounded; special_mora; spread_vowel,"o:rounded,N:special_mora,s:coronal,e:spread_vowel,N:special_mora","o:rounded→N:special_mora,N:special_mora→s:coronal,s:coronal→e:spread_vowel,e:spread_vowel→N:special_mora",0.12121212121212122,0.3333333333333333,0.2,0.02631578947368421,0.4,0.09523809523809523,0.02631578947368421,0.17021531100478468,0.24761904761904763,0.17177358981870258,0.18302721613417708,0.26625704045058884,0.1847027847512931,MODELED_PROXY_NOT_RECORDED,0.14 + 0.19*mora + 0.03*N + 0.045*Q + 0.025*long_mora + 0.08*phrase; SD=0.035+0.018*sqrt(mora)+0.012*phrase+0.005*special
J079,word,先生,せんせい,4,0.92,0.96,0.08,せんせい,せ-ん-せ-い,s,"e,i","N,R",s-e-N-s-e-i,e:3-4,1,"N,e,i,s","s→e,e→N,N→s,s→e,e→i",,"moraic_nasal,vowel_length",2,mora_timed;pitch_accent_relevant,3,,lexical_nucleus,Accent Jiten aggregation: OJAD; NHK; Wiktionary; Kanjium; Kishimoto Tsuneyo,HIGH,RULE_REVIEWED,RULE_REVIEWED,DICTIONARY_VERIFIED,,coronal → spread_vowel → special_mora → coronal → spread_vowel → spread_vowel,"coronal,special_mora,spread_vowel","coronal→spread_vowel,spread_vowel→special_mora,special_mora→coronal,coronal→spread_vowel,spread_vowel→spread_vowel",coronal; special_mora; spread_vowel,"s:coronal,e:spread_vowel,N:special_mora,s:coronal,e:spread_vowel,i:spread_vowel","s:coronal→e:spread_vowel,e:spread_vowel→N:special_mora,N:special_mora→s:coronal,s:coronal→e:spread_vowel,e:spread_vowel→i:spread_vowel",0.12121212121212122,0.6666666666666666,0.4,0.02631578947368421,0.3,0.09523809523809523,0.02631578947368421,0.303548644338118,0.1976190476190476,0.2336783517234645,0.31619650451887293,0.2058531746031746,0.2434149497119422,MODELED_PROXY_NOT_RECORDED,0.14 + 0.19*mora + 0.03*N + 0.045*Q + 0.025*long_mora + 0.08*phrase; SD=0.035+0.018*sqrt(mora)+0.012*phrase+0.005*special
J080,word,東京,とうきょう,4,0.92,0.95,0.08,とうきょう,と-う-きょ-う,"ky,t","o,u",R,t-o-u-ky-o-u,"o:1-2,o:3-4",2,"ky,o,t,u","t→o,o→u,u→ky,ky→o,o→u",,"vowel_length,palatalization",2,mora_timed;pitch_accent_relevant,0,,lexical_nucleus,Accent Jiten aggregation: OJAD; NHK; Wiktionary; Kanjium; Kishimoto Tsuneyo,HIGH,RULE_REVIEWED,RULE_REVIEWED,DICTIONARY_VERIFIED,,coronal → rounded → rounded → low_visibility_velar → rounded → rounded,"coronal,low_visibility_velar,rounded","coronal→rounded,rounded→rounded,rounded→low_visibility_velar,low_visibility_velar→rounded,rounded→rounded",coronal; low_visibility_velar; rounded,"t:coronal,o:rounded,u:rounded,ky:low_visibility_velar,o:rounded,u:rounded","t:coronal→o:rounded,o:rounded→u:rounded,u:rounded→ky:low_visibility_velar,ky:low_visibility_velar→o:rounded,o:rounded→u:rounded",0.12121212121212122,0.3333333333333333,0.4,0.02631578947368421,0.3,0.09523809523809523,0.02631578947368421,0.2202153110047847,0.1976190476190476,0.1860593041044169,0.23180559053135233,0.20802005012531327,0.19585189905728095,MODELED_PROXY_NOT_RECORDED,0.14 + 0.19*mora + 0.03*N + 0.045*Q + 0.025*long_mora + 0.08*phrase; SD=0.035+0.018*sqrt(mora)+0.012*phrase+0.005*special
J081,phrase,青い空,あおい そら,5,1.15,1.17,0.09,あおいそら,あ-お-い-そ-ら,"r,s","a,i,o",,a-o-i-s-o-r-a,,0,"a,i,o,r,s","a→o,o→i,i→s,s→o,o→r,r→a",i→s,,0,mora_timed;pitch_accent_relevant,2+1,,lexical_component_sequence,Accent Jiten aggregation: OJAD; NHK; Wiktionary; Kanjium; Kishimoto Tsuneyo,COMPONENT_LEVEL,RULE_REVIEWED,RULE_REVIEWED,COMPONENTS_VERIFIED; UTTERANCE_F0_NOT_MEASURED,Pitch pattern lists lexical components in order.,open_vowel → rounded → spread_vowel → coronal → rounded → coronal → open_vowel,"coronal,open_vowel,rounded,spread_vowel","open_vowel→rounded,rounded→spread_vowel,spread_vowel→coronal,coronal→rounded,rounded→coronal,coronal→open_vowel",coronal; open_vowel; rounded; spread_vowel,"a:open_vowel,o:rounded,i:spread_vowel,s:coronal,o:rounded,r:coronal,a:open_vowel","a:open_vowel→o:rounded,o:rounded→i:spread_vowel,i:spread_vowel→s:coronal,s:coronal→o:rounded,o:rounded→r:coronal,r:coronal→a:open_vowel",0.15151515151515152,0.0,0.0,0.039473684210526314,0.4,0.14285714285714285,0.039473684210526314,0.047747208931419455,0.27142857142857146,0.1104742375419067,0.04080958028326449,0.23199023199023203,0.09442242524949292,MODELED_PROXY_NOT_RECORDED,0.14 + 0.19*mora + 0.03*N + 0.045*Q + 0.025*long_mora + 0.08*phrase; SD=0.035+0.018*sqrt(mora)+0.012*phrase+0.005*special
J082,phrase,赤い傘,あかい かさ,5,1.15,1.17,0.09,あかいかさ,あ-か-い-か-さ,"k,s","a,i",,a-k-a-i-k-a-s-a,,0,"a,i,k,s","a→k,k→a,a→i,i→k,k→a,a→s,s→a",i→k,,0,mora_timed;pitch_accent_relevant,0+1,,lexical_component_sequence,Accent Jiten aggregation: OJAD; NHK; Wiktionary; Kanjium; Kishimoto Tsuneyo,COMPONENT_LEVEL,RULE_REVIEWED,RULE_REVIEWED,COMPONENTS_VERIFIED; UTTERANCE_F0_NOT_MEASURED,Pitch pattern lists lexical components in order.,open_vowel → low_visibility_velar → open_vowel → spread_vowel → low_visibility_velar → open_vowel → coronal → open_vowel,"coronal,low_visibility_velar,open_vowel,spread_vowel","open_vowel→low_visibility_velar,low_visibility_velar→open_vowel,open_vowel→spread_vowel,spread_vowel→low_visibility_velar,low_visibility_velar→open_vowel,open_vowel→coronal,coronal→open_vowel",coronal; low_visibility_velar; open_vowel; spread_vowel,"a:open_vowel,k:low_visibility_velar,a:open_vowel,i:spread_vowel,k:low_visibility_velar,a:open_vowel,s:coronal,a:open_vowel","a:open_vowel→k:low_visibility_velar,k:low_visibility_velar→a:open_vowel,a:open_vowel→i:spread_vowel,i:spread_vowel→k:low_visibility_velar,k:low_visibility_velar→a:open_vowel,a:open_vowel→s:coronal,s:coronal→a:open_vowel",0.12121212121212122,0.0,0.0,0.039473684210526314,0.4,0.14285714285714285,0.039473684210526314,0.040171451355661886,0.27142857142857146,0.10614523321290238,0.03433457380825802,0.23199023199023203,0.09072242154948922,MODELED_PROXY_NOT_RECORDED,0.14 + 0.19*mora + 0.03*N + 0.045*Q + 0.025*long_mora + 0.08*phrase; SD=0.035+0.018*sqrt(mora)+0.012*phrase+0.005*special
J083,phrase,大きな木,おおきな き,5,1.15,1.19,0.09,おおきなき,お-お-き-な-き,"k,n","a,i,o",R,o-o-k-i-n-a-k-i,o:1-2,1,"a,i,k,n,o","o→o,o→k,k→i,i→n,n→a,a→k,k→i",a→k,vowel_length,1,mora_timed;pitch_accent_relevant,1+1,,lexical_component_sequence,Accent Jiten aggregation: OJAD; NHK; Wiktionary; Kanjium; Kishimoto Tsuneyo,COMPONENT_LEVEL,RULE_REVIEWED,RULE_REVIEWED,COMPONENTS_VERIFIED; UTTERANCE_F0_NOT_MEASURED,Pitch pattern lists lexical components in order.,rounded → rounded → low_visibility_velar → spread_vowel → coronal → open_vowel → low_visibility_velar → spread_vowel,"coronal,low_visibility_velar,open_vowel,rounded,spread_vowel","rounded→rounded,rounded→low_visibility_velar,low_visibility_velar→spread_vowel,spread_vowel→coronal,coronal→open_vowel,open_vowel→low_visibility_velar,low_visibility_velar→spread_vowel",coronal; low_visibility_velar; open_vowel; rounded; spread_vowel,"o:rounded,o:rounded,k:low_visibility_velar,i:spread_vowel,n:coronal,a:open_vowel,k:low_visibility_velar,i:spread_vowel","o:rounded→o:rounded,o:rounded→k:low_visibility_velar,k:low_visibility_velar→i:spread_vowel,i:spread_vowel→n:coronal,n:coronal→a:open_vowel,a:open_vowel→k:low_visibility_velar,k:low_visibility_velar→i:spread_vowel",0.15151515151515152,0.3333333333333333,0.2,0.039473684210526314,0.5,0.14285714285714285,0.039473684210526314,0.1810805422647528,0.3214285714285714,0.20095042801809718,0.15216852291155697,0.2701080432172869,0.16886590589756065,MODELED_PROXY_NOT_RECORDED,0.14 + 0.19*mora + 0.03*N + 0.045*Q + 0.025*long_mora + 0.08*phrase; SD=0.035+0.018*sqrt(mora)+0.012*phrase+0.005*special
J084,phrase,小さな猫,ちいさな ねこ,6,1.33,1.39,0.1,ちいさなねこ,ち-い-さ-な-ね-こ,"ch,k,n,s","a,e,i,o",R,ch-i-i-s-a-n-a-n-e-k-o,i:1-2,1,"a,ch,e,i,k,n,o,s","ch→i,i→i,i→s,s→a,a→n,n→a,a→n,n→e,e→k,k→o",a→n,vowel_length,1,mora_timed;pitch_accent_relevant,1+1,,lexical_component_sequence,Accent Jiten aggregation: OJAD; NHK; Wiktionary; Kanjium; Kishimoto Tsuneyo,COMPONENT_LEVEL,RULE_REVIEWED,RULE_REVIEWED,COMPONENTS_VERIFIED; UTTERANCE_F0_NOT_MEASURED,Pitch pattern lists lexical components in order.,coronal → spread_vowel → spread_vowel → coronal → open_vowel → coronal → open_vowel → coronal → spread_vowel → low_visibility_velar → rounded,"coronal,low_visibility_velar,open_vowel,rounded,spread_vowel","coronal→spread_vowel,spread_vowel→spread_vowel,spread_vowel→coronal,coronal→open_vowel,open_vowel→coronal,coronal→open_vowel,open_vowel→coronal,coronal→spread_vowel,spread_vowel→low_visibility_velar,low_visibility_velar→rounded",coronal; low_visibility_velar; open_vowel; rounded; spread_vowel,"ch:coronal,i:spread_vowel,i:spread_vowel,s:coronal,a:open_vowel,n:coronal,a:open_vowel,n:coronal,e:spread_vowel,k:low_visibility_velar,o:rounded","ch:coronal→i:spread_vowel,i:spread_vowel→i:spread_vowel,i:spread_vowel→s:coronal,s:coronal→a:open_vowel,a:open_vowel→n:coronal,n:coronal→a:open_vowel,a:open_vowel→n:coronal,n:coronal→e:spread_vowel,e:spread_vowel→k:low_visibility_velar,k:low_visibility_velar→o:rounded",0.24242424242424243,0.3333333333333333,0.2,0.05921052631578947,0.5,0.16666666666666666,0.05921052631578947,0.2087420255183413,0.3333333333333333,0.22297789929368877,0.1501741190779434,0.23980815347721823,0.1604157548875459,MODELED_PROXY_NOT_RECORDED,0.14 + 0.19*mora + 0.03*N + 0.045*Q + 0.025*long_mora + 0.08*phrase; SD=0.035+0.018*sqrt(mora)+0.012*phrase+0.005*special
J085,phrase,白い雲,しろい くも,5,1.15,1.17,0.09,しろいくも,し-ろ-い-く-も,"k,m,r,sh","i,o,u",,sh-i-r-o-i-k-u-m-o,,0,"i,k,m,o,r,sh,u","sh→i,i→r,r→o,o→i,i→k,k→u,u→m,m→o",i→k,,0,mora_timed;pitch_accent_relevant,2+1,,lexical_component_sequence,Accent Jiten aggregation: OJAD; NHK; Wiktionary; Kanjium; Kishimoto Tsuneyo,COMPONENT_LEVEL,RULE_REVIEWED,RULE_REVIEWED,COMPONENTS_VERIFIED; UTTERANCE_F0_NOT_MEASURED,Pitch pattern lists lexical components in order.,coronal → spread_vowel → coronal → rounded → spread_vowel → low_visibility_velar → rounded → bilabial_closure → rounded,"bilabial_closure,coronal,low_visibility_velar,rounded,spread_vowel","coronal→spread_vowel,spread_vowel→coronal,coronal→rounded,rounded→spread_vowel,spread_vowel→low_visibility_velar,low_visibility_velar→rounded,rounded→bilabial_closure,bilabial_closure→rounded",bilabial_closure; coronal; low_visibility_velar; rounded; spread_vowel,"sh:coronal,i:spread_vowel,r:coronal,o:rounded,i:spread_vowel,k:low_visibility_velar,u:rounded,m:bilabial_closure,o:rounded","sh:coronal→i:spread_vowel,i:spread_vowel→r:coronal,r:coronal→o:rounded,o:rounded→i:spread_vowel,i:spread_vowel→k:low_visibility_velar,k:low_visibility_velar→u:rounded,u:rounded→m:bilabial_closure,m:bilabial_closure→o:rounded",0.21212121212121213,0.0,0.0,0.05263157894736842,0.5,0.19047619047619047,0.05263157894736842,0.06618819776714513,0.34523809523809523,0.14398008007030563,0.056571109202688145,0.29507529507529506,0.12305989749598772,MODELED_PROXY_NOT_RECORDED,0.14 + 0.19*mora + 0.03*N + 0.045*Q + 0.025*long_mora + 0.08*phrase; SD=0.035+0.018*sqrt(mora)+0.012*phrase+0.005*special
J086,phrase,黒い靴,くろい くつ,5,1.15,1.17,0.09,くろいくつ,く-ろ-い-く-つ,"k,r,ts","i,o,u",,k-u-r-o-i-k-u-ts-u,,0,"i,k,o,r,ts,u","k→u,u→r,r→o,o→i,i→k,k→u,u→ts,ts→u",i→k,high_vowel_devoicing_context,1,mora_timed;pitch_accent_relevant,2+2,,lexical_component_sequence,Accent Jiten aggregation: OJAD; NHK; Wiktionary; Kanjium; Kishimoto Tsuneyo,COMPONENT_LEVEL,RULE_REVIEWED,RULE_REVIEWED,COMPONENTS_VERIFIED; UTTERANCE_F0_NOT_MEASURED,Pitch pattern lists lexical components in order.,low_visibility_velar → rounded → coronal → rounded → spread_vowel → low_visibility_velar → rounded → coronal → rounded,"coronal,low_visibility_velar,rounded,spread_vowel","low_visibility_velar→rounded,rounded→coronal,coronal→rounded,rounded→spread_vowel,spread_vowel→low_visibility_velar,low_visibility_velar→rounded,rounded→coronal,coronal→rounded",coronal; low_visibility_velar; rounded; spread_vowel,"k:low_visibility_velar,u:rounded,r:coronal,o:rounded,i:spread_vowel,k:low_visibility_velar,u:rounded,ts:coronal,u:rounded","k:low_visibility_velar→u:rounded,u:rounded→r:coronal,r:coronal→o:rounded,o:rounded→i:spread_vowel,i:spread_vowel→k:low_visibility_velar,k:low_visibility_velar→u:rounded,u:rounded→ts:coronal,ts:coronal→u:rounded",0.18181818181818182,0.0,0.2,0.046052631578947366,0.4,0.11904761904761904,0.046052631578947366,0.1069677033492823,0.25952380952380955,0.14185300914624224,0.09142538747801907,0.22181522181522184,0.12124188815918141,MODELED_PROXY_NOT_RECORDED,0.14 + 0.19*mora + 0.03*N + 0.045*Q + 0.025*long_mora + 0.08*phrase; SD=0.035+0.018*sqrt(mora)+0.012*phrase+0.005*special
J087,phrase,新しい地図,あたらしい ちず,7,1.51,1.58,0.1,あたらしいちず,あ-た-ら-し-い-ち-ず,"ch,r,sh,t,z","a,i,u",R,a-t-a-r-a-sh-i-i-ch-i-z-u,i:4-5,1,"a,ch,i,r,sh,t,u,z","a→t,t→a,a→r,r→a,a→sh,sh→i,i→i,i→ch,ch→i,i→z,z→u",i→ch,vowel_length,1,mora_timed;pitch_accent_relevant,4+1,,lexical_component_sequence,Accent Jiten aggregation: OJAD; NHK; Wiktionary; Kanjium; Kishimoto Tsuneyo,COMPONENT_LEVEL,RULE_REVIEWED,RULE_REVIEWED,COMPONENTS_VERIFIED; UTTERANCE_F0_NOT_MEASURED,Pitch pattern lists lexical components in order.,open_vowel → coronal → open_vowel → coronal → open_vowel → coronal → spread_vowel → spread_vowel → coronal → spread_vowel → coronal → rounded,"coronal,open_vowel,rounded,spread_vowel","open_vowel→coronal,coronal→open_vowel,open_vowel→coronal,coronal→open_vowel,open_vowel→coronal,coronal→spread_vowel,spread_vowel→spread_vowel,spread_vowel→coronal,coronal→spread_vowel,spread_vowel→coronal,coronal→rounded",coronal; open_vowel; rounded; spread_vowel,"a:open_vowel,t:coronal,a:open_vowel,r:coronal,a:open_vowel,sh:coronal,i:spread_vowel,i:spread_vowel,ch:coronal,i:spread_vowel,z:coronal,u:rounded","a:open_vowel→t:coronal,t:coronal→a:open_vowel,a:open_vowel→r:coronal,r:coronal→a:open_vowel,a:open_vowel→sh:coronal,sh:coronal→i:spread_vowel,i:spread_vowel→i:spread_vowel,i:spread_vowel→ch:coronal,ch:coronal→i:spread_vowel,i:spread_vowel→z:coronal,z:coronal→u:rounded",0.24242424242424243,0.3333333333333333,0.2,0.07236842105263158,0.4,0.14285714285714285,0.07236842105263158,0.21203149920255182,0.27142857142857146,0.2090502229599974,0.13419715139402014,0.17179023508137434,0.13231026769620088,MODELED_PROXY_NOT_RECORDED,0.14 + 0.19*mora + 0.03*N + 0.045*Q + 0.025*long_mora + 0.08*phrase; SD=0.035+0.018*sqrt(mora)+0.012*phrase+0.005*special
J088,phrase,静かな部屋,しずかな へや,6,1.33,1.36,0.09,しずかなへや,し-ず-か-な-へ-や,"h,k,n,sh,y,z","a,e,i,u",,sh-i-z-u-k-a-n-a-h-e-y-a,,0,"a,e,h,i,k,n,sh,u,y,z","sh→i,i→z,z→u,u→k,k→a,a→n,n→a,a→h,h→e,e→y,y→a",a→h,,0,mora_timed;pitch_accent_relevant,1+2,,lexical_component_sequence,Accent Jiten aggregation: OJAD; NHK; Wiktionary; Kanjium; Kishimoto Tsuneyo,COMPONENT_LEVEL,RULE_REVIEWED,RULE_REVIEWED,COMPONENTS_VERIFIED; UTTERANCE_F0_NOT_MEASURED,Pitch pattern lists lexical components in order.,coronal → spread_vowel → coronal → rounded → low_visibility_velar → open_vowel → coronal → open_vowel → palatal_glottal → spread_vowel → palatal_glottal → open_vowel,"coronal,low_visibility_velar,open_vowel,palatal_glottal,rounded,spread_vowel","coronal→spread_vowel,spread_vowel→coronal,coronal→rounded,rounded→low_visibility_velar,low_visibility_velar→open_vowel,open_vowel→coronal,coronal→open_vowel,open_vowel→palatal_glottal,palatal_glottal→spread_vowel,spread_vowel→palatal_glottal,palatal_glottal→open_vowel",coronal; low_visibility_velar; open_vowel; palatal_glottal; rounded; spread_vowel,"sh:coronal,i:spread_vowel,z:coronal,u:rounded,k:low_visibility_velar,a:open_vowel,n:coronal,a:open_vowel,h:palatal_glottal,e:spread_vowel,y:palatal_glottal,a:open_vowel","sh:coronal→i:spread_vowel,i:spread_vowel→z:coronal,z:coronal→u:rounded,u:rounded→k:low_visibility_velar,k:low_visibility_velar→a:open_vowel,a:open_vowel→n:coronal,n:coronal→a:open_vowel,a:open_vowel→h:palatal_glottal,h:palatal_glottal→e:spread_vowel,e:spread_vowel→y:palatal_glottal,y:palatal_glottal→a:open_vowel",0.30303030303030304,0.0,0.0,0.07236842105263158,0.6,0.2619047619047619,0.07236842105263158,0.09384968102073366,0.430952380952381,0.18709598672004685,0.06900711839759827,0.3168767507002801,0.13757057847062268,MODELED_PROXY_NOT_RECORDED,0.14 + 0.19*mora + 0.03*N + 0.045*Q + 0.025*long_mora + 0.08*phrase; SD=0.035+0.018*sqrt(mora)+0.012*phrase+0.005*special
J089,phrase,きれいな花,きれいな はな,6,1.33,1.39,0.1,きれいなはな,き-れ-い-な-は-な,"h,k,n,r","a,e,i",R,k-i-r-e-i-n-a-h-a-n-a,e:2-3,1,"a,e,h,i,k,n,r","k→i,i→r,r→e,e→i,i→n,n→a,a→h,h→a,a→n,n→a",a→h,vowel_length,1,mora_timed;pitch_accent_relevant,1+2,,lexical_component_sequence,Accent Jiten aggregation: OJAD; NHK; Wiktionary; Kanjium; Kishimoto Tsuneyo,COMPONENT_LEVEL,RULE_REVIEWED,RULE_REVIEWED,COMPONENTS_VERIFIED; UTTERANCE_F0_NOT_MEASURED,Pitch pattern lists lexical components in order.,low_visibility_velar → spread_vowel → coronal → spread_vowel → spread_vowel → coronal → open_vowel → palatal_glottal → open_vowel → coronal → open_vowel,"coronal,low_visibility_velar,open_vowel,palatal_glottal,spread_vowel","low_visibility_velar→spread_vowel,spread_vowel→coronal,coronal→spread_vowel,spread_vowel→spread_vowel,spread_vowel→coronal,coronal→open_vowel,open_vowel→palatal_glottal,palatal_glottal→open_vowel,open_vowel→coronal,coronal→open_vowel",coronal; low_visibility_velar; open_vowel; palatal_glottal; spread_vowel,"k:low_visibility_velar,i:spread_vowel,r:coronal,e:spread_vowel,i:spread_vowel,n:coronal,a:open_vowel,h:palatal_glottal,a:open_vowel,n:coronal,a:open_vowel","k:low_visibility_velar→i:spread_vowel,i:spread_vowel→r:coronal,r:coronal→e:spread_vowel,e:spread_vowel→i:spread_vowel,i:spread_vowel→n:coronal,n:coronal→a:open_vowel,a:open_vowel→h:palatal_glottal,h:palatal_glottal→a:open_vowel,a:open_vowel→n:coronal,n:coronal→a:open_vowel",0.21212121212121213,0.3333333333333333,0.2,0.05921052631578947,0.5,0.19047619047619047,0.05921052631578947,0.20116626794258374,0.34523809523809523,0.22205025550890212,0.144723933771643,0.24837273038711888,0.15974838525820298,MODELED_PROXY_NOT_RECORDED,0.14 + 0.19*mora + 0.03*N + 0.045*Q + 0.025*long_mora + 0.08*phrase; SD=0.035+0.018*sqrt(mora)+0.012*phrase+0.005*special
J090,phrase,冷たい水,つめたい みず,6,1.33,1.36,0.09,つめたいみず,つ-め-た-い-み-ず,"m,t,ts,z","a,e,i,u",,ts-u-m-e-t-a-i-m-i-z-u,,0,"a,e,i,m,t,ts,u,z","ts→u,u→m,m→e,e→t,t→a,a→i,i→m,m→i,i→z,z→u",i→m,,0,mora_timed;pitch_accent_relevant,0+0,3+0,lexical_component_sequence,Accent Jiten aggregation: OJAD; NHK; Wiktionary; Kanjium; Kishimoto Tsuneyo,COMPONENT_LEVEL,RULE_REVIEWED,RULE_REVIEWED,COMPONENTS_VERIFIED; UTTERANCE_F0_NOT_MEASURED,Pitch pattern lists lexical components in order.,coronal → rounded → bilabial_closure → spread_vowel → coronal → open_vowel → spread_vowel → bilabial_closure → spread_vowel → coronal → rounded,"bilabial_closure,coronal,open_vowel,rounded,spread_vowel","coronal→rounded,rounded→bilabial_closure,bilabial_closure→spread_vowel,spread_vowel→coronal,coronal→open_vowel,open_vowel→spread_vowel,spread_vowel→bilabial_closure,bilabial_closure→spread_vowel,spread_vowel→coronal,coronal→rounded",bilabial_closure; coronal; open_vowel; rounded; spread_vowel,"ts:coronal,u:rounded,m:bilabial_closure,e:spread_vowel,t:coronal,a:open_vowel,i:spread_vowel,m:bilabial_closure,i:spread_vowel,z:coronal,u:rounded","ts:coronal→u:rounded,u:rounded→m:bilabial_closure,m:bilabial_closure→e:spread_vowel,e:spread_vowel→t:coronal,t:coronal→a:open_vowel,a:open_vowel→i:spread_vowel,i:spread_vowel→m:bilabial_closure,m:bilabial_closure→i:spread_vowel,i:spread_vowel→z:coronal,z:coronal→u:rounded",0.24242424242424243,0.0,0.0,0.06578947368421052,0.5,0.16666666666666666,0.06578947368421052,0.07705342902711323,0.3333333333333333,0.1486671223513329,0.05665693310817149,0.24509803921568624,0.10931406055245065,MODELED_PROXY_NOT_RECORDED,0.14 + 0.19*mora + 0.03*N + 0.045*Q + 0.025*long_mora + 0.08*phrase; SD=0.035+0.018*sqrt(mora)+0.012*phrase+0.005*special
J091,phrase,温かいお茶,あたたかい おちゃ,7,1.51,1.55,0.09,あたたかいおちゃ,あ-た-た-か-い-お-ちゃ,"ch,k,t","a,i,o",,a-t-a-t-a-k-a-i-o-ch-a,,0,"a,ch,i,k,o,t","a→t,t→a,a→t,t→a,a→k,k→a,a→i,i→o,o→ch,ch→a",i→o,palatalization,1,mora_timed;pitch_accent_relevant,4+0,,lexical_component_sequence,Accent Jiten aggregation: OJAD; NHK; Wiktionary; Kanjium; Kishimoto Tsuneyo,COMPONENT_LEVEL,RULE_REVIEWED,RULE_REVIEWED,COMPONENTS_VERIFIED; UTTERANCE_F0_NOT_MEASURED,Pitch pattern lists lexical components in order.,open_vowel → coronal → open_vowel → coronal → open_vowel → low_visibility_velar → open_vowel → spread_vowel → rounded → coronal → open_vowel,"coronal,low_visibility_velar,open_vowel,rounded,spread_vowel","open_vowel→coronal,coronal→open_vowel,open_vowel→coronal,coronal→open_vowel,open_vowel→low_visibility_velar,low_visibility_velar→open_vowel,open_vowel→spread_vowel,spread_vowel→rounded,rounded→coronal,coronal→open_vowel",coronal; low_visibility_velar; open_vowel; rounded; spread_vowel,"a:open_vowel,t:coronal,a:open_vowel,t:coronal,a:open_vowel,k:low_visibility_velar,a:open_vowel,i:spread_vowel,o:rounded,ch:coronal,a:open_vowel","a:open_vowel→t:coronal,t:coronal→a:open_vowel,a:open_vowel→t:coronal,t:coronal→a:open_vowel,a:open_vowel→k:low_visibility_velar,k:low_visibility_velar→a:open_vowel,a:open_vowel→i:spread_vowel,i:spread_vowel→o:rounded,o:rounded→ch:coronal,ch:coronal→a:open_vowel",0.18181818181818182,0.0,0.2,0.05263157894736842,0.5,0.16666666666666666,0.05263157894736842,0.10861244019138756,0.3333333333333333,0.16482114376851217,0.07007254205895971,0.2150537634408602,0.10633622178613689,MODELED_PROXY_NOT_RECORDED,0.14 + 0.19*mora + 0.03*N + 0.045*Q + 0.025*long_mora + 0.08*phrase; SD=0.035+0.018*sqrt(mora)+0.012*phrase+0.005*special
J092,phrase,切符を買う,きっぷを かう,6,1.33,1.41,0.1,きっぷをかう,き-っ-ぷ-を-か-う,"k,p","a,i,o,u",Q,k-i-Q-p-u-o-k-a-u,,0,"Q,a,i,k,o,p,u","k→i,i→Q,Q→p,p→u,u→o,o→k,k→a,a→u",o→k,gemination,1,mora_timed;pitch_accent_relevant,0+0,,lexical_component_sequence,Accent Jiten aggregation: OJAD; NHK; Wiktionary; Kanjium; Kishimoto Tsuneyo,COMPONENT_LEVEL,RULE_REVIEWED,RULE_REVIEWED,COMPONENTS_VERIFIED; UTTERANCE_F0_NOT_MEASURED,Pitch pattern lists lexical components in order.,low_visibility_velar → spread_vowel → special_mora → bilabial_closure → rounded → rounded → low_visibility_velar → open_vowel → rounded,"bilabial_closure,low_visibility_velar,open_vowel,rounded,special_mora,spread_vowel","low_visibility_velar→spread_vowel,spread_vowel→special_mora,special_mora→bilabial_closure,bilabial_closure→rounded,rounded→rounded,rounded→low_visibility_velar,low_visibility_velar→open_vowel,open_vowel→rounded",bilabial_closure; low_visibility_velar; open_vowel; rounded; special_mora; spread_vowel,"k:low_visibility_velar,i:spread_vowel,Q:special_mora,p:bilabial_closure,u:rounded,o:rounded,k:low_visibility_velar,a:open_vowel,u:rounded","k:low_visibility_velar→i:spread_vowel,i:spread_vowel→Q:special_mora,Q:special_mora→p:bilabial_closure,p:bilabial_closure→u:rounded,u:rounded→o:rounded,o:rounded→k:low_visibility_velar,k:low_visibility_velar→a:open_vowel,a:open_vowel→u:rounded",0.21212121212121213,0.3333333333333333,0.2,0.05263157894736842,0.6,0.19047619047619047,0.05263157894736842,0.19952153110047846,0.3952380952380952,0.2344562705464961,0.14150463198615496,0.28031070584262074,0.1662810429407774,MODELED_PROXY_NOT_RECORDED,0.14 + 0.19*mora + 0.03*N + 0.045*Q + 0.025*long_mora + 0.08*phrase; SD=0.035+0.018*sqrt(mora)+0.012*phrase+0.005*special
J093,phrase,写真を撮る,しゃしんを とる,6,1.33,1.39,0.1,しゃしんをとる,しゃ-し-ん-を-と-る,"r,sh,t","a,i,o,u",N,sh-a-sh-i-N-o-t-o-r-u,,0,"N,a,i,o,r,sh,t,u","sh→a,a→sh,sh→i,i→N,N→o,o→t,t→o,o→r,r→u",o→t,"moraic_nasal,palatalization",2,mora_timed;pitch_accent_relevant,0+1,,lexical_component_sequence,Accent Jiten aggregation: OJAD; NHK; Wiktionary; Kanjium; Kishimoto Tsuneyo,COMPONENT_LEVEL,RULE_REVIEWED,RULE_REVIEWED,COMPONENTS_VERIFIED; UTTERANCE_F0_NOT_MEASURED,Pitch pattern lists lexical components in order.,coronal → open_vowel → coronal → spread_vowel → special_mora → rounded → coronal → rounded → coronal → rounded,"coronal,open_vowel,rounded,special_mora,spread_vowel","coronal→open_vowel,open_vowel→coronal,coronal→spread_vowel,spread_vowel→special_mora,special_mora→rounded,rounded→coronal,coronal→rounded,rounded→coronal,coronal→rounded",coronal; open_vowel; rounded; special_mora; spread_vowel,"sh:coronal,a:open_vowel,sh:coronal,i:spread_vowel,N:special_mora,o:rounded,t:coronal,o:rounded,r:coronal,u:rounded","sh:coronal→a:open_vowel,a:open_vowel→sh:coronal,sh:coronal→i:spread_vowel,i:spread_vowel→N:special_mora,N:special_mora→o:rounded,o:rounded→t:coronal,t:coronal→o:rounded,o:rounded→r:coronal,r:coronal→u:rounded",0.24242424242424243,0.3333333333333333,0.4,0.05921052631578947,0.5,0.16666666666666666,0.05921052631578947,0.2587420255183413,0.3333333333333333,0.25154932786511736,0.18614534209952613,0.23980815347721823,0.18097073947130746,MODELED_PROXY_NOT_RECORDED,0.14 + 0.19*mora + 0.03*N + 0.045*Q + 0.025*long_mora + 0.08*phrase; SD=0.035+0.018*sqrt(mora)+0.012*phrase+0.005*special
J094,phrase,ゆっくり話す,ゆっくり はなす,7,1.51,1.6,0.1,ゆっくりはなす,ゆ-っ-く-り-は-な-す,"h,k,n,r,s,y","a,i,u",Q,y-u-Q-k-u-r-i-h-a-n-a-s-u,,0,"Q,a,h,i,k,n,r,s,u,y","y→u,u→Q,Q→k,k→u,u→r,r→i,i→h,h→a,a→n,n→a,a→s,s→u",i→h,gemination,1,mora_timed;pitch_accent_relevant,3+2,,lexical_component_sequence,Accent Jiten aggregation: OJAD; NHK; Wiktionary; Kanjium; Kishimoto Tsuneyo,COMPONENT_LEVEL,RULE_REVIEWED,RULE_REVIEWED,COMPONENTS_VERIFIED; UTTERANCE_F0_NOT_MEASURED,Pitch pattern lists lexical components in order.,palatal_glottal → rounded → special_mora → low_visibility_velar → rounded → coronal → spread_vowel → palatal_glottal → open_vowel → coronal → open_vowel → coronal → rounded,"coronal,low_visibility_velar,open_vowel,palatal_glottal,rounded,special_mora,spread_vowel","palatal_glottal→rounded,rounded→special_mora,special_mora→low_visibility_velar,low_visibility_velar→rounded,rounded→coronal,coronal→spread_vowel,spread_vowel→palatal_glottal,palatal_glottal→open_vowel,open_vowel→coronal,coronal→open_vowel,open_vowel→coronal,coronal→rounded",coronal; low_visibility_velar; open_vowel; palatal_glottal; rounded; special_mora; spread_vowel,"y:palatal_glottal,u:rounded,Q:special_mora,k:low_visibility_velar,u:rounded,r:coronal,i:spread_vowel,h:palatal_glottal,a:open_vowel,n:coronal,a:open_vowel,s:coronal,u:rounded","y:palatal_glottal→u:rounded,u:rounded→Q:special_mora,Q:special_mora→k:low_visibility_velar,k:low_visibility_velar→u:rounded,u:rounded→r:coronal,r:coronal→i:spread_vowel,i:spread_vowel→h:palatal_glottal,h:palatal_glottal→a:open_vowel,a:open_vowel→n:coronal,n:coronal→a:open_vowel,a:open_vowel→s:coronal,s:coronal→u:rounded",0.30303030303030304,0.3333333333333333,0.2,0.07894736842105263,0.7,0.2619047619047619,0.07894736842105263,0.22882775119617224,0.4809523809523809,0.27945187644435765,0.14301734449760764,0.300595238095238,0.17465742277772353,MODELED_PROXY_NOT_RECORDED,0.14 + 0.19*mora + 0.03*N + 0.045*Q + 0.025*long_mora + 0.08*phrase; SD=0.035+0.018*sqrt(mora)+0.012*phrase+0.005*special
J095,phrase,駅まで歩く,えきまで あるく,7,1.51,1.55,0.09,えきまであるく,え-き-ま-で-あ-る-く,"d,k,m,r","a,e,i,u",,e-k-i-m-a-d-e-a-r-u-k-u,,0,"a,d,e,i,k,m,r,u","e→k,k→i,i→m,m→a,a→d,d→e,e→a,a→r,r→u,u→k,k→u",e→a,,0,mora_timed;pitch_accent_relevant,1+2,,lexical_component_sequence,Accent Jiten aggregation: OJAD; NHK; Wiktionary; Kanjium; Kishimoto Tsuneyo,COMPONENT_LEVEL,RULE_REVIEWED,RULE_REVIEWED,COMPONENTS_VERIFIED; UTTERANCE_F0_NOT_MEASURED,Pitch pattern lists lexical components in order.,spread_vowel → low_visibility_velar → spread_vowel → bilabial_closure → open_vowel → coronal → spread_vowel → open_vowel → coronal → rounded → low_visibility_velar → rounded,"bilabial_closure,coronal,low_visibility_velar,open_vowel,rounded,spread_vowel","spread_vowel→low_visibility_velar,low_visibility_velar→spread_vowel,spread_vowel→bilabial_closure,bilabial_closure→open_vowel,open_vowel→coronal,coronal→spread_vowel,spread_vowel→open_vowel,open_vowel→coronal,coronal→rounded,rounded→low_visibility_velar,low_visibility_velar→rounded",bilabial_closure; coronal; low_visibility_velar; open_vowel; rounded; spread_vowel,"e:spread_vowel,k:low_visibility_velar,i:spread_vowel,m:bilabial_closure,a:open_vowel,d:coronal,e:spread_vowel,a:open_vowel,r:coronal,u:rounded,k:low_visibility_velar,u:rounded","e:spread_vowel→k:low_visibility_velar,k:low_visibility_velar→i:spread_vowel,i:spread_vowel→m:bilabial_closure,m:bilabial_closure→a:open_vowel,a:open_vowel→d:coronal,d:coronal→e:spread_vowel,e:spread_vowel→a:open_vowel,a:open_vowel→r:coronal,r:coronal→u:rounded,u:rounded→k:low_visibility_velar,k:low_visibility_velar→u:rounded",0.24242424242424243,0.0,0.0,0.07236842105263158,0.6,0.23809523809523808,0.07236842105263158,0.0786981658692185,0.419047619047619,0.17503661751782054,0.050773010238205483,0.2703533026113671,0.11292685001149712,MODELED_PROXY_NOT_RECORDED,0.14 + 0.19*mora + 0.03*N + 0.045*Q + 0.025*long_mora + 0.08*phrase; SD=0.035+0.018*sqrt(mora)+0.012*phrase+0.005*special
J096,phrase,今日は晴れです,きょうわ はれです,7,1.51,1.58,0.1,きょうわはれです,きょ-う-わ-は-れ-で-す,"d,h,ky,r,s,w","a,e,o,u",R,ky-o-u-w-a-h-a-r-e-d-e-s-u,o:1-2,1,"a,d,e,h,ky,o,r,s,u,w","ky→o,o→u,u→w,w→a,a→h,h→a,a→r,r→e,e→d,d→e,e→s,s→u",a→h,"vowel_length,palatalization",2,mora_timed;pitch_accent_relevant,1+2+1,,lexical_component_sequence,Accent Jiten aggregation: OJAD; NHK; Wiktionary; Kanjium; Kishimoto Tsuneyo,COMPONENT_LEVEL,RULE_REVIEWED,RULE_REVIEWED,COMPONENTS_VERIFIED; UTTERANCE_F0_NOT_MEASURED,Phrase pronunciation uses surface particle reading; pitch pattern lists lexical components.,low_visibility_velar → rounded → rounded → rounded → open_vowel → palatal_glottal → open_vowel → coronal → spread_vowel → coronal → spread_vowel → coronal → rounded,"coronal,low_visibility_velar,open_vowel,palatal_glottal,rounded,spread_vowel","low_visibility_velar→rounded,rounded→rounded,rounded→rounded,rounded→open_vowel,open_vowel→palatal_glottal,palatal_glottal→open_vowel,open_vowel→coronal,coronal→spread_vowel,spread_vowel→coronal,coronal→spread_vowel,spread_vowel→coronal,coronal→rounded",coronal; low_visibility_velar; open_vowel; palatal_glottal; rounded; spread_vowel,"ky:low_visibility_velar,o:rounded,u:rounded,w:rounded,a:open_vowel,h:palatal_glottal,a:open_vowel,r:coronal,e:spread_vowel,d:coronal,e:spread_vowel,s:coronal,u:rounded","ky:low_visibility_velar→o:rounded,o:rounded→u:rounded,u:rounded→w:rounded,w:rounded→a:open_vowel,a:open_vowel→h:palatal_glottal,h:palatal_glottal→a:open_vowel,a:open_vowel→r:coronal,r:coronal→e:spread_vowel,e:spread_vowel→d:coronal,d:coronal→e:spread_vowel,e:spread_vowel→s:coronal,s:coronal→u:rounded",0.30303030303030304,0.3333333333333333,0.4,0.07894736842105263,0.6,0.21428571428571427,0.07894736842105263,0.27882775119617226,0.40714285714285714,0.28693486964163656,0.17647326025074192,0.2576853526220615,0.1816043478744535,MODELED_PROXY_NOT_RECORDED,0.14 + 0.19*mora + 0.03*N + 0.045*Q + 0.025*long_mora + 0.08*phrase; SD=0.035+0.018*sqrt(mora)+0.012*phrase+0.005*special
