id,type,text,syllable_count,estimated_duration,actual_duration_mean,standard_deviation,pronunciation,onsets,nuclei,codas,phoneme_sequence,phoneme_set,phoneme_transitions,cross-word transition,morphophonological_processes,morphophonology_count,viseme_sequence,viseme_set,viseme_transitions,visual_features,phoneme_viseme_pairs,av_transitions,phoneme_coverage_gain,coda_coverage_gain,morph_coverage_gain,viseme_coverage_gain,viseme_transition_gain,av_transition_gain,audio_score,vision_score,joint_av_score,phoneme_transition_gain,audio_score_per_sec,vision_score_per_sec,joint_av_score_per_sec
K001,word,바다,2,0.6,0.63,0.06,바다,"ㅂ,ㄷ",ㅏ,,ㅂ-ㅏ-ㄷ-ㅏ,"ㅂ,ㅏ,ㄷ","ㅂ→ㅏ,ㅏ→ㄷ,ㄷ→ㅏ",,,,bilabial closure → open vowel → alveolar → open vowel,"bilabial closure,open vowel,alveolar","bilabial closure→open vowel,open vowel→alveolar,alveolar→open vowel",양순음에서 입술 폐쇄가 나타남; 개방 모음에서 입이 크게 열림; 혀/후방 조음 중심 구간은 입술 단서가 비교적 제한적,"ㅂ:bilabial closure,ㅏ:open vowel,ㄷ:alveolar,ㅏ:open vowel","ㅂ:bilabial closure→ㅏ:open vowel,ㅏ:open vowel→ㄷ:alveolar,ㄷ:alveolar→ㅏ:open vowel",0.06,0.0,0.0,0.16666666666666700,0.025423728813559300,0.012552301255230100,0.017688172043010800,0.053672316384180800,0.020985469860484000,0.010752688172043000,0.028076463560334500,0.08519415299076320,0.033310269619815900
K002,word,가방,2,0.6,0.6,0.0,가방,"ㄱ,ㅂ",ㅏ,ㅇ,ㄱ-ㅏ-ㅂ-ㅏ-ㅇ,"ㄱ,ㅏ,ㅂ,ㅇ","ㄱ→ㅏ,ㅏ→ㅂ,ㅂ→ㅏ,ㅏ→ㅇ",,,,low-visibility velar → open vowel → bilabial closure → open vowel → low-visibility coda,"low-visibility velar,open vowel,bilabial closure,low-visibility coda","low-visibility velar→open vowel,open vowel→bilabial closure,bilabial closure→open vowel,open vowel→low-visibility coda",양순음에서 입술 폐쇄가 나타남; 개방 모음에서 입이 크게 열림; 혀/후방 조음 중심 구간은 입술 단서가 비교적 제한적,"ㄱ:low-visibility velar,ㅏ:open vowel,ㅂ:bilabial closure,ㅏ:open vowel,ㅇ:low-visibility coda","ㄱ:low-visibility velar→ㅏ:open vowel,ㅏ:open vowel→ㅂ:bilabial closure,ㅂ:bilabial closure→ㅏ:open vowel,ㅏ:open vowel→ㅇ:low-visibility coda",0.08,0.09090909090909090,0.0,0.2222222222222220,0.03389830508474580,0.016736401673640200,0.04631150211795370,0.07156308851224110,0.040434084951870400,0.014336917562724000,0.07718583686325620,0.11927181418706800,0.06739014158645080
K003,word,다리,2,0.5,0.53,0.06,다리,"ㄷ,ㄹ","ㅏ,ㅣ",,ㄷ-ㅏ-ㄹ-ㅣ,"ㄷ,ㅏ,ㄹ,ㅣ","ㄷ→ㅏ,ㅏ→ㄹ,ㄹ→ㅣ",,,,alveolar → open vowel → liquid → spread vowel,"alveolar,open vowel,liquid,spread vowel","alveolar→open vowel,open vowel→liquid,liquid→spread vowel",ㅣ 계열에서 입술이 옆으로 벌어짐; 개방 모음에서 입이 크게 열림; 혀/후방 조음 중심 구간은 입술 단서가 비교적 제한적,"ㄷ:alveolar,ㅏ:open vowel,ㄹ:liquid,ㅣ:spread vowel","ㄷ:alveolar→ㅏ:open vowel,ㅏ:open vowel→ㄹ:liquid,ㄹ:liquid→ㅣ:spread vowel",0.08,0.0,0.0,0.2222222222222220,0.025423728813559300,0.012552301255230100,0.022688172043010800,0.06478342749529190,0.025184960784060100,0.010752688172043000,0.04280787177926560,0.1222328820665890,0.04751879393218890
K004,word,사과,2,0.6,0.63,0.06,사과,"ㅅ,ㄱ","ㅏ,ㅘ",,ㅅ-ㅏ-ㄱ-ㅘ,"ㅅ,ㅏ,ㄱ,ㅘ","ㅅ→ㅏ,ㅏ→ㄱ,ㄱ→ㅘ",,,,fricative → open vowel → low-visibility velar → rounded vowel,"fricative,open vowel,low-visibility velar,rounded vowel","fricative→open vowel,open vowel→low-visibility velar,low-visibility velar→rounded vowel",원순 모음에서 입술 원순화/돌출이 나타남; 개방 모음에서 입이 크게 열림; 혀/후방 조음 중심 구간은 입술 단서가 비교적 제한적,"ㅅ:fricative,ㅏ:open vowel,ㄱ:low-visibility velar,ㅘ:rounded vowel","ㅅ:fricative→ㅏ:open vowel,ㅏ:open vowel→ㄱ:low-visibility velar,ㄱ:low-visibility velar→ㅘ:rounded vowel",0.08,0.0,0.0,0.2222222222222220,0.025423728813559300,0.012552301255230100,0.022688172043010800,0.06478342749529190,0.025184960784060100,0.010752688172043000,0.03601297149684250,0.10283083729411400,0.03997612822866680
K005,word,자두,2,0.5,0.47,0.06,자두,"ㅈ,ㄷ","ㅏ,ㅜ",,ㅈ-ㅏ-ㄷ-ㅜ,"ㅈ,ㅏ,ㄷ,ㅜ","ㅈ→ㅏ,ㅏ→ㄷ,ㄷ→ㅜ",,,,affricate → open vowel → alveolar → rounded/protruded vowel,"affricate,open vowel,alveolar,rounded/protruded vowel","affricate→open vowel,open vowel→alveolar,alveolar→rounded/protruded vowel",원순 모음에서 입술 원순화/돌출이 나타남; 개방 모음에서 입이 크게 열림; 혀/후방 조음 중심 구간은 입술 단서가 비교적 제한적,"ㅈ:affricate,ㅏ:open vowel,ㄷ:alveolar,ㅜ:rounded/protruded vowel","ㅈ:affricate→ㅏ:open vowel,ㅏ:open vowel→ㄷ:alveolar,ㄷ:alveolar→ㅜ:rounded/protruded vowel",0.08,0.0,0.0,0.2222222222222220,0.025423728813559300,0.012552301255230100,0.022688172043010800,0.06478342749529190,0.025184960784060100,0.010752688172043000,0.048272706474491000,0.13783707977721700,0.05358502294480870
K006,word,까치,2,0.7,0.57,0.12,까치,"ㄲ,ㅊ","ㅏ,ㅣ",,ㄲ-ㅏ-ㅊ-ㅣ,"ㄲ,ㅏ,ㅊ,ㅣ","ㄲ→ㅏ,ㅏ→ㅊ,ㅊ→ㅣ",,,,low-visibility velar → open vowel → affricate → spread vowel,"low-visibility velar,open vowel,affricate,spread vowel","low-visibility velar→open vowel,open vowel→affricate,affricate→spread vowel",ㅣ 계열에서 입술이 옆으로 벌어짐; 개방 모음에서 입이 크게 열림; 혀/후방 조음 중심 구간은 입술 단서가 비교적 제한적,"ㄲ:low-visibility velar,ㅏ:open vowel,ㅊ:affricate,ㅣ:spread vowel","ㄲ:low-visibility velar→ㅏ:open vowel,ㅏ:open vowel→ㅊ:affricate,ㅊ:affricate→ㅣ:spread vowel",0.08,0.0,0.0,0.2222222222222220,0.025423728813559300,0.012552301255230100,0.022688172043010800,0.06478342749529190,0.025184960784060100,0.010752688172043000,0.03980381060177330,0.11365513595665200,0.044184141726421200
K007,word,딸기,2,0.8,0.77,0.06,딸기,"ㄸ,ㄱ","ㅏ,ㅣ",ㄹ,ㄸ-ㅏ-ㄹ-ㄱ-ㅣ,"ㄸ,ㅏ,ㄹ,ㄱ,ㅣ","ㄸ→ㅏ,ㅏ→ㄹ,ㄹ→ㄱ,ㄱ→ㅣ",,,,alveolar → open vowel → low-visibility coda → low-visibility velar → spread vowel,"alveolar,open vowel,low-visibility coda,low-visibility velar,spread vowel","alveolar→open vowel,open vowel→low-visibility coda,low-visibility coda→low-visibility velar,low-visibility velar→spread vowel",ㅣ 계열에서 입술이 옆으로 벌어짐; 개방 모음에서 입이 크게 열림; 혀/후방 조음 중심 구간은 입술 단서가 비교적 제한적; 다양한 viseme 전환을 포함,"ㄸ:alveolar,ㅏ:open vowel,ㄹ:low-visibility coda,ㄱ:low-visibility velar,ㅣ:spread vowel","ㄸ:alveolar→ㅏ:open vowel,ㅏ:open vowel→ㄹ:low-visibility coda,ㄹ:low-visibility coda→ㄱ:low-visibility velar,ㄱ:low-visibility velar→ㅣ:spread vowel",0.1,0.09090909090909090,0.0,0.2777777777777780,0.03389830508474580,0.016736401673640200,0.05131150211795370,0.08267419962335220,0.04468790172597980,0.014336917562724000,0.06663831443890100,0.10736909041993800,0.05803623600776600
K008,word,빨대,2,0.8,0.8,0.1,빨때,"ㅃ,ㄷ","ㅏ,ㅐ",ㄹ,ㅃ-ㅏ-ㄹ-ㄸ-ㅐ,"ㅃ,ㅏ,ㄹ,ㄸ,ㅐ","ㅃ→ㅏ,ㅏ→ㄹ,ㄹ→ㄸ,ㄸ→ㅐ",,tensification,1.0,bilabial closure → open vowel → low-visibility coda → alveolar → front/open-mid vowel,"bilabial closure,open vowel,low-visibility coda,alveolar,front/open-mid vowel","bilabial closure→open vowel,open vowel→low-visibility coda,low-visibility coda→alveolar,alveolar→front/open-mid vowel",양순음에서 입술 폐쇄가 나타남; 개방 모음에서 입이 크게 열림; 중간 개구의 모음 변화가 나타남; 혀/후방 조음 중심 구간은 입술 단서가 비교적 제한적; 다양한 viseme 전환을 포함,"ㅃ:bilabial closure,ㅏ:open vowel,ㄹ:low-visibility coda,ㄸ:alveolar,ㅐ:front/open-mid vowel","ㅃ:bilabial closure→ㅏ:open vowel,ㅏ:open vowel→ㄹ:low-visibility coda,ㄹ:low-visibility coda→ㄸ:alveolar,ㄸ:alveolar→ㅐ:front/open-mid vowel",0.1,0.09090909090909090,0.125,0.2777777777777780,0.03389830508474580,0.016736401673640200,0.08256150211795370,0.08267419962335220,0.05626524513255730,0.014336917562724000,0.10320187764744200,0.10334274952919000,0.0703315564156966
K009,word,쌀밥,2,0.8,0.77,0.06,쌀밥,"ㅆ,ㅂ",ㅏ,"ㄹ,ㅂ",ㅆ-ㅏ-ㄹ-ㅂ-ㅏ-ㅂ,"ㅆ,ㅏ,ㄹ,ㅂ","ㅆ→ㅏ,ㅏ→ㄹ,ㄹ→ㅂ,ㅂ→ㅏ,ㅏ→ㅂ",,,,fricative → open vowel → low-visibility coda → bilabial closure → open vowel → bilabial coda closure,"fricative,open vowel,low-visibility coda,bilabial closure,bilabial coda closure","fricative→open vowel,open vowel→low-visibility coda,low-visibility coda→bilabial closure,bilabial closure→open vowel,open vowel→bilabial coda closure",양순음에서 입술 폐쇄가 나타남; 개방 모음에서 입이 크게 열림; 혀/후방 조음 중심 구간은 입술 단서가 비교적 제한적; 다양한 viseme 전환을 포함,"ㅆ:fricative,ㅏ:open vowel,ㄹ:low-visibility coda,ㅂ:bilabial closure,ㅏ:open vowel,ㅂ:bilabial coda closure","ㅆ:fricative→ㅏ:open vowel,ㅏ:open vowel→ㄹ:low-visibility coda,ㄹ:low-visibility coda→ㅂ:bilabial closure,ㅂ:bilabial closure→ㅏ:open vowel,ㅏ:open vowel→ㅂ:bilabial coda closure",0.08,0.18181818181818200,0.0,0.2777777777777780,0.0423728813559322,0.02092050209205020,0.06993483219289670,0.08945386064030130,0.05546770504270960,0.017921146953405000,0.09082445739337240,0.11617384498740400,0.07203598057494760
K010,word,짜장,2,0.7,0.6,0.1,짜장,"ㅉ,ㅈ",ㅏ,ㅇ,ㅉ-ㅏ-ㅈ-ㅏ-ㅇ,"ㅉ,ㅏ,ㅈ,ㅇ","ㅉ→ㅏ,ㅏ→ㅈ,ㅈ→ㅏ,ㅏ→ㅇ",,,,affricate → open vowel → affricate → open vowel → low-visibility coda,"affricate,open vowel,low-visibility coda","affricate→open vowel,open vowel→affricate,affricate→open vowel,open vowel→low-visibility coda",개방 모음에서 입이 크게 열림; 혀/후방 조음 중심 구간은 입술 단서가 비교적 제한적,"ㅉ:affricate,ㅏ:open vowel,ㅈ:affricate,ㅏ:open vowel,ㅇ:low-visibility coda","ㅉ:affricate→ㅏ:open vowel,ㅏ:open vowel→ㅈ:affricate,ㅈ:affricate→ㅏ:open vowel,ㅏ:open vowel→ㅇ:low-visibility coda",0.08,0.09090909090909090,0.0,0.16666666666666700,0.025423728813559300,0.016736401673640200,0.04631150211795370,0.053672316384180800,0.03652713216993710,0.014336917562724000,0.07718583686325620,0.08945386064030130,0.0608785536165619
K011,word,카드,2,0.6,0.63,0.06,카드,"ㅋ,ㄷ","ㅏ,ㅡ",,ㅋ-ㅏ-ㄷ-ㅡ,"ㅋ,ㅏ,ㄷ,ㅡ","ㅋ→ㅏ,ㅏ→ㄷ,ㄷ→ㅡ",,,,low-visibility velar → open vowel → alveolar → neutral/unrounded vowel,"low-visibility velar,open vowel,alveolar,neutral/unrounded vowel","low-visibility velar→open vowel,open vowel→alveolar,alveolar→neutral/unrounded vowel",개방 모음에서 입이 크게 열림; 혀/후방 조음 중심 구간은 입술 단서가 비교적 제한적,"ㅋ:low-visibility velar,ㅏ:open vowel,ㄷ:alveolar,ㅡ:neutral/unrounded vowel","ㅋ:low-visibility velar→ㅏ:open vowel,ㅏ:open vowel→ㄷ:alveolar,ㄷ:alveolar→ㅡ:neutral/unrounded vowel",0.08,0.0,0.0,0.2222222222222220,0.025423728813559300,0.012552301255230100,0.022688172043010800,0.06478342749529190,0.025184960784060100,0.010752688172043000,0.03601297149684250,0.10283083729411400,0.03997612822866680
K012,word,토끼,2,0.6,0.6,0.1,토끼,"ㅌ,ㄲ","ㅗ,ㅣ",,ㅌ-ㅗ-ㄲ-ㅣ,"ㅌ,ㅗ,ㄲ,ㅣ","ㅌ→ㅗ,ㅗ→ㄲ,ㄲ→ㅣ",,,,alveolar → rounded vowel → low-visibility velar → spread vowel,"alveolar,rounded vowel,low-visibility velar,spread vowel","alveolar→rounded vowel,rounded vowel→low-visibility velar,low-visibility velar→spread vowel",원순 모음에서 입술 원순화/돌출이 나타남; ㅣ 계열에서 입술이 옆으로 벌어짐; 혀/후방 조음 중심 구간은 입술 단서가 비교적 제한적,"ㅌ:alveolar,ㅗ:rounded vowel,ㄲ:low-visibility velar,ㅣ:spread vowel","ㅌ:alveolar→ㅗ:rounded vowel,ㅗ:rounded vowel→ㄲ:low-visibility velar,ㄲ:low-visibility velar→ㅣ:spread vowel",0.08,0.0,0.0,0.2222222222222220,0.025423728813559300,0.012552301255230100,0.022688172043010800,0.06478342749529190,0.025184960784060100,0.010752688172043000,0.037813620071684600,0.10797237915882000,0.041974934640100200
K013,word,포도,2,0.6,0.67,0.06,포도,"ㅍ,ㄷ",ㅗ,,ㅍ-ㅗ-ㄷ-ㅗ,"ㅍ,ㅗ,ㄷ","ㅍ→ㅗ,ㅗ→ㄷ,ㄷ→ㅗ",,,,bilabial closure → rounded vowel → alveolar → rounded vowel,"bilabial closure,rounded vowel,alveolar","bilabial closure→rounded vowel,rounded vowel→alveolar,alveolar→rounded vowel",양순음에서 입술 폐쇄가 나타남; 원순 모음에서 입술 원순화/돌출이 나타남; 혀/후방 조음 중심 구간은 입술 단서가 비교적 제한적,"ㅍ:bilabial closure,ㅗ:rounded vowel,ㄷ:alveolar,ㅗ:rounded vowel","ㅍ:bilabial closure→ㅗ:rounded vowel,ㅗ:rounded vowel→ㄷ:alveolar,ㄷ:alveolar→ㅗ:rounded vowel",0.06,0.0,0.0,0.16666666666666700,0.025423728813559300,0.012552301255230100,0.017688172043010800,0.053672316384180800,0.020985469860484000,0.010752688172043000,0.026400256780613100,0.08010793490176240,0.0313215968066926
K014,word,차표,2,0.7,0.77,0.06,차표,"ㅊ,ㅍ","ㅏ,ㅛ",,ㅊ-ㅏ-ㅍ-ㅛ,"ㅊ,ㅏ,ㅍ,ㅛ","ㅊ→ㅏ,ㅏ→ㅍ,ㅍ→ㅛ",,,,affricate → open vowel → bilabial closure → rounded vowel,"affricate,open vowel,bilabial closure,rounded vowel","affricate→open vowel,open vowel→bilabial closure,bilabial closure→rounded vowel",양순음에서 입술 폐쇄가 나타남; 원순 모음에서 입술 원순화/돌출이 나타남; 개방 모음에서 입이 크게 열림; 혀/후방 조음 중심 구간은 입술 단서가 비교적 제한적,"ㅊ:affricate,ㅏ:open vowel,ㅍ:bilabial closure,ㅛ:rounded vowel","ㅊ:affricate→ㅏ:open vowel,ㅏ:open vowel→ㅍ:bilabial closure,ㅍ:bilabial closure→ㅛ:rounded vowel",0.08,0.0,0.0,0.2222222222222220,0.025423728813559300,0.012552301255230100,0.022688172043010800,0.06478342749529190,0.025184960784060100,0.010752688172043000,0.029465158497416600,0.08413432142245700,0.03270774127800010
K015,word,커피,2,0.7,0.7,0.1,커피,"ㅋ,ㅍ","ㅓ,ㅣ",,ㅋ-ㅓ-ㅍ-ㅣ,"ㅋ,ㅓ,ㅍ,ㅣ","ㅋ→ㅓ,ㅓ→ㅍ,ㅍ→ㅣ",,,,low-visibility velar → open-mid vowel → bilabial closure → spread vowel,"low-visibility velar,open-mid vowel,bilabial closure,spread vowel","low-visibility velar→open-mid vowel,open-mid vowel→bilabial closure,bilabial closure→spread vowel",양순음에서 입술 폐쇄가 나타남; ㅣ 계열에서 입술이 옆으로 벌어짐; 중간 개구의 모음 변화가 나타남; 혀/후방 조음 중심 구간은 입술 단서가 비교적 제한적,"ㅋ:low-visibility velar,ㅓ:open-mid vowel,ㅍ:bilabial closure,ㅣ:spread vowel","ㅋ:low-visibility velar→ㅓ:open-mid vowel,ㅓ:open-mid vowel→ㅍ:bilabial closure,ㅍ:bilabial closure→ㅣ:spread vowel",0.08,0.0,0.0,0.2222222222222220,0.025423728813559300,0.012552301255230100,0.022688172043010800,0.06478342749529190,0.025184960784060100,0.010752688172043000,0.03241167434715820,0.09254775356470270,0.03597851540580010
K016,word,나무,2,0.6,0.5,0.1,나무,"ㄴ,ㅁ","ㅏ,ㅜ",,ㄴ-ㅏ-ㅁ-ㅜ,"ㄴ,ㅏ,ㅁ,ㅜ","ㄴ→ㅏ,ㅏ→ㅁ,ㅁ→ㅜ",,,,alveolar → open vowel → bilabial closure → rounded/protruded vowel,"alveolar,open vowel,bilabial closure,rounded/protruded vowel","alveolar→open vowel,open vowel→bilabial closure,bilabial closure→rounded/protruded vowel",양순음에서 입술 폐쇄가 나타남; 원순 모음에서 입술 원순화/돌출이 나타남; 개방 모음에서 입이 크게 열림; 혀/후방 조음 중심 구간은 입술 단서가 비교적 제한적,"ㄴ:alveolar,ㅏ:open vowel,ㅁ:bilabial closure,ㅜ:rounded/protruded vowel","ㄴ:alveolar→ㅏ:open vowel,ㅏ:open vowel→ㅁ:bilabial closure,ㅁ:bilabial closure→ㅜ:rounded/protruded vowel",0.08,0.0,0.0,0.2222222222222220,0.025423728813559300,0.012552301255230100,0.022688172043010800,0.06478342749529190,0.025184960784060100,0.010752688172043000,0.04537634408602150,0.12956685499058400,0.050369921568120200
K017,word,마음,2,0.5,0.5,0.0,마음,"ㅁ,ㅇ","ㅏ,ㅡ",ㅁ,ㅁ-ㅏ-ㅇ-ㅡ-ㅁ,"ㅁ,ㅏ,ㅇ,ㅡ","ㅁ→ㅏ,ㅏ→ㅇ,ㅇ→ㅡ,ㅡ→ㅁ",,,,bilabial closure → open vowel → null/velar onset → neutral/unrounded vowel → bilabial nasal coda,"bilabial closure,open vowel,null/velar onset,neutral/unrounded vowel,bilabial nasal coda","bilabial closure→open vowel,open vowel→null/velar onset,null/velar onset→neutral/unrounded vowel,neutral/unrounded vowel→bilabial nasal coda",양순음에서 입술 폐쇄가 나타남; 개방 모음에서 입이 크게 열림; 다양한 viseme 전환을 포함,"ㅁ:bilabial closure,ㅏ:open vowel,ㅇ:null/velar onset,ㅡ:neutral/unrounded vowel,ㅁ:bilabial nasal coda","ㅁ:bilabial closure→ㅏ:open vowel,ㅏ:open vowel→ㅇ:null/velar onset,ㅇ:null/velar onset→ㅡ:neutral/unrounded vowel,ㅡ:neutral/unrounded vowel→ㅁ:bilabial nasal coda",0.08,0.09090909090909090,0.0,0.2777777777777780,0.03389830508474580,0.016736401673640200,0.04631150211795370,0.08267419962335220,0.042314937400509700,0.014336917562724000,0.09262300423590750,0.16534839924670400,0.08462987480101940
K018,word,안녕,2,0.5,0.6,0.1,안녕,"ㅇ,ㄴ","ㅏ,ㅕ","ㄴ,ㅇ",ㅇ-ㅏ-ㄴ-ㄴ-ㅕ-ㅇ,"ㅇ,ㅏ,ㄴ,ㅕ","ㅇ→ㅏ,ㅏ→ㄴ,ㄴ→ㄴ,ㄴ→ㅕ,ㅕ→ㅇ",,,,null/velar onset → open vowel → low-visibility coda → alveolar → open-mid vowel → low-visibility coda,"null/velar onset,open vowel,low-visibility coda,alveolar,open-mid vowel","null/velar onset→open vowel,open vowel→low-visibility coda,low-visibility coda→alveolar,alveolar→open-mid vowel,open-mid vowel→low-visibility coda",개방 모음에서 입이 크게 열림; 중간 개구의 모음 변화가 나타남; 혀/후방 조음 중심 구간은 입술 단서가 비교적 제한적; 다양한 viseme 전환을 포함,"ㅇ:null/velar onset,ㅏ:open vowel,ㄴ:low-visibility coda,ㄴ:alveolar,ㅕ:open-mid vowel,ㅇ:low-visibility coda","ㅇ:null/velar onset→ㅏ:open vowel,ㅏ:open vowel→ㄴ:low-visibility coda,ㄴ:low-visibility coda→ㄴ:alveolar,ㄴ:alveolar→ㅕ:open-mid vowel,ㅕ:open-mid vowel→ㅇ:low-visibility coda",0.08,0.18181818181818200,0.0,0.2777777777777780,0.0423728813559322,0.02092050209205020,0.06993483219289670,0.08945386064030130,0.05546770504270960,0.017921146953405000,0.11655805365482800,0.14908976773383600,0.09244617507118270
K019,word,강물,2,0.7,0.7,0.0,강물,"ㄱ,ㅁ","ㅏ,ㅜ","ㅇ,ㄹ",ㄱ-ㅏ-ㅇ-ㅁ-ㅜ-ㄹ,"ㄱ,ㅏ,ㅇ,ㅁ,ㅜ,ㄹ","ㄱ→ㅏ,ㅏ→ㅇ,ㅇ→ㅁ,ㅁ→ㅜ,ㅜ→ㄹ",,,,low-visibility velar → open vowel → low-visibility coda → bilabial closure → rounded/protruded vowel → low-visibility coda,"low-visibility velar,open vowel,low-visibility coda,bilabial closure,rounded/protruded vowel","low-visibility velar→open vowel,open vowel→low-visibility coda,low-visibility coda→bilabial closure,bilabial closure→rounded/protruded vowel,rounded/protruded vowel→low-visibility coda",양순음에서 입술 폐쇄가 나타남; 원순 모음에서 입술 원순화/돌출이 나타남; 개방 모음에서 입이 크게 열림; 혀/후방 조음 중심 구간은 입술 단서가 비교적 제한적; 다양한 viseme 전환을 포함,"ㄱ:low-visibility velar,ㅏ:open vowel,ㅇ:low-visibility coda,ㅁ:bilabial closure,ㅜ:rounded/protruded vowel,ㄹ:low-visibility coda","ㄱ:low-visibility velar→ㅏ:open vowel,ㅏ:open vowel→ㅇ:low-visibility coda,ㅇ:low-visibility coda→ㅁ:bilabial closure,ㅁ:bilabial closure→ㅜ:rounded/protruded vowel,ㅜ:rounded/protruded vowel→ㄹ:low-visibility coda",0.12,0.18181818181818200,0.0,0.2777777777777780,0.0423728813559322,0.02092050209205020,0.07993483219289670,0.08945386064030130,0.059024325263232700,0.017921146953405000,0.11419261741842400,0.12779122948614500,0.08432046466176100
K020,word,라면,2,0.6,0.57,0.06,라면,"ㄹ,ㅁ","ㅏ,ㅕ",ㄴ,ㄹ-ㅏ-ㅁ-ㅕ-ㄴ,"ㄹ,ㅏ,ㅁ,ㅕ,ㄴ","ㄹ→ㅏ,ㅏ→ㅁ,ㅁ→ㅕ,ㅕ→ㄴ",,,,liquid → open vowel → bilabial closure → open-mid vowel → low-visibility coda,"liquid,open vowel,bilabial closure,open-mid vowel,low-visibility coda","liquid→open vowel,open vowel→bilabial closure,bilabial closure→open-mid vowel,open-mid vowel→low-visibility coda",양순음에서 입술 폐쇄가 나타남; 개방 모음에서 입이 크게 열림; 중간 개구의 모음 변화가 나타남; 혀/후방 조음 중심 구간은 입술 단서가 비교적 제한적; 다양한 viseme 전환을 포함,"ㄹ:liquid,ㅏ:open vowel,ㅁ:bilabial closure,ㅕ:open-mid vowel,ㄴ:low-visibility coda","ㄹ:liquid→ㅏ:open vowel,ㅏ:open vowel→ㅁ:bilabial closure,ㅁ:bilabial closure→ㅕ:open-mid vowel,ㅕ:open-mid vowel→ㄴ:low-visibility coda",0.1,0.09090909090909090,0.0,0.2777777777777780,0.03389830508474580,0.016736401673640200,0.05131150211795370,0.08267419962335220,0.04468790172597980,0.014336917562724000,0.0900201791543048,0.14504245547956500,0.07839982758943830
K021,word,노래,2,0.6,0.53,0.06,노래,"ㄴ,ㄹ","ㅗ,ㅐ",,ㄴ-ㅗ-ㄹ-ㅐ,"ㄴ,ㅗ,ㄹ,ㅐ","ㄴ→ㅗ,ㅗ→ㄹ,ㄹ→ㅐ",,,,alveolar → rounded vowel → liquid → front/open-mid vowel,"alveolar,rounded vowel,liquid,front/open-mid vowel","alveolar→rounded vowel,rounded vowel→liquid,liquid→front/open-mid vowel",원순 모음에서 입술 원순화/돌출이 나타남; 중간 개구의 모음 변화가 나타남; 혀/후방 조음 중심 구간은 입술 단서가 비교적 제한적,"ㄴ:alveolar,ㅗ:rounded vowel,ㄹ:liquid,ㅐ:front/open-mid vowel","ㄴ:alveolar→ㅗ:rounded vowel,ㅗ:rounded vowel→ㄹ:liquid,ㄹ:liquid→ㅐ:front/open-mid vowel",0.08,0.0,0.0,0.2222222222222220,0.025423728813559300,0.012552301255230100,0.022688172043010800,0.06478342749529190,0.025184960784060100,0.010752688172043000,0.04280787177926560,0.1222328820665890,0.04751879393218890
K022,word,거리,2,0.6,0.57,0.06,거리,"ㄱ,ㄹ","ㅓ,ㅣ",,ㄱ-ㅓ-ㄹ-ㅣ,"ㄱ,ㅓ,ㄹ,ㅣ","ㄱ→ㅓ,ㅓ→ㄹ,ㄹ→ㅣ",,,,low-visibility velar → open-mid vowel → liquid → spread vowel,"low-visibility velar,open-mid vowel,liquid,spread vowel","low-visibility velar→open-mid vowel,open-mid vowel→liquid,liquid→spread vowel",ㅣ 계열에서 입술이 옆으로 벌어짐; 중간 개구의 모음 변화가 나타남; 혀/후방 조음 중심 구간은 입술 단서가 비교적 제한적,"ㄱ:low-visibility velar,ㅓ:open-mid vowel,ㄹ:liquid,ㅣ:spread vowel","ㄱ:low-visibility velar→ㅓ:open-mid vowel,ㅓ:open-mid vowel→ㄹ:liquid,ㄹ:liquid→ㅣ:spread vowel",0.08,0.0,0.0,0.2222222222222220,0.025423728813559300,0.012552301255230100,0.022688172043010800,0.06478342749529190,0.025184960784060100,0.010752688172043000,0.03980381060177330,0.11365513595665200,0.044184141726421200
K023,word,국물,2,0.7,0.6,0.1,궁물,"ㄱ,ㅁ",ㅜ,"ㅇ,ㄹ",ㄱ-ㅜ-ㅇ-ㅁ-ㅜ-ㄹ,"ㄱ,ㅜ,ㅇ,ㅁ,ㄹ","ㄱ→ㅜ,ㅜ→ㅇ,ㅇ→ㅁ,ㅁ→ㅜ,ㅜ→ㄹ",,nasal_assimilation,1.0,low-visibility velar → rounded/protruded vowel → low-visibility coda → bilabial closure → rounded/protruded vowel → low-visibility coda,"low-visibility velar,rounded/protruded vowel,low-visibility coda,bilabial closure","low-visibility velar→rounded/protruded vowel,rounded/protruded vowel→low-visibility coda,low-visibility coda→bilabial closure,bilabial closure→rounded/protruded vowel,rounded/protruded vowel→low-visibility coda",양순음에서 입술 폐쇄가 나타남; 원순 모음에서 입술 원순화/돌출이 나타남; 혀/후방 조음 중심 구간은 입술 단서가 비교적 제한적,"ㄱ:low-visibility velar,ㅜ:rounded/protruded vowel,ㅇ:low-visibility coda,ㅁ:bilabial closure,ㅜ:rounded/protruded vowel,ㄹ:low-visibility coda","ㄱ:low-visibility velar→ㅜ:rounded/protruded vowel,ㅜ:rounded/protruded vowel→ㅇ:low-visibility coda,ㅇ:low-visibility coda→ㅁ:bilabial closure,ㅁ:bilabial closure→ㅜ:rounded/protruded vowel,ㅜ:rounded/protruded vowel→ㄹ:low-visibility coda",0.1,0.18181818181818200,0.125,0.2222222222222220,0.03389830508474580,0.02092050209205020,0.10618483219289700,0.07156308851224110,0.05966948697657320,0.017921146953405000,0.17697472032149500,0.11927181418706800,0.09944914496095530
K024,word,신라,2,0.6,0.6,0.0,실라,"ㅅ,ㄹ","ㅣ,ㅏ",ㄹ,ㅅ-ㅣ-ㄹ-ㄹ-ㅏ,"ㅅ,ㅣ,ㄹ,ㄹ,ㅏ","ㅅ→ㅣ,ㅣ→ㄹ,ㄹ→ㄹ,ㄹ→ㅏ",,liquid_assimilation,1.0,fricative → spread vowel → low-visibility coda → liquid → open vowel,"fricative,spread vowel,low-visibility coda,liquid,open vowel","fricative→spread vowel,spread vowel→low-visibility coda,low-visibility coda→liquid,liquid→open vowel",ㅣ 계열에서 입술이 옆으로 벌어짐; 개방 모음에서 입이 크게 열림; 혀/후방 조음 중심 구간은 입술 단서가 비교적 제한적; 다양한 viseme 전환을 포함,"ㅅ:fricative,ㅣ:spread vowel,ㄹ:low-visibility coda,ㄹ:liquid,ㅏ:open vowel","ㅅ:fricative→ㅣ:spread vowel,ㅣ:spread vowel→ㄹ:low-visibility coda,ㄹ:low-visibility coda→ㄹ:liquid,ㄹ:liquid→ㅏ:open vowel",0.08,0.09090909090909090,0.125,0.2777777777777780,0.03389830508474580,0.016736401673640200,0.07756150211795370,0.08267419962335220,0.054716328397782800,0.014336917562724000,0.12926917019659000,0.13779033270558700,0.09119388066297140
K025,word,같이,2,0.6,0.53,0.06,가치,"ㄱ,ㅊ","ㅏ,ㅣ",,ㄱ-ㅏ-ㅊ-ㅣ,"ㄱ,ㅏ,ㅊ,ㅣ","ㄱ→ㅏ,ㅏ→ㅊ,ㅊ→ㅇ,ㅇ→ㅣ",,palatalization,1.0,low-visibility velar → open vowel → affricate → spread vowel,"low-visibility velar,open vowel,affricate,spread vowel","low-visibility velar→open vowel,open vowel→affricate,affricate→spread vowel",ㅣ 계열에서 입술이 옆으로 벌어짐; 개방 모음에서 입이 크게 열림; 혀/후방 조음 중심 구간은 입술 단서가 비교적 제한적,"ㄱ:low-visibility velar,ㅏ:open vowel,ㅊ:affricate,ㅣ:spread vowel","ㄱ:low-visibility velar→ㅏ:open vowel,ㅏ:open vowel→ㅊ:affricate,ㅊ:affricate→ㅣ:spread vowel",0.08,0.0,0.125,0.2222222222222220,0.025423728813559300,0.012552301255230100,0.05483422939068100,0.06478342749529190,0.040657957235581000,0.014336917562724000,0.10346081017109600,0.1222328820665890,0.07671312685958690
K026,word,학교,2,0.7,0.63,0.06,학꾜,"ㅎ,ㄲ","ㅏ,ㅛ",ㄱ,ㅎ-ㅏ-ㄲ-ㅛ,"ㅎ,ㅏ,ㄲ,ㅛ","ㅎ→ㅏ,ㅏ→ㄱ,ㄱ→ㄲ,ㄲ→ㅛ",,tensification,1.0,glottal → open vowel → low-visibility coda → low-visibility velar → rounded vowel,"glottal,open vowel,low-visibility coda,low-visibility velar,rounded vowel","glottal→open vowel,open vowel→low-visibility coda,low-visibility coda→low-visibility velar,low-visibility velar→rounded vowel",원순 모음에서 입술 원순화/돌출이 나타남; 개방 모음에서 입이 크게 열림; 혀/후방 조음 중심 구간은 입술 단서가 비교적 제한적; 다양한 viseme 전환을 포함,"ㅎ:glottal,ㅏ:open vowel,ㄱ:low-visibility coda,ㄲ:low-visibility velar,ㅛ:rounded vowel","ㅎ:glottal→ㅏ:open vowel,ㅏ:open vowel→ㄱ:low-visibility coda,ㄱ:low-visibility coda→ㄲ:low-visibility velar,ㄲ:low-visibility velar→ㅛ:rounded vowel",0.08,0.09090909090909090,0.125,0.2777777777777780,0.03389830508474580,0.016736401673640200,0.07756150211795370,0.08267419962335220,0.054716328397782800,0.014336917562724000,0.12311349542532300,0.1312288882910350,0.08685131491711560
K027,word,좋다,2,0.8,0.73,0.06,조타,"ㅈ,ㅌ","ㅗ,ㅏ",,ㅈ-ㅗ-ㅌ-ㅏ,"ㅈ,ㅗ,ㅌ,ㅏ","ㅈ→ㅗ,ㅗ→ㅌ,ㅌ→ㅏ",,aspiration,1.0,affricate → rounded vowel → alveolar → open vowel,"affricate,rounded vowel,alveolar,open vowel","affricate→rounded vowel,rounded vowel→alveolar,alveolar→open vowel",원순 모음에서 입술 원순화/돌출이 나타남; 개방 모음에서 입이 크게 열림; 혀/후방 조음 중심 구간은 입술 단서가 비교적 제한적,"ㅈ:affricate,ㅗ:rounded vowel,ㅌ:alveolar,ㅏ:open vowel","ㅈ:affricate→ㅗ:rounded vowel,ㅗ:rounded vowel→ㅌ:alveolar,ㅌ:alveolar→ㅏ:open vowel",0.08,0.0,0.125,0.2222222222222220,0.025423728813559300,0.012552301255230100,0.053938172043010800,0.06478342749529190,0.04034018213979370,0.010752688172043000,0.07388790690823390,0.08874442122642730,0.055260523479169400
K028,word,옷이,2,0.5,0.6,0.1,오시,"ㅇ, ㅅ","ㅗ,ㅣ",,ㅇ-ㅗ-ㅅ-ㅣ,"ㅇ,ㅗ,ㅅ,ㅣ","ㅇ→ㅗ,ㅗ→ㅅ,ㅅ→ㅣ",,resyllabification,1.0,null/velar onset → rounded vowel → fricative → spread vowel,"null/velar onset,rounded vowel,fricative,spread vowel","null/velar onset→rounded vowel,rounded vowel→fricative,fricative→spread vowel",원순 모음에서 입술 원순화/돌출이 나타남; ㅣ 계열에서 입술이 옆으로 벌어짐; 혀/후방 조음 중심 구간은 입술 단서가 비교적 제한적,"ㅇ:null/velar onset,ㅗ:rounded vowel,ㅅ:fricative,ㅣ:spread vowel","ㅇ:null/velar onset→ㅗ:rounded vowel,ㅗ:rounded vowel→ㅅ:fricative,ㅅ:fricative→ㅣ:spread vowel",0.08,0.0,0.125,0.2222222222222220,0.025423728813559300,0.012552301255230100,0.053938172043010800,0.06478342749529190,0.04034018213979370,0.010752688172043000,0.08989695340501790,0.10797237915882000,0.06723363689965610
K029,word,앞문,2,0.8,0.7,0.1,암문,"ㅇ,ㅁ","ㅏ,ㅜ","ㅁ, ㄴ",ㅇ-ㅏ-ㅁ-ㅁ-ㅜ-ㄴ,"ㅇ,ㅏ,ㅁ,ㅁ,ㅜ,ㄴ","ㅇ→ㅏ,ㅏ→ㅁ,ㅁ→ㅁ,ㅁ→ㅜ,ㅜ→ㄴ",,nasal_assimilation,1.0,null/velar onset → open vowel → bilabial nasal coda → bilabial closure → rounded/protruded vowel → low-visibility coda,"null/velar onset,open vowel,bilabial nasal coda,bilabial closure,rounded/protruded vowel,low-visibility coda","null/velar onset→open vowel,open vowel→bilabial nasal coda,bilabial nasal coda→bilabial closure,bilabial closure→rounded/protruded vowel,rounded/protruded vowel→low-visibility coda",양순음에서 입술 폐쇄가 나타남; 원순 모음에서 입술 원순화/돌출이 나타남; 개방 모음에서 입이 크게 열림; 혀/후방 조음 중심 구간은 입술 단서가 비교적 제한적; 다양한 viseme 전환을 포함,"ㅇ:null/velar onset,ㅏ:open vowel,ㅁ:bilabial nasal coda,ㅁ:bilabial closure,ㅜ:rounded/protruded vowel,ㄴ:low-visibility coda","ㅇ:null/velar onset→ㅏ:open vowel,ㅏ:open vowel→ㅁ:bilabial nasal coda,ㅁ:bilabial nasal coda→ㅁ:bilabial closure,ㅁ:bilabial closure→ㅜ:rounded/protruded vowel,ㅜ:rounded/protruded vowel→ㄴ:low-visibility coda",0.1,0.18181818181818200,0.125,0.3333333333333330,0.0423728813559322,0.02092050209205020,0.10618483219289700,0.10056497175141200,0.07034731141217580,0.017921146953405000,0.15169261741842400,0.14366424535916100,0.10049615916025100
K030,word,꽃말,2,0.8,0.67,0.12,꼰말,"ㄲ,ㅁ","ㅗ,ㅏ","ㄴ, ㄹ",ㄲ-ㅗ-ㄴ-ㅁ-ㅏ-ㄹ,"ㄲ,ㅗ,ㄴ,ㅁ,ㅏ,ㄹ","ㄲ→ㅗ,ㅗ→ㄴ,ㄴ→ㅁ,ㅁ→ㅏ,ㅏ→ㄹ",,nasal_assimilation,1.0,low-visibility velar → rounded vowel → low-visibility coda → bilabial closure → open vowel → low-visibility coda,"low-visibility velar,rounded vowel,low-visibility coda,bilabial closure,open vowel","low-visibility velar→rounded vowel,rounded vowel→low-visibility coda,low-visibility coda→bilabial closure,bilabial closure→open vowel,open vowel→low-visibility coda",양순음에서 입술 폐쇄가 나타남; 원순 모음에서 입술 원순화/돌출이 나타남; 개방 모음에서 입이 크게 열림; 혀/후방 조음 중심 구간은 입술 단서가 비교적 제한적; 다양한 viseme 전환을 포함,"ㄲ:low-visibility velar,ㅗ:rounded vowel,ㄴ:low-visibility coda,ㅁ:bilabial closure,ㅏ:open vowel,ㄹ:low-visibility coda","ㄲ:low-visibility velar→ㅗ:rounded vowel,ㅗ:rounded vowel→ㄴ:low-visibility coda,ㄴ:low-visibility coda→ㅁ:bilabial closure,ㅁ:bilabial closure→ㅏ:open vowel,ㅏ:open vowel→ㄹ:low-visibility coda",0.12,0.18181818181818200,0.125,0.2777777777777780,0.0423728813559322,0.02092050209205020,0.11118483219289700,0.08945386064030130,0.06785370793302930,0.017921146953405000,0.16594751073566700,0.13351322483627100,0.10127419094482000
K031,word,먹는,2,0.7,0.63,0.06,멍는,"ㅁ,ㄴ","ㅓ,ㅡ","ㄱ,ㄴ",ㅁ-ㅓ-ㄱ-ㄴ-ㅡ-ㄴ,"ㅁ,ㅓ,ㄱ,ㄴ,ㅡ","ㅁ→ㅓ,ㅓ→ㄱ,ㄱ→ㄴ,ㄴ→ㅡ,ㅡ→ㄴ",,nasal_assimilation,1.0,bilabial closure → open-mid vowel → low-visibility coda → alveolar → neutral/unrounded vowel → low-visibility coda,"bilabial closure,open-mid vowel,low-visibility coda,alveolar,neutral/unrounded vowel","bilabial closure→open-mid vowel,open-mid vowel→low-visibility coda,low-visibility coda→alveolar,alveolar→neutral/unrounded vowel,neutral/unrounded vowel→low-visibility coda",양순음에서 입술 폐쇄가 나타남; 중간 개구의 모음 변화가 나타남; 혀/후방 조음 중심 구간은 입술 단서가 비교적 제한적; 다양한 viseme 전환을 포함,"ㅁ:bilabial closure,ㅓ:open-mid vowel,ㅇ:low-visibility coda,ㄴ:alveolar,ㅡ:neutral/unrounded vowel,ㄴ:low-visibility coda","ㅁ:bilabial closure→ㅓ:open-mid vowel,ㅓ:open-mid vowel→ㅇ:low-visibility coda,ㅇ:low-visibility coda→ㄴ:alveolar,ㄴ:alveolar→ㅡ:neutral/unrounded vowel,ㅡ:neutral/unrounded vowel→ㄴ:low-visibility coda",0.1,0.18181818181818200,0.125,0.2777777777777780,0.0423728813559322,0.02092050209205020,0.10618483219289700,0.08945386064030130,0.06663055717147070,0.017921146953405000,0.16854735268713800,0.14199025498460500,0.10576278916106500
K032,word,닫는,2,0.6,0.53,0.06,단는,"ㄷ,ㄴ","ㅏ,ㅡ",ㄴ,ㄷ-ㅏ-ㄴ-ㄴ-ㅡ-ㄴ,"ㄷ,ㅏ,ㄴ,ㅡ","ㄷ→ㅏ,ㅏ→ㄴ,ㄴ→ㄴ,ㄴ→ㅡ,ㅡ→ㄴ",,nasal_assimilation,1.0,alveolar → open vowel → low-visibility coda → alveolar → neutral/unrounded vowel → low-visibility coda,"alveolar,open vowel,low-visibility coda,neutral/unrounded vowel","alveolar→open vowel,open vowel→low-visibility coda,low-visibility coda→alveolar,alveolar→neutral/unrounded vowel,neutral/unrounded vowel→low-visibility coda",개방 모음에서 입이 크게 열림; 혀/후방 조음 중심 구간은 입술 단서가 비교적 제한적,"ㄷ:alveolar,ㅏ:open vowel,ㄴ:low-visibility coda,ㄴ:alveolar,ㅡ:neutral/unrounded vowel,ㄴ:low-visibility coda","ㄷ:alveolar→ㅏ:open vowel,ㅏ:open vowel→ㄴ:low-visibility coda,ㄴ:low-visibility coda→ㄴ:alveolar,ㄴ:alveolar→ㅡ:neutral/unrounded vowel,ㅡ:neutral/unrounded vowel→ㄴ:low-visibility coda",0.08,0.09090909090909090,0.125,0.2222222222222220,0.0423728813559322,0.02092050209205020,0.07845755946562400,0.07834274952919020,0.055408265315950700,0.017921146953405000,0.14803313106721500,0.1478165085456420,0.10454389682254900
K033,word,설날,2,0.6,0.57,0.06,설랄,"ㅅ,ㄹ","ㅓ,ㅏ",ㄹ,ㅅ-ㅓ-ㄹ-ㄹ-ㅏ-ㄹ,"ㅅ,ㅓ,ㄹ,ㄹ,ㅏ","ㅅ→ㅓ,ㅓ→ㄹ,ㄹ→ㄹ,ㄹ→ㅏ,ㅏ→ㄹ",,liquid_assimilation,1.0,fricative → open-mid vowel → low-visibility coda → liquid → open vowel → low-visibility coda,"fricative,open-mid vowel,low-visibility coda,liquid,open vowel","fricative→open-mid vowel,open-mid vowel→low-visibility coda,low-visibility coda→liquid,liquid→open vowel,open vowel→low-visibility coda",개방 모음에서 입이 크게 열림; 중간 개구의 모음 변화가 나타남; 혀/후방 조음 중심 구간은 입술 단서가 비교적 제한적; 다양한 viseme 전환을 포함,"ㅅ:fricative,ㅓ:open-mid vowel,ㄹ:low-visibility coda,ㄹ:liquid,ㅏ:open vowel,ㄹ:low-visibility coda","ㅅ:fricative→ㅓ:open-mid vowel,ㅓ:open-mid vowel→ㄹ:low-visibility coda,ㄹ:low-visibility coda→ㄹ:liquid,ㄹ:liquid→ㅏ:open vowel,ㅏ:open vowel→ㄹ:low-visibility coda",0.08,0.09090909090909090,0.125,0.2777777777777780,0.0423728813559322,0.02092050209205020,0.07845755946562400,0.08945386064030130,0.05852558382990380,0.017921146953405000,0.13764484116776100,0.15693659761456400,0.10267646285948000
K034,word,색연필,3,1.5,0.93,0.49,생년필,"ㅅ,ㄴ,ㅍ","ㅐ,ㅕ,ㅣ","ㅇ, ㄴ, ㄹ",ㅅ-ㅐ-ㅇ-ㄴ-ㅕ-ㄴ-ㅍ-ㅣ-ㄹ,"ㅅ,ㅐ,ㄱ,ㄴ,ㅕ,ㄴ,ㅍ,ㅣ,ㄹ","ㅅ→ㅐ,ㅐ→ㅇ,ㅇ→ㄴ,ㄴ→ㅕ,ㅕ→ㄴ,ㄴ→ㅍ,ㅍ→ㅣ,ㅣ→ㄹ",,nasal_assimilation,1.0,fricative → front/open-mid vowel → low-visibility coda → alveolar → open-mid vowel → low-visibility coda → bilabial closure → spread vowel → low-visibility coda,"fricative,front/open-mid vowel,low-visibility coda,alveolar,open-mid vowel,bilabial closure,spread vowel","fricative→front/open-mid vowel,front/open-mid vowel→low-visibility coda,low-visibility coda→alveolar,alveolar→open-mid vowel,open-mid vowel→low-visibility coda,low-visibility coda→bilabial closure,bilabial closure→spread vowel,spread vowel→low-visibility coda",양순음에서 입술 폐쇄가 나타남; ㅣ 계열에서 입술이 옆으로 벌어짐; 중간 개구의 모음 변화가 나타남; 혀/후방 조음 중심 구간은 입술 단서가 비교적 제한적; 다양한 viseme 전환을 포함,"ㅅ:fricative,ㅐ:front/open-mid vowel,ㅇ:low-visibility coda,ㄴ:alveolar,ㅕ:open-mid vowel,ㄴ:low-visibility coda,ㅍ:bilabial closure,ㅣ:spread vowel,ㄹ:low-visibility coda","ㅅ:fricative→ㅐ:front/open-mid vowel,ㅐ:front/open-mid vowel→ㅇ:low-visibility coda,ㅇ:low-visibility coda→ㄴ:alveolar,ㄴ:alveolar→ㅕ:open-mid vowel,ㅕ:open-mid vowel→ㄴ:low-visibility coda,ㄴ:low-visibility coda→ㅍ:bilabial closure,ㅍ:bilabial closure→ㅣ:spread vowel,ㅣ:spread vowel→ㄹ:low-visibility coda",0.16,0.2727272727272730,0.125,0.3888888888888890,0.06779661016949150,0.03347280334728030,0.1466002769631800,0.132015065913371,0.09674466521572560,0.02867383512544800,0.1576347064120220,0.14195168377781800,0.1040265217373390
K035,word,독립,2,0.8,0.67,0.12,동닙,"ㄷ,ㄴ","ㅗ,ㅣ","ㅇ, ㅂ",ㄷ-ㅗ-ㅇ-ㄴ-ㅣ-ㅂ,"ㄷ,ㅗ,ㅇ,ㄴ,ㅣ,ㅂ","ㄷ→ㅗ,ㅗ→ㅇ,ㅇ→ㄴ,ㄴ→ㅣ,ㅣ→ㅂ",,nasal_assimilation,1.0,alveolar → rounded vowel → low-visibility coda → alveolar → spread vowel → bilabial coda closure,"alveolar,rounded vowel,low-visibility coda,spread vowel,bilabial coda closure","alveolar→rounded vowel,rounded vowel→low-visibility coda,low-visibility coda→alveolar,alveolar→spread vowel,spread vowel→bilabial coda closure",양순음에서 입술 폐쇄가 나타남; 원순 모음에서 입술 원순화/돌출이 나타남; ㅣ 계열에서 입술이 옆으로 벌어짐; 혀/후방 조음 중심 구간은 입술 단서가 비교적 제한적; 다양한 viseme 전환을 포함,"ㄷ:alveolar,ㅗ:rounded vowel,ㅇ:low-visibility coda,ㄴ:alveolar,ㅣ:spread vowel,ㅂ:bilabial coda closure","ㄷ:alveolar→ㅗ:rounded vowel,ㅗ:rounded vowel→ㅇ:low-visibility coda,ㅇ:low-visibility coda→ㄴ:alveolar,ㄴ:alveolar→ㅣ:spread vowel,ㅣ:spread vowel→ㅂ:bilabial coda closure",0.12,0.18181818181818200,0.125,0.2777777777777780,0.0423728813559322,0.02092050209205020,0.11118483219289700,0.08945386064030130,0.06785370793302930,0.017921146953405000,0.16594751073566700,0.13351322483627100,0.10127419094482000
K036,word,아이,2,0.4,0.47,0.06,아이,ㅇ,"ㅏ,ㅣ",,ㅇ-ㅏ-ㅇ-ㅣ,"ㅇ,ㅏ,ㅣ","ㅇ→ㅏ,ㅏ→ㅇ,ㅇ→ㅣ",,,,null/velar onset → open vowel → null/velar onset → spread vowel,"null/velar onset,open vowel,spread vowel","null/velar onset→open vowel,open vowel→null/velar onset,null/velar onset→spread vowel",ㅣ 계열에서 입술이 옆으로 벌어짐; 개방 모음에서 입이 크게 열림,"ㅇ:null/velar onset,ㅏ:open vowel,ㅇ:null/velar onset,ㅣ:spread vowel","ㅇ:null/velar onset→ㅏ:open vowel,ㅏ:open vowel→ㅇ:null/velar onset,ㅇ:null/velar onset→ㅣ:spread vowel",0.06,0.0,0.0,0.16666666666666700,0.025423728813559300,0.012552301255230100,0.017688172043010800,0.053672316384180800,0.020985469860484000,0.010752688172043000,0.03763440860215050,0.11419641783868300,0.04464993587337030
K037,word,오이,2,0.4,0.5,0.1,오이,ㅇ,"ㅗ,ㅣ",,ㅇ-ㅗ-ㅇ-ㅣ,"ㅇ,ㅗ,ㅣ","ㅇ→ㅗ,ㅗ→ㅇ,ㅇ→ㅣ",,,,null/velar onset → rounded vowel → null/velar onset → spread vowel,"null/velar onset,rounded vowel,spread vowel","null/velar onset→rounded vowel,rounded vowel→null/velar onset,null/velar onset→spread vowel",원순 모음에서 입술 원순화/돌출이 나타남; ㅣ 계열에서 입술이 옆으로 벌어짐,"ㅇ:null/velar onset,ㅗ:rounded vowel,ㅇ:null/velar onset,ㅣ:spread vowel","ㅇ:null/velar onset→ㅗ:rounded vowel,ㅗ:rounded vowel→ㅇ:null/velar onset,ㅇ:null/velar onset→ㅣ:spread vowel",0.06,0.0,0.0,0.16666666666666700,0.025423728813559300,0.012552301255230100,0.017688172043010800,0.053672316384180800,0.020985469860484000,0.010752688172043000,0.035376344086021500,0.10734463276836200,0.04197093972096810
K038,word,우유,2,0.4,0.5,0.1,우유,ㅇ,"ㅜ,ㅠ",,ㅇ-ㅜ-ㅇ-ㅠ,"ㅇ,ㅜ,ㅠ","ㅇ→ㅜ,ㅜ→ㅇ,ㅇ→ㅠ",,,,null/velar onset → rounded/protruded vowel → null/velar onset → rounded/protruded vowel,"null/velar onset,rounded/protruded vowel","null/velar onset→rounded/protruded vowel,rounded/protruded vowel→null/velar onset,null/velar onset→rounded/protruded vowel",원순 모음에서 입술 원순화/돌출이 나타남,"ㅇ:null/velar onset,ㅜ:rounded/protruded vowel,ㅇ:null/velar onset,ㅠ:rounded/protruded vowel","ㅇ:null/velar onset→ㅜ:rounded/protruded vowel,ㅜ:rounded/protruded vowel→ㅇ:null/velar onset,ㅇ:null/velar onset→ㅠ:rounded/protruded vowel",0.06,0.0,0.0,0.1111111111111110,0.01694915254237290,0.012552301255230100,0.017688172043010800,0.035781544256120500,0.019225072748380500,0.010752688172043000,0.035376344086021500,0.07156308851224110,0.038450145496761100
K039,word,여우,2,0.5,0.5,0.0,여우,ㅇ,"ㅕ,ㅜ",,ㅇ-ㅕ-ㅇ-ㅜ,"ㅇ,ㅕ,ㅜ","ㅇ→ㅕ,ㅕ→ㅇ,ㅇ→ㅜ",,,,null/velar onset → open-mid vowel → null/velar onset → rounded/protruded vowel,"null/velar onset,open-mid vowel,rounded/protruded vowel","null/velar onset→open-mid vowel,open-mid vowel→null/velar onset,null/velar onset→rounded/protruded vowel",원순 모음에서 입술 원순화/돌출이 나타남; 중간 개구의 모음 변화가 나타남,"ㅇ:null/velar onset,ㅕ:open-mid vowel,ㅇ:null/velar onset,ㅜ:rounded/protruded vowel","ㅇ:null/velar onset→ㅕ:open-mid vowel,ㅕ:open-mid vowel→ㅇ:null/velar onset,ㅇ:null/velar onset→ㅜ:rounded/protruded vowel",0.06,0.0,0.0,0.16666666666666700,0.025423728813559300,0.012552301255230100,0.017688172043010800,0.053672316384180800,0.020985469860484000,0.010752688172043000,0.035376344086021500,0.10734463276836200,0.04197093972096810
K040,word,이유,2,0.4,0.4,0.0,이유,ㅇ,"ㅣ,ㅠ",,ㅇ-ㅣ-ㅇ-ㅠ,"ㅇ,ㅣ,ㅠ","ㅇ→ㅣ,ㅣ→ㅇ,ㅇ→ㅠ",,,,null/velar onset → spread vowel → null/velar onset → rounded/protruded vowel,"null/velar onset,spread vowel,rounded/protruded vowel","null/velar onset→spread vowel,spread vowel→null/velar onset,null/velar onset→rounded/protruded vowel",원순 모음에서 입술 원순화/돌출이 나타남; ㅣ 계열에서 입술이 옆으로 벌어짐,"ㅇ:null/velar onset,ㅣ:spread vowel,ㅇ:null/velar onset,ㅠ:rounded/protruded vowel","ㅇ:null/velar onset→ㅣ:spread vowel,ㅣ:spread vowel→ㅇ:null/velar onset,ㅇ:null/velar onset→ㅠ:rounded/protruded vowel",0.06,0.0,0.0,0.16666666666666700,0.025423728813559300,0.012552301255230100,0.017688172043010800,0.053672316384180800,0.020985469860484000,0.010752688172043000,0.04422043010752690,0.134180790960452,0.05246367465121010
K041,word,바구니,3,0.9,0.8,0.1,바구니,"ㅂ,ㄱ,ㄴ","ㅏ,ㅜ,ㅣ",,ㅂ-ㅏ-ㄱ-ㅜ-ㄴ-ㅣ,"ㅂ,ㅏ,ㄱ,ㅜ,ㄴ,ㅣ","ㅂ→ㅏ,ㅏ→ㄱ,ㄱ→ㅜ,ㅜ→ㄴ,ㄴ→ㅣ",,,,bilabial closure → open vowel → low-visibility velar → rounded/protruded vowel → alveolar → spread vowel,"bilabial closure,open vowel,low-visibility velar,rounded/protruded vowel,alveolar,spread vowel","bilabial closure→open vowel,open vowel→low-visibility velar,low-visibility velar→rounded/protruded vowel,rounded/protruded vowel→alveolar,alveolar→spread vowel",양순음에서 입술 폐쇄가 나타남; 원순 모음에서 입술 원순화/돌출이 나타남; ㅣ 계열에서 입술이 옆으로 벌어짐; 개방 모음에서 입이 크게 열림; 혀/후방 조음 중심 구간은 입술 단서가 비교적 제한적; 다양한 viseme 전환을 포함,"ㅂ:bilabial closure,ㅏ:open vowel,ㄱ:low-visibility velar,ㅜ:rounded/protruded vowel,ㄴ:alveolar,ㅣ:spread vowel","ㅂ:bilabial closure→ㅏ:open vowel,ㅏ:open vowel→ㄱ:low-visibility velar,ㄱ:low-visibility velar→ㅜ:rounded/protruded vowel,ㅜ:rounded/protruded vowel→ㄴ:alveolar,ㄴ:alveolar→ㅣ:spread vowel",0.12,0.0,0.0,0.3333333333333330,0.0423728813559322,0.02092050209205020,0.034480286738351300,0.10056497175141200,0.03918017167238380,0.017921146953405000,0.043100358422939100,0.12570621468926600,0.04897521459047980
K042,word,고구마,3,0.8,0.73,0.06,고구마,"ㄱ,ㅁ","ㅗ,ㅜ,ㅏ",,ㄱ-ㅗ-ㄱ-ㅜ-ㅁ-ㅏ,"ㄱ,ㅗ,ㅜ,ㅁ,ㅏ","ㄱ→ㅗ,ㅗ→ㄱ,ㄱ→ㅜ,ㅜ→ㅁ,ㅁ→ㅏ",,,,low-visibility velar → rounded vowel → low-visibility velar → rounded/protruded vowel → bilabial closure → open vowel,"low-visibility velar,rounded vowel,rounded/protruded vowel,bilabial closure,open vowel","low-visibility velar→rounded vowel,rounded vowel→low-visibility velar,low-visibility velar→rounded/protruded vowel,rounded/protruded vowel→bilabial closure,bilabial closure→open vowel",양순음에서 입술 폐쇄가 나타남; 원순 모음에서 입술 원순화/돌출이 나타남; 개방 모음에서 입이 크게 열림; 혀/후방 조음 중심 구간은 입술 단서가 비교적 제한적; 다양한 viseme 전환을 포함,"ㄱ:low-visibility velar,ㅗ:rounded vowel,ㄱ:low-visibility velar,ㅜ:rounded/protruded vowel,ㅁ:bilabial closure,ㅏ:open vowel","ㄱ:low-visibility velar→ㅗ:rounded vowel,ㅗ:rounded vowel→ㄱ:low-visibility velar,ㄱ:low-visibility velar→ㅜ:rounded/protruded vowel,ㅜ:rounded/protruded vowel→ㅁ:bilabial closure,ㅁ:bilabial closure→ㅏ:open vowel",0.1,0.0,0.0,0.2777777777777780,0.0423728813559322,0.02092050209205020,0.029480286738351300,0.08945386064030130,0.03497578459225280,0.017921146953405000,0.040383954436097600,0.12253953512370000,0.04791203368801760
K043,word,비빔밥,3,1.1,0.97,0.15,비빔빱,"ㅂ, ㅃ","ㅣ,ㅏ","ㅁ,ㅂ",ㅂ-ㅣ-ㅂ-ㅣ-ㅁ-ㅃ-ㅏ-ㅂ,"ㅂ,ㅣ,ㅁ,ㅏ","ㅂ→ㅣ,ㅣ→ㅂ,ㅂ→ㅣ,ㅣ→ㅁ,ㅁ→ㅃ,ㅃ→ㅏ,ㅏ→ㅂ",,tensification,1.0,bilabial closure → spread vowel → bilabial closure → spread vowel → bilabial nasal coda → bilabial closure → open vowel → bilabial coda closure,"bilabial closure,spread vowel,bilabial nasal coda,open vowel,bilabial coda closure","bilabial closure→spread vowel,spread vowel→bilabial closure,bilabial closure→spread vowel,spread vowel→bilabial nasal coda,bilabial nasal coda→bilabial closure,bilabial closure→open vowel,open vowel→bilabial coda closure",양순음에서 입술 폐쇄가 나타남; ㅣ 계열에서 입술이 옆으로 벌어짐; 개방 모음에서 입이 크게 열림; 다양한 viseme 전환을 포함,"ㅂ:bilabial closure,ㅣ:spread vowel,ㅂ:bilabial closure,ㅣ:spread vowel,ㅁ:bilabial nasal coda,ㅃ:bilabial closure,ㅏ:open vowel,ㅂ:bilabial coda closure","ㅂ:bilabial closure→ㅣ:spread vowel,ㅣ:spread vowel→ㅂ:bilabial closure,ㅂ:bilabial closure→ㅣ:spread vowel,ㅣ:spread vowel→ㅁ:bilabial nasal coda,ㅁ:bilabial nasal coda→ㅃ:bilabial closure,ㅃ:bilabial closure→ㅏ:open vowel,ㅏ:open vowel→ㅂ:bilabial coda closure",0.08,0.18181818181818200,0.125,0.2777777777777780,0.05084745762711870,0.02510460251046030,0.10208088954056700,0.09623352165725050,0.06948443787672050,0.021505376344086000,0.10523803045419300,0.09920981614149530,0.07163344111002120
K044,word,보리밥,3,0.8,0.83,0.06,보리밥,"ㅂ,ㄹ","ㅗ,ㅣ,ㅏ",ㅂ,ㅂ-ㅗ-ㄹ-ㅣ-ㅂ-ㅏ-ㅂ,"ㅂ,ㅗ,ㄹ,ㅣ,ㅏ","ㅂ→ㅗ,ㅗ→ㄹ,ㄹ→ㅣ,ㅣ→ㅂ,ㅂ→ㅏ,ㅏ→ㅂ",,,,bilabial closure → rounded vowel → liquid → spread vowel → bilabial closure → open vowel → bilabial coda closure,"bilabial closure,rounded vowel,liquid,spread vowel,open vowel,bilabial coda closure","bilabial closure→rounded vowel,rounded vowel→liquid,liquid→spread vowel,spread vowel→bilabial closure,bilabial closure→open vowel,open vowel→bilabial coda closure",양순음에서 입술 폐쇄가 나타남; 원순 모음에서 입술 원순화/돌출이 나타남; ㅣ 계열에서 입술이 옆으로 벌어짐; 개방 모음에서 입이 크게 열림; 혀/후방 조음 중심 구간은 입술 단서가 비교적 제한적; 다양한 viseme 전환을 포함,"ㅂ:bilabial closure,ㅗ:rounded vowel,ㄹ:liquid,ㅣ:spread vowel,ㅂ:bilabial closure,ㅏ:open vowel,ㅂ:bilabial coda closure","ㅂ:bilabial closure→ㅗ:rounded vowel,ㅗ:rounded vowel→ㄹ:liquid,ㄹ:liquid→ㅣ:spread vowel,ㅣ:spread vowel→ㅂ:bilabial closure,ㅂ:bilabial closure→ㅏ:open vowel,ㅏ:open vowel→ㅂ:bilabial coda closure",0.1,0.09090909090909090,0.0,0.3333333333333330,0.05084745762711870,0.02510460251046030,0.05310361681329420,0.10734463276836200,0.05267530996439160,0.021505376344086000,0.06398026122083640,0.1293308828534480,0.06346422887276090
K045,word,카메라,3,0.8,0.77,0.06,카메라,"ㅋ,ㅁ,ㄹ","ㅏ,ㅔ",,ㅋ-ㅏ-ㅁ-ㅔ-ㄹ-ㅏ,"ㅋ,ㅏ,ㅁ,ㅔ,ㄹ","ㅋ→ㅏ,ㅏ→ㅁ,ㅁ→ㅔ,ㅔ→ㄹ,ㄹ→ㅏ",,,,low-visibility velar → open vowel → bilabial closure → front/open-mid vowel → liquid → open vowel,"low-visibility velar,open vowel,bilabial closure,front/open-mid vowel,liquid","low-visibility velar→open vowel,open vowel→bilabial closure,bilabial closure→front/open-mid vowel,front/open-mid vowel→liquid,liquid→open vowel",양순음에서 입술 폐쇄가 나타남; 개방 모음에서 입이 크게 열림; 중간 개구의 모음 변화가 나타남; 혀/후방 조음 중심 구간은 입술 단서가 비교적 제한적; 다양한 viseme 전환을 포함,"ㅋ:low-visibility velar,ㅏ:open vowel,ㅁ:bilabial closure,ㅔ:front/open-mid vowel,ㄹ:liquid,ㅏ:open vowel","ㅋ:low-visibility velar→ㅏ:open vowel,ㅏ:open vowel→ㅁ:bilabial closure,ㅁ:bilabial closure→ㅔ:front/open-mid vowel,ㅔ:front/open-mid vowel→ㄹ:liquid,ㄹ:liquid→ㅏ:open vowel",0.1,0.0,0.0,0.2777777777777780,0.0423728813559322,0.02092050209205020,0.029480286738351300,0.08945386064030130,0.03497578459225280,0.017921146953405000,0.03828608667318350,0.11617384498740400,0.045423096873055600
K046,word,토마토,3,0.8,0.73,0.06,토마토,"ㅌ,ㅁ","ㅗ,ㅏ",,ㅌ-ㅗ-ㅁ-ㅏ-ㅌ-ㅗ,"ㅌ,ㅗ,ㅁ,ㅏ","ㅌ→ㅗ,ㅗ→ㅁ,ㅁ→ㅏ,ㅏ→ㅌ,ㅌ→ㅗ",,,,alveolar → rounded vowel → bilabial closure → open vowel → alveolar → rounded vowel,"alveolar,rounded vowel,bilabial closure,open vowel","alveolar→rounded vowel,rounded vowel→bilabial closure,bilabial closure→open vowel,open vowel→alveolar,alveolar→rounded vowel",양순음에서 입술 폐쇄가 나타남; 원순 모음에서 입술 원순화/돌출이 나타남; 개방 모음에서 입이 크게 열림; 혀/후방 조음 중심 구간은 입술 단서가 비교적 제한적,"ㅌ:alveolar,ㅗ:rounded vowel,ㅁ:bilabial closure,ㅏ:open vowel,ㅌ:alveolar,ㅗ:rounded vowel","ㅌ:alveolar→ㅗ:rounded vowel,ㅗ:rounded vowel→ㅁ:bilabial closure,ㅁ:bilabial closure→ㅏ:open vowel,ㅏ:open vowel→ㅌ:alveolar,ㅌ:alveolar→ㅗ:rounded vowel",0.08,0.0,0.0,0.2222222222222220,0.03389830508474580,0.016736401673640200,0.023584229390681000,0.07156308851224110,0.02798062722636840,0.014336917562724000,0.03230716354887810,0.09803162809896040,0.03832962633749100
K047,word,운동화,3,0.9,0.8,0.1,운동화,"ㅇ,ㄷ,ㅎ","ㅜ,ㅗ,ㅘ","ㄴ,ㅇ",ㅇ-ㅜ-ㄴ-ㄷ-ㅗ-ㅇ-ㅎ-ㅘ,"ㅇ,ㅜ,ㄴ,ㄷ,ㅗ,ㅎ,ㅘ","ㅇ→ㅜ,ㅜ→ㄴ,ㄴ→ㄷ,ㄷ→ㅗ,ㅗ→ㅇ,ㅇ→ㅎ,ㅎ→ㅘ",,,,null/velar onset → rounded/protruded vowel → low-visibility coda → alveolar → rounded vowel → low-visibility coda → glottal → rounded vowel,"null/velar onset,rounded/protruded vowel,low-visibility coda,alveolar,rounded vowel,glottal","null/velar onset→rounded/protruded vowel,rounded/protruded vowel→low-visibility coda,low-visibility coda→alveolar,alveolar→rounded vowel,rounded vowel→low-visibility coda,low-visibility coda→glottal,glottal→rounded vowel",원순 모음에서 입술 원순화/돌출이 나타남; 혀/후방 조음 중심 구간은 입술 단서가 비교적 제한적; 다양한 viseme 전환을 포함,"ㅇ:null/velar onset,ㅜ:rounded/protruded vowel,ㄴ:low-visibility coda,ㄷ:alveolar,ㅗ:rounded vowel,ㅇ:low-visibility coda,ㅎ:glottal,ㅘ:rounded vowel","ㅇ:null/velar onset→ㅜ:rounded/protruded vowel,ㅜ:rounded/protruded vowel→ㄴ:low-visibility coda,ㄴ:low-visibility coda→ㄷ:alveolar,ㄷ:alveolar→ㅗ:rounded vowel,ㅗ:rounded vowel→ㅇ:low-visibility coda,ㅇ:low-visibility coda→ㅎ:glottal,ㅎ:glottal→ㅘ:rounded vowel",0.14,0.18181818181818200,0.0,0.3333333333333330,0.059322033898305100,0.029288702928870300,0.08672694688823720,0.11412429378531100,0.0708497003466926,0.025089605734767000,0.10840868361029700,0.1426553672316380,0.08856212543336580
K048,word,원피스,3,0.9,0.77,0.12,원피스,"ㅇ,ㅍ,ㅅ","ㅝ,ㅣ,ㅡ",ㄴ,ㅇ-ㅝ-ㄴ-ㅍ-ㅣ-ㅅ-ㅡ,"ㅇ,ㅝ,ㄴ,ㅍ,ㅣ,ㅅ,ㅡ","ㅇ→ㅝ,ㅝ→ㄴ,ㄴ→ㅍ,ㅍ→ㅣ,ㅣ→ㅅ,ㅅ→ㅡ",,,,null/velar onset → rounded vowel → low-visibility coda → bilabial closure → spread vowel → fricative → neutral/unrounded vowel,"null/velar onset,rounded vowel,low-visibility coda,bilabial closure,spread vowel,fricative,neutral/unrounded vowel","null/velar onset→rounded vowel,rounded vowel→low-visibility coda,low-visibility coda→bilabial closure,bilabial closure→spread vowel,spread vowel→fricative,fricative→neutral/unrounded vowel",양순음에서 입술 폐쇄가 나타남; 원순 모음에서 입술 원순화/돌출이 나타남; ㅣ 계열에서 입술이 옆으로 벌어짐; 혀/후방 조음 중심 구간은 입술 단서가 비교적 제한적; 다양한 viseme 전환을 포함,"ㅇ:null/velar onset,ㅝ:rounded vowel,ㄴ:low-visibility coda,ㅍ:bilabial closure,ㅣ:spread vowel,ㅅ:fricative,ㅡ:neutral/unrounded vowel","ㅇ:null/velar onset→ㅝ:rounded vowel,ㅝ:rounded vowel→ㄴ:low-visibility coda,ㄴ:low-visibility coda→ㅍ:bilabial closure,ㅍ:bilabial closure→ㅣ:spread vowel,ㅣ:spread vowel→ㅅ:fricative,ㅅ:fricative→ㅡ:neutral/unrounded vowel",0.14,0.09090909090909090,0.0,0.3888888888888890,0.05084745762711870,0.02510460251046030,0.06310361681329420,0.11845574387947300,0.059447074185476000,0.021505376344086000,0.08195274910817430,0.1538386284149000,0.07720399244867010
K049,word,초콜릿,3,0.9,0.8,0.1,초콜릳,"ㅊ,ㅋ,ㄹ","ㅗ,ㅣ","ㄹ,ㄷ",ㅊ-ㅗ-ㅋ-ㅗ-ㄹ-ㄹ-ㅣ-ㅅ,"ㅊ,ㅗ,ㅋ,ㄹ,ㅣ,ㅅ","ㅊ→ㅗ,ㅗ→ㅋ,ㅋ→ㅗ,ㅗ→ㄹ,ㄹ→ㄹ,ㄹ→ㅣ,ㅣ→ㅅ",,coda_neutralization,1.0,affricate → rounded vowel → low-visibility velar → rounded vowel → low-visibility coda → liquid → spread vowel → low-visibility coda,"affricate,rounded vowel,low-visibility velar,low-visibility coda,liquid,spread vowel","affricate→rounded vowel,rounded vowel→low-visibility velar,low-visibility velar→rounded vowel,rounded vowel→low-visibility coda,low-visibility coda→liquid,liquid→spread vowel,spread vowel→low-visibility coda",원순 모음에서 입술 원순화/돌출이 나타남; ㅣ 계열에서 입술이 옆으로 벌어짐; 혀/후방 조음 중심 구간은 입술 단서가 비교적 제한적; 다양한 viseme 전환을 포함,"ㅊ:affricate,ㅗ:rounded vowel,ㅋ:low-visibility velar,ㅗ:rounded vowel,ㄹ:low-visibility coda,ㄹ:liquid,ㅣ:spread vowel,ㄷ:low-visibility coda","ㅊ:affricate→ㅗ:rounded vowel,ㅗ:rounded vowel→ㅋ:low-visibility velar,ㅋ:low-visibility velar→ㅗ:rounded vowel,ㅗ:rounded vowel→ㄹ:low-visibility coda,ㄹ:low-visibility coda→ㄹ:liquid,ㄹ:liquid→ㅣ:spread vowel,ㅣ:spread vowel→ㄷ:low-visibility coda",0.12,0.18181818181818200,0.125,0.3333333333333330,0.059322033898305100,0.029288702928870300,0.11297694688823700,0.11412429378531100,0.07984411140709660,0.025089605734767000,0.1412211836102970,0.1426553672316380,0.09980513925887080
K050,word,빨간색,3,1.5,1.1,0.36,빨간색,"ㅃ,ㄱ,ㅅ","ㅏ,ㅐ","ㄹ,ㄴ,ㄱ",ㅃ-ㅏ-ㄹ-ㄱ-ㅏ-ㄴ-ㅅ-ㅐ-ㄱ,"ㅃ,ㅏ,ㄹ,ㄱ,ㄴ,ㅅ,ㅐ","ㅃ→ㅏ,ㅏ→ㄹ,ㄹ→ㄱ,ㄱ→ㅏ,ㅏ→ㄴ,ㄴ→ㅅ,ㅅ→ㅐ,ㅐ→ㄱ",,,,bilabial closure → open vowel → low-visibility coda → low-visibility velar → open vowel → low-visibility coda → fricative → front/open-mid vowel → low-visibility coda,"bilabial closure,open vowel,low-visibility coda,low-visibility velar,fricative,front/open-mid vowel","bilabial closure→open vowel,open vowel→low-visibility coda,low-visibility coda→low-visibility velar,low-visibility velar→open vowel,open vowel→low-visibility coda,low-visibility coda→fricative,fricative→front/open-mid vowel,front/open-mid vowel→low-visibility coda",양순음에서 입술 폐쇄가 나타남; 개방 모음에서 입이 크게 열림; 중간 개구의 모음 변화가 나타남; 혀/후방 조음 중심 구간은 입술 단서가 비교적 제한적; 다양한 viseme 전환을 포함,"ㅃ:bilabial closure,ㅏ:open vowel,ㄹ:low-visibility coda,ㄱ:low-visibility velar,ㅏ:open vowel,ㄴ:low-visibility coda,ㅅ:fricative,ㅐ:front/open-mid vowel,ㄱ:low-visibility coda","ㅃ:bilabial closure→ㅏ:open vowel,ㅏ:open vowel→ㄹ:low-visibility coda,ㄹ:low-visibility coda→ㄱ:low-visibility velar,ㄱ:low-visibility velar→ㅏ:open vowel,ㅏ:open vowel→ㄴ:low-visibility coda,ㄴ:low-visibility coda→ㅅ:fricative,ㅅ:fricative→ㅐ:front/open-mid vowel,ㅐ:front/open-mid vowel→ㄱ:low-visibility coda",0.14,0.2727272727272730,0.0,0.3333333333333330,0.059322033898305100,0.03347280334728030,0.11035027696318000,0.11412429378531100,0.08071245417478490,0.02867383512544800,0.10031843360289100,0.10374935798664600,0.07337495834071360
K051,word,텔레비전,4,1.0,0.93,0.12,텔레비전,"ㅌ,ㄹ,ㅂ,ㅈ","ㅔ,ㅣ,ㅓ","ㄹ,ㄴ",ㅌ-ㅔ-ㄹ-ㄹ-ㅔ-ㅂ-ㅣ-ㅈ-ㅓ-ㄴ,"ㅌ,ㅔ,ㄹ,ㅂ,ㅣ,ㅈ,ㅓ,ㄴ","ㅌ→ㅔ,ㅔ→ㄹ,ㄹ→ㄹ,ㄹ→ㅔ,ㅔ→ㅂ,ㅂ→ㅣ,ㅣ→ㅈ,ㅈ→ㅓ,ㅓ→ㄴ",,,,alveolar → front/open-mid vowel → low-visibility coda → liquid → front/open-mid vowel → bilabial closure → spread vowel → affricate → open-mid vowel → low-visibility coda,"alveolar,front/open-mid vowel,low-visibility coda,liquid,bilabial closure,spread vowel,affricate,open-mid vowel","alveolar→front/open-mid vowel,front/open-mid vowel→low-visibility coda,low-visibility coda→liquid,liquid→front/open-mid vowel,front/open-mid vowel→bilabial closure,bilabial closure→spread vowel,spread vowel→affricate,affricate→open-mid vowel,open-mid vowel→low-visibility coda",양순음에서 입술 폐쇄가 나타남; ㅣ 계열에서 입술이 옆으로 벌어짐; 중간 개구의 모음 변화가 나타남; 혀/후방 조음 중심 구간은 입술 단서가 비교적 제한적; 다양한 viseme 전환을 포함,"ㅌ:alveolar,ㅔ:front/open-mid vowel,ㄹ:low-visibility coda,ㄹ:liquid,ㅔ:front/open-mid vowel,ㅂ:bilabial closure,ㅣ:spread vowel,ㅈ:affricate,ㅓ:open-mid vowel,ㄴ:low-visibility coda","ㅌ:alveolar→ㅔ:front/open-mid vowel,ㅔ:front/open-mid vowel→ㄹ:low-visibility coda,ㄹ:low-visibility coda→ㄹ:liquid,ㄹ:liquid→ㅔ:front/open-mid vowel,ㅔ:front/open-mid vowel→ㅂ:bilabial closure,ㅂ:bilabial closure→ㅣ:spread vowel,ㅣ:spread vowel→ㅈ:affricate,ㅈ:affricate→ㅓ:open-mid vowel,ㅓ:open-mid vowel→ㄴ:low-visibility coda",0.16,0.18181818181818200,0.0,0.4444444444444440,0.07627118644067800,0.03765690376569040,0.0935190615835777,0.14990583804143100,0.08417181031051150,0.03225806451612900,0.10055813073503000,0.1611890731628290,0.09050732291452850
K052,word,아버지,3,0.8,0.77,0.06,아버지,"ㅇ,ㅂ,ㅈ","ㅏ,ㅓ,ㅣ",,ㅇ-ㅏ-ㅂ-ㅓ-ㅈ-ㅣ,"ㅇ,ㅏ,ㅂ,ㅓ,ㅈ,ㅣ","ㅇ→ㅏ,ㅏ→ㅂ,ㅂ→ㅓ,ㅓ→ㅈ,ㅈ→ㅣ",,,,null/velar onset → open vowel → bilabial closure → open-mid vowel → affricate → spread vowel,"null/velar onset,open vowel,bilabial closure,open-mid vowel,affricate,spread vowel","null/velar onset→open vowel,open vowel→bilabial closure,bilabial closure→open-mid vowel,open-mid vowel→affricate,affricate→spread vowel",양순음에서 입술 폐쇄가 나타남; ㅣ 계열에서 입술이 옆으로 벌어짐; 개방 모음에서 입이 크게 열림; 중간 개구의 모음 변화가 나타남; 혀/후방 조음 중심 구간은 입술 단서가 비교적 제한적; 다양한 viseme 전환을 포함,"ㅇ:null/velar onset,ㅏ:open vowel,ㅂ:bilabial closure,ㅓ:open-mid vowel,ㅈ:affricate,ㅣ:spread vowel","ㅇ:null/velar onset→ㅏ:open vowel,ㅏ:open vowel→ㅂ:bilabial closure,ㅂ:bilabial closure→ㅓ:open-mid vowel,ㅓ:open-mid vowel→ㅈ:affricate,ㅈ:affricate→ㅣ:spread vowel",0.12,0.0,0.0,0.3333333333333330,0.0423728813559322,0.02092050209205020,0.034480286738351300,0.10056497175141200,0.03918017167238380,0.017921146953405000,0.04477959316668990,0.13060385941741900,0.050883339834264700
K053,word,어머니,3,0.9,0.77,0.15,어머니,"ㅇ,ㅁ,ㄴ","ㅓ,ㅣ",,ㅇ-ㅓ-ㅁ-ㅓ-ㄴ-ㅣ,"ㅇ,ㅓ,ㅁ,ㄴ,ㅣ","ㅇ→ㅓ,ㅓ→ㅁ,ㅁ→ㅓ,ㅓ→ㄴ,ㄴ→ㅣ",,,,null/velar onset → open-mid vowel → bilabial closure → open-mid vowel → alveolar → spread vowel,"null/velar onset,open-mid vowel,bilabial closure,alveolar,spread vowel","null/velar onset→open-mid vowel,open-mid vowel→bilabial closure,bilabial closure→open-mid vowel,open-mid vowel→alveolar,alveolar→spread vowel",양순음에서 입술 폐쇄가 나타남; ㅣ 계열에서 입술이 옆으로 벌어짐; 중간 개구의 모음 변화가 나타남; 혀/후방 조음 중심 구간은 입술 단서가 비교적 제한적; 다양한 viseme 전환을 포함,"ㅇ:null/velar onset,ㅓ:open-mid vowel,ㅁ:bilabial closure,ㅓ:open-mid vowel,ㄴ:alveolar,ㅣ:spread vowel","ㅇ:null/velar onset→ㅓ:open-mid vowel,ㅓ:open-mid vowel→ㅁ:bilabial closure,ㅁ:bilabial closure→ㅓ:open-mid vowel,ㅓ:open-mid vowel→ㄴ:alveolar,ㄴ:alveolar→ㅣ:spread vowel",0.1,0.0,0.0,0.2777777777777780,0.0423728813559322,0.02092050209205020,0.029480286738351300,0.08945386064030130,0.03497578459225280,0.017921146953405000,0.03828608667318350,0.11617384498740400,0.045423096873055600
K054,word,엘리베이터,5,1.2,1.07,0.12,엘리베이터,"ㅇ,ㄹ,ㅂ,ㅌ","ㅔ,ㅣ,ㅓ",ㄹ,ㅇ-ㅔ-ㄹ-ㄹ-ㅣ-ㅂ-ㅔ-ㅇ-ㅣ-ㅌ-ㅓ,"ㅇ,ㅔ,ㄹ,ㅣ,ㅂ,ㅌ,ㅓ","ㅇ→ㅔ,ㅔ→ㄹ,ㄹ→ㄹ,ㄹ→ㅣ,ㅣ→ㅂ,ㅂ→ㅔ,ㅔ→ㅇ,ㅇ→ㅣ,ㅣ→ㅌ,ㅌ→ㅓ",,,,null/velar onset → front/open-mid vowel → low-visibility coda → liquid → spread vowel → bilabial closure → front/open-mid vowel → null/velar onset → spread vowel → alveolar → open-mid vowel,"null/velar onset,front/open-mid vowel,low-visibility coda,liquid,spread vowel,bilabial closure,alveolar,open-mid vowel","null/velar onset→front/open-mid vowel,front/open-mid vowel→low-visibility coda,low-visibility coda→liquid,liquid→spread vowel,spread vowel→bilabial closure,bilabial closure→front/open-mid vowel,front/open-mid vowel→null/velar onset,null/velar onset→spread vowel,spread vowel→alveolar,alveolar→open-mid vowel",양순음에서 입술 폐쇄가 나타남; ㅣ 계열에서 입술이 옆으로 벌어짐; 중간 개구의 모음 변화가 나타남; 혀/후방 조음 중심 구간은 입술 단서가 비교적 제한적; 다양한 viseme 전환을 포함,"ㅇ:null/velar onset,ㅔ:front/open-mid vowel,ㄹ:low-visibility coda,ㄹ:liquid,ㅣ:spread vowel,ㅂ:bilabial closure,ㅔ:front/open-mid vowel,ㅇ:null/velar onset,ㅣ:spread vowel,ㅌ:alveolar,ㅓ:open-mid vowel","ㅇ:null/velar onset→ㅔ:front/open-mid vowel,ㅔ:front/open-mid vowel→ㄹ:low-visibility coda,ㄹ:low-visibility coda→ㄹ:liquid,ㄹ:liquid→ㅣ:spread vowel,ㅣ:spread vowel→ㅂ:bilabial closure,ㅂ:bilabial closure→ㅔ:front/open-mid vowel,ㅔ:front/open-mid vowel→ㅇ:null/velar onset,ㅇ:null/velar onset→ㅣ:spread vowel,ㅣ:spread vowel→ㅌ:alveolar,ㅌ:alveolar→ㅓ:open-mid vowel",0.14,0.09090909090909090,0.0,0.4444444444444440,0.0847457627118644,0.04184100418410040,0.06668784620397520,0.15668549905838000,0.07287032212977960,0.035842293906810000,0.062325089910257200,0.14643504584895400,0.06810310479418660
K055,word,아이스크림,5,1.0,1.0,0.0,아이스크림,"ㅇ,ㅅ,ㅋ,ㄹ","ㅏ,ㅣ,ㅡ",ㅁ,ㅇ-ㅏ-ㅇ-ㅣ-ㅅ-ㅡ-ㅋ-ㅡ-ㄹ-ㅣ-ㅁ,"ㅇ,ㅏ,ㅣ,ㅅ,ㅡ,ㅋ,ㄹ,ㅁ","ㅇ→ㅏ,ㅏ→ㅇ,ㅇ→ㅣ,ㅣ→ㅅ,ㅅ→ㅡ,ㅡ→ㅋ,ㅋ→ㅡ,ㅡ→ㄹ,ㄹ→ㅣ,ㅣ→ㅁ",,,,null/velar onset → open vowel → null/velar onset → spread vowel → fricative → neutral/unrounded vowel → low-visibility velar → neutral/unrounded vowel → liquid → spread vowel → bilabial nasal coda,"null/velar onset,open vowel,spread vowel,fricative,neutral/unrounded vowel,low-visibility velar,liquid,bilabial nasal coda","null/velar onset→open vowel,open vowel→null/velar onset,null/velar onset→spread vowel,spread vowel→fricative,fricative→neutral/unrounded vowel,neutral/unrounded vowel→low-visibility velar,low-visibility velar→neutral/unrounded vowel,neutral/unrounded vowel→liquid,liquid→spread vowel,spread vowel→bilabial nasal coda",양순음에서 입술 폐쇄가 나타남; ㅣ 계열에서 입술이 옆으로 벌어짐; 개방 모음에서 입이 크게 열림; 혀/후방 조음 중심 구간은 입술 단서가 비교적 제한적; 다양한 viseme 전환을 포함,"ㅇ:null/velar onset,ㅏ:open vowel,ㅇ:null/velar onset,ㅣ:spread vowel,ㅅ:fricative,ㅡ:neutral/unrounded vowel,ㅋ:low-visibility velar,ㅡ:neutral/unrounded vowel,ㄹ:liquid,ㅣ:spread vowel,ㅁ:bilabial nasal coda","ㅇ:null/velar onset→ㅏ:open vowel,ㅏ:open vowel→ㅇ:null/velar onset,ㅇ:null/velar onset→ㅣ:spread vowel,ㅣ:spread vowel→ㅅ:fricative,ㅅ:fricative→ㅡ:neutral/unrounded vowel,ㅡ:neutral/unrounded vowel→ㅋ:low-visibility velar,ㅋ:low-visibility velar→ㅡ:neutral/unrounded vowel,ㅡ:neutral/unrounded vowel→ㄹ:liquid,ㄹ:liquid→ㅣ:spread vowel,ㅣ:spread vowel→ㅁ:bilabial nasal coda",0.16,0.09090909090909090,0.0,0.4444444444444440,0.0847457627118644,0.04184100418410040,0.07168784620397520,0.15668549905838000,0.07575788925122430,0.035842293906810000,0.07168784620397520,0.15668549905838000,0.07575788925122430
K056,word,아메리카노,5,1.4,1.13,0.23,아메리카노,"ㅇ,ㅁ,ㄹ,ㅋ,ㄴ","ㅏ,ㅔ,ㅣ,ㅗ",,ㅇ-ㅏ-ㅁ-ㅔ-ㄹ-ㅣ-ㅋ-ㅏ-ㄴ-ㅗ,"ㅇ,ㅏ,ㅁ,ㅔ,ㄹ,ㅣ,ㅋ,ㄴ,ㅗ","ㅇ→ㅏ,ㅏ→ㅁ,ㅁ→ㅔ,ㅔ→ㄹ,ㄹ→ㅣ,ㅣ→ㅋ,ㅋ→ㅏ,ㅏ→ㄴ,ㄴ→ㅗ",,,,null/velar onset → open vowel → bilabial closure → front/open-mid vowel → liquid → spread vowel → low-visibility velar → open vowel → alveolar → rounded vowel,"null/velar onset,open vowel,bilabial closure,front/open-mid vowel,liquid,spread vowel,low-visibility velar,alveolar,rounded vowel","null/velar onset→open vowel,open vowel→bilabial closure,bilabial closure→front/open-mid vowel,front/open-mid vowel→liquid,liquid→spread vowel,spread vowel→low-visibility velar,low-visibility velar→open vowel,open vowel→alveolar,alveolar→rounded vowel",양순음에서 입술 폐쇄가 나타남; 원순 모음에서 입술 원순화/돌출이 나타남; ㅣ 계열에서 입술이 옆으로 벌어짐; 개방 모음에서 입이 크게 열림; 중간 개구의 모음 변화가 나타남; 혀/후방 조음 중심 구간은 입술 단서가 비교적 제한적; 다양한 viseme 전환을 포함,"ㅇ:null/velar onset,ㅏ:open vowel,ㅁ:bilabial closure,ㅔ:front/open-mid vowel,ㄹ:liquid,ㅣ:spread vowel,ㅋ:low-visibility velar,ㅏ:open vowel,ㄴ:alveolar,ㅗ:rounded vowel","ㅇ:null/velar onset→ㅏ:open vowel,ㅏ:open vowel→ㅁ:bilabial closure,ㅁ:bilabial closure→ㅔ:front/open-mid vowel,ㅔ:front/open-mid vowel→ㄹ:liquid,ㄹ:liquid→ㅣ:spread vowel,ㅣ:spread vowel→ㅋ:low-visibility velar,ㅋ:low-visibility velar→ㅏ:open vowel,ㅏ:open vowel→ㄴ:alveolar,ㄴ:alveolar→ㅗ:rounded vowel",0.18,0.0,0.0,0.5,0.07627118644067800,0.03765690376569040,0.053064516129032300,0.1610169491525420,0.06295641405579050,0.03225806451612900,0.04695974878675420,0.1424928753562320,0.055713640757336700
K057,phrase,밥 먹다,3,1.5,1.13,0.32,밤 먹따,"ㅂ,ㅁ,ㄸ","ㅏ,ㅓ","ㅁ,ㄱ",ㅂ-ㅏ-ㅁ | ㅁ-ㅓ-ㄱ-ㄸ-ㅏ,"ㅂ,ㅏ,ㅁ,ㅓ,ㄱ,ㄸ","ㅂ→ㅏ,ㅏ→ㅁ,ㅁ→ㅁ,ㅁ→ㅓ,ㅓ→ㄱ,ㄱ→ㄸ,ㄸ→ㅏ",ㅁ→ㅁ,nasal_assimilation;tensification,2.0,bilabial closure → open vowel → bilabial nasal coda | bilabial closure → open-mid vowel → low-visibility coda → alveolar → open vowel,"bilabial closure,open vowel,bilabial nasal coda,open-mid vowel,low-visibility coda,alveolar","bilabial closure→open vowel,open vowel→bilabial nasal coda,bilabial closure→open-mid vowel,open-mid vowel→low-visibility coda,low-visibility coda→alveolar,alveolar→open vowel",양순음에서 입술 폐쇄가 나타남; 개방 모음에서 입이 크게 열림; 중간 개구의 모음 변화가 나타남; 혀/후방 조음 중심 구간은 입술 단서가 비교적 제한적; 다양한 viseme 전환을 포함,"ㅂ:bilabial closure,ㅏ:open vowel,ㅁ:bilabial nasal coda | ㅁ:bilabial closure,ㅓ:open-mid vowel,ㄱ:low-visibility coda,ㄸ:alveolar,ㅏ:open vowel","ㅂ:bilabial closure→ㅏ:open vowel,ㅏ:open vowel→ㅁ:bilabial nasal coda,ㅁ:bilabial closure→ㅓ:open-mid vowel,ㅓ:open-mid vowel→ㄱ:low-visibility coda,ㄱ:low-visibility coda→ㄸ:alveolar,ㄸ:alveolar→ㅏ:open vowel",0.12,0.18181818181818200,0.25,0.3333333333333330,0.05084745762711870,0.02510460251046030,0.1442269468882370,0.10734463276836200,0.08389114332080780,0.025089605734767000,0.1276344662727760,0.09499525023748810,0.07423994984142290
K058,phrase,물 마시다,4,1.3,1.1,0.17,물 마시다,"ㅁ,ㅅ,ㄷ","ㅜ,ㅏ,ㅣ",ㄹ,ㅁ-ㅜ-ㄹ-|-ㅁ-ㅏ-ㅅ-ㅣ-ㄷ-ㅏ,"ㅁ,ㅜ,ㄹ,ㅏ,ㅅ,ㅣ,ㄷ","ㅁ→ㅜ,ㅜ→ㄹ,ㄹ→|,|→ㅁ,ㅁ→ㅏ,ㅏ→ㅅ,ㅅ→ㅣ,ㅣ→ㄷ,ㄷ→ㅏ",ㄹ→ㅁ,,,bilabial closure → rounded/protruded vowel → low-visibility coda | bilabial closure → open vowel → fricative → spread vowel → alveolar → open vowel,"bilabial closure,rounded/protruded vowel,low-visibility coda,open vowel,fricative,spread vowel,alveolar","bilabial closure→rounded/protruded vowel,rounded/protruded vowel→low-visibility coda,bilabial closure→open vowel,open vowel→fricative,fricative→spread vowel,spread vowel→alveolar,alveolar→open vowel",양순음에서 입술 폐쇄가 나타남; 원순 모음에서 입술 원순화/돌출이 나타남; ㅣ 계열에서 입술이 옆으로 벌어짐; 개방 모음에서 입이 크게 열림; 혀/후방 조음 중심 구간은 입술 단서가 비교적 제한적; 다양한 viseme 전환을 포함,"ㅁ:bilabial closure,ㅜ:rounded/protruded vowel,ㄹ:low-visibility coda | ㅁ:bilabial closure,ㅏ:open vowel,ㅅ:fricative,ㅣ:spread vowel,ㄷ:alveolar,ㅏ:open vowel","ㅁ:bilabial closure→ㅜ:rounded/protruded vowel,ㅜ:rounded/protruded vowel→ㄹ:low-visibility coda,ㅁ:bilabial closure→ㅏ:open vowel,ㅏ:open vowel→ㅅ:fricative,ㅅ:fricative→ㅣ:spread vowel,ㅣ:spread vowel→ㄷ:alveolar,ㄷ:alveolar→ㅏ:open vowel",0.14,0.09090909090909090,0.0,0.3888888888888890,0.059322033898305100,0.029288702928870300,0.06579178885630500,0.12523540489642200,0.06347435836442000,0.03225806451612900,0.05981071714209540,0.11385036808765600,0.05770396214947270
K059,phrase,문 열다,4,1.0,0.97,0.06,문녈다,"ㅁ,ㄴ,ㄷ","ㅜ,ㅕ,ㅏ","ㄴ,ㄹ",ㅁ-ㅜ-ㄴ-|-ㄴ-ㅕ-ㄹ-ㄷ-ㅏ,"ㅁ,ㅜ,ㄴ,ㅕ,ㄹ,ㄷ,ㅏ","ㅁ→ㅜ,ㅜ→ㄴ,ㄴ→|,|→ㄴ,ㄴ→ㅕ,ㅕ→ㄹ,ㄹ→ㄷ,ㄷ→ㅏ",ㄴ→ㄴ,n_insertion,1.0,bilabial closure → rounded/protruded vowel → low-visibility coda → alveolar → open-mid vowel → low-visibility coda → alveolar → open vowel,"bilabial closure,rounded/protruded vowel,low-visibility coda,alveolar,open-mid vowel,open vowel","bilabial closure→rounded/protruded vowel,rounded/protruded vowel→low-visibility coda,low-visibility coda→alveolar,alveolar→open-mid vowel,open-mid vowel→low-visibility coda,low-visibility coda→alveolar,alveolar→open vowel",양순음에서 입술 폐쇄가 나타남; 원순 모음에서 입술 원순화/돌출이 나타남; 개방 모음에서 입이 크게 열림; 중간 개구의 모음 변화가 나타남; 혀/후방 조음 중심 구간은 입술 단서가 비교적 제한적; 다양한 viseme 전환을 포함,"ㅁ:bilabial closure,ㅜ:rounded/protruded vowel,ㄴ:low-visibility coda,ㄴ:alveolar,ㅕ:open-mid vowel,ㄹ:low-visibility coda,ㄷ:alveolar,ㅏ:open vowel","ㅁ:bilabial closure→ㅜ:rounded/protruded vowel,ㅜ:rounded/protruded vowel→ㄴ:low-visibility coda,ㄴ:low-visibility coda→ㄴ:alveolar,ㄴ:alveolar→ㅕ:open-mid vowel,ㅕ:open-mid vowel→ㄹ:low-visibility coda,ㄹ:low-visibility coda→ㄷ:alveolar,ㄷ:alveolar→ㅏ:open vowel",0.14,0.18181818181818200,0.125,0.3333333333333330,0.05084745762711870,0.029288702928870300,0.11887300423590700,0.10734463276836200,0.07940451863484330,0.02867383512544800,0.12254948890299700,0.11066456986429000,0.08186032848952920
K060,phrase,문 닫다,3,1.0,0.97,0.06,문 닫따,"ㅁ,ㄷ, ㄸ","ㅜ,ㅏ","ㄴ,ㄷ",ㅁ-ㅜ-ㄴ-|-ㄷ-ㅏ-ㄷ-ㄸ-ㅏ,"ㅁ,ㅜ,ㄴ,ㄷ,ㄸ,ㅏ","ㅁ→ㅜ,ㅜ→ㄴ,ㄴ→|,|→ㄷ,ㄷ→ㅏ,ㅏ→ㄷ,ㄷ→ㄸ,ㄸ→ㅏ",ㄴ→ㄷ,tensification,1.0,bilabial closure → rounded/protruded vowel → low-visibility coda | alveolar → open vowel → low-visibility coda → alveolar → open vowel,"bilabial closure,rounded/protruded vowel,low-visibility coda,alveolar,open vowel","bilabial closure→rounded/protruded vowel,rounded/protruded vowel→low-visibility coda,alveolar→open vowel,open vowel→low-visibility coda,low-visibility coda→alveolar,alveolar→open vowel",양순음에서 입술 폐쇄가 나타남; 원순 모음에서 입술 원순화/돌출이 나타남; 개방 모음에서 입이 크게 열림; 혀/후방 조음 중심 구간은 입술 단서가 비교적 제한적; 다양한 viseme 전환을 포함,"ㅁ:bilabial closure,ㅜ:rounded/protruded vowel,ㄴ:low-visibility coda | ㄷ:alveolar,ㅏ:open vowel,ㄷ:low-visibility coda,ㄸ:alveolar,ㅏ:open vowel","ㅁ:bilabial closure→ㅜ:rounded/protruded vowel,ㅜ:rounded/protruded vowel→ㄴ:low-visibility coda,ㄷ:alveolar→ㅏ:open vowel,ㅏ:open vowel→ㄷ:low-visibility coda,ㄷ:low-visibility coda→ㄸ:alveolar,ㄸ:alveolar→ㅏ:open vowel",0.12,0.18181818181818200,0.125,0.2777777777777780,0.0423728813559322,0.02510460251046030,0.11387300423590700,0.08945386064030130,0.07016009064223950,0.02867383512544800,0.11739484972774000,0.09222047488690860,0.07232999035282420
K061,phrase,옷 입다,3,1.3,1.17,0.15,온 닙따,"ㅇ,ㄴ, ㄸ","ㅗ,ㅣ,ㅏ","ㄴ, ㅂ",ㅇ-ㅗ-ㄴ-|-ㄴ-ㅣ-ㅂ-ㄸ-ㅏ,"ㅇ,ㅗ,ㄴ,ㅣ,ㅂ,ㄸ,ㅏ","ㅇ→ㅗ,ㅗ→ㄴ,ㄴ→|,|→ㅇ,ㅇ→ㅣ,ㅣ→ㅂ,ㅂ→ㄸ,ㄸ→ㅏ",ㄴ→ㄴ,n_insertion;nasal_assimilation;tensification,3.0,null/velar onset → rounded vowel → low-visibility coda | alveolar → spread vowel → bilabial coda closure → alveolar → open vowel,"null/velar onset,rounded vowel,low-visibility coda,alveolar,spread vowel,bilabial coda closure,open vowel","null/velar onset→rounded vowel,rounded vowel→low-visibility coda,alveolar→spread vowel,spread vowel→bilabial coda closure,bilabial coda closure→alveolar,alveolar→open vowel",양순음에서 입술 폐쇄가 나타남; 원순 모음에서 입술 원순화/돌출이 나타남; ㅣ 계열에서 입술이 옆으로 벌어짐; 개방 모음에서 입이 크게 열림; 혀/후방 조음 중심 구간은 입술 단서가 비교적 제한적; 다양한 viseme 전환을 포함,"ㅇ:null/velar onset,ㅗ:rounded vowel,ㄴ:low-visibility coda | ㄴ:alveolar,ㅣ:spread vowel,ㅂ:bilabial coda closure,ㄸ:alveolar,ㅏ:open vowel","ㅇ:null/velar onset→ㅗ:rounded vowel,ㅗ:rounded vowel→ㄴ:low-visibility coda,ㄴ:alveolar→ㅣ:spread vowel,ㅣ:spread vowel→ㅂ:bilabial coda closure,ㅂ:bilabial coda closure→ㄸ:alveolar,ㄸ:alveolar→ㅏ:open vowel",0.14,0.18181818181818200,0.375,0.3888888888888890,0.05084745762711870,0.02510460251046030,0.18137300423590700,0.11845574387947300,0.09602961991424360,0.02867383512544800,0.15501966174009200,0.10124422553801100,0.08207659821730220
K062,phrase,책 읽다,3,1.0,1.13,0.12,챙 닉따,"ㅊ,ㄴ,ㄸ","ㅐ,ㅣ,ㅏ","ㅇ,ㄱ",ㅊ-ㅐ-ㅇ-|-ㄴ-ㅣㄱ-ㄸ-ㅏ,"ㅊ,ㅐ,ㅇ,ㄴ,ㅣ,ㄱ,ㄸ,ㅏ","ㅊ→ㅐ,ㅐ→ㅇ,ㅇ→|,|→ㄴ,ㄴ→ㅣ,ㅣ→ㄱ,ㄱ→ㄸ,ㄸ→ㅏ",ㅇ → ㄴ,n_insertion,1.0,affricate → front/open-mid vowel → low-visibility coda | alveolar → spread vowel → low-visibility coda → alveolar → open vowel,"affricate,front/open-mid vowel,low-visibility coda,alveolar,spread vowel,open vowel","affricate→front/open-mid vowel,front/open-mid vowel→low-visibility coda,alveolar→spread vowel,spread vowel→low-visibility coda,low-visibility coda→alveolar,alveolar→open vowel",ㅣ 계열에서 입술이 옆으로 벌어짐; 개방 모음에서 입이 크게 열림; 중간 개구의 모음 변화가 나타남; 혀/후방 조음 중심 구간은 입술 단서가 비교적 제한적; 다양한 viseme 전환을 포함,"ㅊ:affricate,ㅐ:front/open-mid vowel,ㅇ:low-visibility coda | ㄴ:alveolar,ㅣ:spread vowel,ㄱ:low-visibility coda,ㄸ:alveolar,ㅏ:open vowel","ㅊ:affricate→ㅐ:front/open-mid vowel,ㅐ:front/open-mid vowel→ㅇ:low-visibility coda,ㄴ:alveolar→ㅣ:spread vowel,ㅣ:spread vowel→ㄱ:low-visibility coda,ㄱ:low-visibility coda→ㄸ:alveolar,ㄸ:alveolar→ㅏ:open vowel",0.16,0.18181818181818200,0.125,0.3333333333333330,0.05084745762711870,0.02510460251046030,0.12387300423590700,0.10734463276836200,0.07905267467660710,0.02867383512544800,0.10962212764239600,0.09499525023748810,0.06995811918283810
K063,phrase,커피 마시다,5,1.2,1.1,0.1,커피 마시다,"ㅋ,ㅍ,ㅁ,ㅅ,ㄷ","ㅓ,ㅣ,ㅏ",,ㅋ-ㅓ-ㅍ-ㅣ-|-ㅁ-ㅏ-ㅅ-ㅣ-ㄷ-ㅏ,"ㅋ,ㅓ,ㅍ,ㅣ,ㅁ,ㅏ,ㅅ,ㄷ","ㅋ→ㅓ,ㅓ→ㅍ,ㅍ→ㅣ,ㅣ→|,|→ㅁ,ㅁ→ㅏ,ㅏ→ㅅ,ㅅ→ㅣ,ㅣ→ㄷ,ㄷ→ㅏ",ㅣ → ㅁ,,,low-visibility velar → open-mid vowel → bilabial closure → spread vowel | bilabial closure → open vowel → fricative → spread vowel → alveolar → open vowel,"low-visibility velar,open-mid vowel,bilabial closure,spread vowel,open vowel,fricative,alveolar","low-visibility velar→open-mid vowel,open-mid vowel→bilabial closure,bilabial closure→spread vowel,bilabial closure→open vowel,open vowel→fricative,fricative→spread vowel,spread vowel→alveolar,alveolar→open vowel",양순음에서 입술 폐쇄가 나타남; ㅣ 계열에서 입술이 옆으로 벌어짐; 개방 모음에서 입이 크게 열림; 중간 개구의 모음 변화가 나타남; 혀/후방 조음 중심 구간은 입술 단서가 비교적 제한적; 다양한 viseme 전환을 포함,"ㅋ:low-visibility velar,ㅓ:open-mid vowel,ㅍ:bilabial closure,ㅣ:spread vowel | ㅁ:bilabial closure,ㅏ:open vowel,ㅅ:fricative,ㅣ:spread vowel,ㄷ:alveolar,ㅏ:open vowel","ㅋ:low-visibility velar→ㅓ:open-mid vowel,ㅓ:open-mid vowel→ㅍ:bilabial closure,ㅍ:bilabial closure→ㅣ:spread vowel,ㅁ:bilabial closure→ㅏ:open vowel,ㅏ:open vowel→ㅅ:fricative,ㅅ:fricative→ㅣ:spread vowel,ㅣ:spread vowel→ㄷ:alveolar,ㄷ:alveolar→ㅏ:open vowel",0.16,0.0,0.0,0.3888888888888890,0.06779661016949150,0.03347280334728030,0.04896057347670250,0.132015065913371,0.05624704188104130,0.035842293906810000,0.04450961225154770,0.12001369628488300,0.051133674437310200
K064,phrase,우유 마시다,5,1.4,1.27,0.15,우유 마시다,"ㅇ,ㅁ,ㅅ,ㄷ","ㅜ,ㅠ,ㅏ,ㅣ",,ㅇ-ㅜ-ㅇ-ㅠ-|-ㅁ-ㅏ-ㅅ-ㅣ-ㄷ-ㅏ,"ㅇ,ㅜ,ㅠ,ㅁ,ㅏ,ㅅ,ㅣ,ㄷ","ㅇ→ㅜ,ㅜ→ㅇ,ㅇ→ㅠ,ㅠ→|,|→ㅁ,ㅁ→ㅏ,ㅏ→ㅅ,ㅅ→ㅣ,ㅣ→ㄷ,ㄷ→ㅏ",ㅠ → ㅁ,,,null/velar onset → rounded/protruded vowel → null/velar onset → rounded/protruded vowel | bilabial closure → open vowel → fricative → spread vowel → alveolar → open vowel,"null/velar onset,rounded/protruded vowel,bilabial closure,open vowel,fricative,spread vowel,alveolar","null/velar onset→rounded/protruded vowel,rounded/protruded vowel→null/velar onset,null/velar onset→rounded/protruded vowel,bilabial closure→open vowel,open vowel→fricative,fricative→spread vowel,spread vowel→alveolar,alveolar→open vowel",양순음에서 입술 폐쇄가 나타남; 원순 모음에서 입술 원순화/돌출이 나타남; ㅣ 계열에서 입술이 옆으로 벌어짐; 개방 모음에서 입이 크게 열림; 혀/후방 조음 중심 구간은 입술 단서가 비교적 제한적; 다양한 viseme 전환을 포함,"ㅇ:null/velar onset,ㅜ:rounded/protruded vowel,ㅇ:null/velar onset,ㅠ:rounded/protruded vowel | ㅁ:bilabial closure,ㅏ:open vowel,ㅅ:fricative,ㅣ:spread vowel,ㄷ:alveolar,ㅏ:open vowel","ㅇ:null/velar onset→ㅜ:rounded/protruded vowel,ㅜ:rounded/protruded vowel→ㅇ:null/velar onset,ㅇ:null/velar onset→ㅠ:rounded/protruded vowel,ㅁ:bilabial closure→ㅏ:open vowel,ㅏ:open vowel→ㅅ:fricative,ㅅ:fricative→ㅣ:spread vowel,ㅣ:spread vowel→ㄷ:alveolar,ㄷ:alveolar→ㅏ:open vowel",0.16,0.0,0.0,0.3888888888888890,0.059322033898305100,0.03347280334728030,0.04896057347670250,0.12523540489642200,0.05562842179983040,0.035842293906810000,0.038551632658820900,0.09861055503655260,0.043801906929000300
K065,phrase,밥 먹어요,4,1.6,1.23,0.35,밤 머거요,"ㅂ,ㅁ,ㄱ,ㅇ","ㅏ,ㅓ,ㅛ",ㅁ,ㅂ-ㅏ-ㅁ-|-ㅁ-ㅓ-ㄱ-ㅇ-ㅓ-ㅇ-ㅛ,"ㅂ,ㅏ,ㅁ,ㅓ,ㄱ,ㅇ,ㅛ","ㅂ→ㅏ,ㅏ→ㅁ,ㅁ→|,|→ㅁ,ㅁ→ㅓ,ㅓ→ㄱ,ㄱ→ㅇ,ㅇ→ㅓ,ㅓ→ㅇ,ㅇ→ㅛ",ㅁ → ㅁ,nasal_assimilation;resyllabification,2.0,bilabial closure → open vowel → bilabial nasal coda | bilabial closure → open-mid vowel → low-visibility velar → open-mid vowel → null/velar onset → rounded vowel,"bilabial closure,open vowel,bilabial nasal coda,open-mid vowel,low-visibility velar,null/velar onset,rounded vowel","bilabial closure→open vowel,open vowel→bilabial nasal coda,bilabial closure→open-mid vowel,open-mid vowel→low-visibility velar,low-visibility velar→open-mid vowel,open-mid vowel→null/velar onset,null/velar onset→rounded vowel",양순음에서 입술 폐쇄가 나타남; 원순 모음에서 입술 원순화/돌출이 나타남; 개방 모음에서 입이 크게 열림; 중간 개구의 모음 변화가 나타남; 혀/후방 조음 중심 구간은 입술 단서가 비교적 제한적; 다양한 viseme 전환을 포함,"ㅂ:bilabial closure,ㅏ:open vowel,ㅁ:bilabial nasal coda | ㅁ:bilabial closure,ㅓ:open-mid vowel,ㄱ:low-visibility velar,ㅓ:open-mid vowel,ㅇ:null/velar onset,ㅛ:rounded vowel","ㅂ:bilabial closure→ㅏ:open vowel,ㅏ:open vowel→ㅁ:bilabial nasal coda,ㅁ:bilabial closure→ㅓ:open-mid vowel,ㅓ:open-mid vowel→ㄱ:low-visibility velar,ㄱ:low-visibility velar→ㅓ:open-mid vowel,ㅓ:open-mid vowel→ㅇ:null/velar onset,ㅇ:null/velar onset→ㅛ:rounded vowel",0.14,0.09090909090909090,0.25,0.3888888888888890,0.059322033898305100,0.029288702928870300,0.12918784620397500,0.12523540489642200,0.08802403326105480,0.035842293906810000,0.10503076927152500,0.10181740235481500,0.07156425468378440
K066,phrase,물 주세요,4,1.2,1.1,0.17,물 주세요,"ㅁ,ㅈ,ㅅ,ㅇ","ㅜ,ㅔ,ㅛ",ㄹ,ㅁ-ㅜ-ㄹ-|-ㅈ-ㅜ-ㅅ-ㅔ-ㅇ-ㅛ,"ㅁ,ㅜ,ㄹ,ㅈ,ㅅ,ㅔ,ㅇ,ㅛ","ㅁ→ㅜ,ㅜ→ㄹ,ㄹ→|,|→ㅈ,ㅈ→ㅜ,ㅜ→ㅅ,ㅅ→ㅔ,ㅔ→ㅇ,ㅇ→ㅛ",ㄹ → ㅈ,,,bilabial closure → rounded/protruded vowel → low-visibility coda | affricate → rounded/protruded vowel → fricative → front/open-mid vowel → null/velar onset → rounded vowel,"bilabial closure,rounded/protruded vowel,low-visibility coda,affricate,fricative,front/open-mid vowel,null/velar onset,rounded vowel","bilabial closure→rounded/protruded vowel,rounded/protruded vowel→low-visibility coda,affricate→rounded/protruded vowel,rounded/protruded vowel→fricative,fricative→front/open-mid vowel,front/open-mid vowel→null/velar onset,null/velar onset→rounded vowel",양순음에서 입술 폐쇄가 나타남; 원순 모음에서 입술 원순화/돌출이 나타남; 중간 개구의 모음 변화가 나타남; 혀/후방 조음 중심 구간은 입술 단서가 비교적 제한적; 다양한 viseme 전환을 포함,"ㅁ:bilabial closure,ㅜ:rounded/protruded vowel,ㄹ:low-visibility coda | ㅈ:affricate,ㅜ:rounded/protruded vowel,ㅅ:fricative,ㅔ:front/open-mid vowel,ㅇ:null/velar onset,ㅛ:rounded vowel","ㅁ:bilabial closure→ㅜ:rounded/protruded vowel,ㅜ:rounded/protruded vowel→ㄹ:low-visibility coda,ㅈ:affricate→ㅜ:rounded/protruded vowel,ㅜ:rounded/protruded vowel→ㅅ:fricative,ㅅ:fricative→ㅔ:front/open-mid vowel,ㅔ:front/open-mid vowel→ㅇ:null/velar onset,ㅇ:null/velar onset→ㅛ:rounded vowel",0.16,0.09090909090909090,0.0,0.4444444444444440,0.059322033898305100,0.029288702928870300,0.070791788856305,0.13634651600753300,0.06763298023304010,0.03225806451612900,0.06435617168755000,0.1239513781886660,0.06148452748458190
K067,phrase,문 열어,4,1.3,1.07,0.25,문 녀러,"ㅁ,ㄴ, ㄹ","ㅜ,ㅕ,ㅓ",ㄴ,ㅁ-ㅜ-ㄴ-|-ㄴ-ㅕ-ㄹ-ㅓ,"ㅁ,ㅜ,ㄴ,ㅕ,ㄹ,ㅓ","ㅁ→ㅜ,ㅜ→ㄴ,ㄴ→|,|→ㄴ,ㄴ→ㅕ,ㅕ→ㄹ,ㄹ→ㅓ",ㄴ→ㄴ,n_insertion;resyllabification,2.0,bilabial closure → rounded/protruded vowel → low-visibility coda | alveolar → open-mid vowel → liquid → open-mid vowel,"bilabial closure,rounded/protruded vowel,low-visibility coda,alveolar,open-mid vowel,liquid","bilabial closure→rounded/protruded vowel,rounded/protruded vowel→low-visibility coda,alveolar→open-mid vowel,open-mid vowel→liquid,liquid→open-mid vowel",양순음에서 입술 폐쇄가 나타남; 원순 모음에서 입술 원순화/돌출이 나타남; 중간 개구의 모음 변화가 나타남; 혀/후방 조음 중심 구간은 입술 단서가 비교적 제한적; 다양한 viseme 전환을 포함,"ㅁ:bilabial closure,ㅜ:rounded/protruded vowel,ㄴ:low-visibility coda | ㄴ:alveolar,ㅕ:open-mid vowel,ㄹ:liquid,ㅓ:open-mid vowel","ㅁ:bilabial closure→ㅜ:rounded/protruded vowel,ㅜ:rounded/protruded vowel→ㄴ:low-visibility coda,ㄴ:alveolar→ㅕ:open-mid vowel,ㅕ:open-mid vowel→ㄹ:liquid,ㄹ:liquid→ㅓ:open-mid vowel",0.12,0.09090909090909090,0.25,0.3333333333333330,0.0423728813559322,0.02092050209205020,0.1214996741609650,0.10056497175141200,0.07439551841926940,0.025089605734767000,0.11355109734669600,0.09398595490786210,0.0695285218871677
K068,phrase,문 닫아,4,1.5,1.2,0.36,문 다다,"ㅁ,ㄷ","ㅜ,ㅏ",ㄴ,ㅁ-ㅜ-ㄴ-|-ㄷ-ㅏ-ㄷ-ㅏ,"ㅁ,ㅜ,ㄴ,ㄷ,ㅏ","ㅁ→ㅜ,ㅜ→ㄴ,ㄴ→|,|→ㄷ,ㄷ→ㅏ,ㅏ→ㄷ→ㅏ",ㄴ→ㄷ,resyllabification,1.0,bilabial closure → rounded/protruded vowel → low-visibility coda | alveolar → open vowel → alveolar → open vowel,"bilabial closure,rounded/protruded vowel,low-visibility coda,alveolar,open vowel","bilabial closure→rounded/protruded vowel,rounded/protruded vowel→low-visibility coda,alveolar→open vowel,open vowel→alveolar,alveolar→open vowel",양순음에서 입술 폐쇄가 나타남; 원순 모음에서 입술 원순화/돌출이 나타남; 개방 모음에서 입이 크게 열림; 혀/후방 조음 중심 구간은 입술 단서가 비교적 제한적; 다양한 viseme 전환을 포함,"ㅁ:bilabial closure,ㅜ:rounded/protruded vowel,ㄴ:low-visibility coda | ㄷ:alveolar,ㅏ:open vowel,ㄷ:alveolar,ㅏ:open vowel","ㅁ:bilabial closure→ㅜ:rounded/protruded vowel,ㅜ:rounded/protruded vowel→ㄴ:low-visibility coda,ㄷ:alveolar→ㅏ:open vowel,ㅏ:open vowel→ㄷ:alveolar,ㄷ:alveolar→ㅏ:open vowel",0.1,0.09090909090909090,0.125,0.2777777777777780,0.03389830508474580,0.016736401673640200,0.08435361681329420,0.08267419962335220,0.056797836782092800,0.021505376344086000,0.07029468067774520,0.06889516635279350,0.04733153065174400
K069,phrase,빨리 와,3,1.2,1.03,0.15,빨리 와,"ㅃ,ㄹ,ㅇ","ㅏ,ㅣ,ㅘ",ㄹ,ㅃ-ㅏ-ㄹ-ㄹ-ㅣ-|-ㅇ-ㅘ,"ㅃ,ㅏ,ㄹ,ㅣ, ㅇ,ㅘ","ㅃ→ㅏ,ㅏ→ㄹ,ㄹ→ㄹ,ㄹ→ㅣ,ㅣ→|,|→ㅇ,ㅇ→ㅘ",ㄹ→ㄹ,,,bilabial closure → open vowel → low-visibility coda → liquid → spread vowel | null/velar onset → rounded vowel,"bilabial closure,open vowel,low-visibility coda,liquid,spread vowel,null/velar onset,rounded vowel","bilabial closure→open vowel,open vowel→low-visibility coda,low-visibility coda→liquid,liquid→spread vowel,null/velar onset→rounded vowel",양순음에서 입술 폐쇄가 나타남; 원순 모음에서 입술 원순화/돌출이 나타남; ㅣ 계열에서 입술이 옆으로 벌어짐; 개방 모음에서 입이 크게 열림; 혀/후방 조음 중심 구간은 입술 단서가 비교적 제한적; 다양한 viseme 전환을 포함,"ㅃ:bilabial closure,ㅏ:open vowel,ㄹ:low-visibility coda,ㄹ:liquid,ㅣ:spread vowel | ㅇ:null/velar onset,ㅘ:rounded vowel","ㅃ:bilabial closure→ㅏ:open vowel,ㅏ:open vowel→ㄹ:low-visibility coda,ㄹ:low-visibility coda→ㄹ:liquid,ㄹ:liquid→ㅣ:spread vowel,ㅇ:null/velar onset→ㅘ:rounded vowel",0.12,0.09090909090909090,0.0,0.3888888888888890,0.0423728813559322,0.02092050209205020,0.05899967416096450,0.11167608286252400,0.05469359979908760,0.025089605734767000,0.05728123704948010,0.10842338141992600,0.05310058232921130
K070,phrase,같이 가요,4,1.2,1.0,0.2,가치 가요,"ㄱ,ㅊ","ㅏ,ㅣ,ㅛ",,ㄱ-ㅏ-ㅊ-ㅣ-|-ㄱ-ㅏ-ㅇ-ㅛ,"ㄱ,ㅏ,ㅊㅣ,|,ㅛ, ㅇ","ㄱ→ㅏ, ㅏ→ㅊ, ㅊ→ㅣ, ㄱ→ㅏ, ㅏ→ㅇ, ㅇ→ㅛ",ㅣ→ㄱ,palatalization,1.0,low-visibility velar → open vowel → affricate → spread vowel | low-visibility velar → open vowel → null/velar onset → rounded vowel,"low-visibility velar,open vowel,affricate,spread vowel,null/velar onset,rounded vowel","low-visibility velar→open vowel,open vowel→affricate,affricate→spread vowel,low-visibility velar→open vowel,open vowel→null/velar onset,null/velar onset→rounded vowel",원순 모음에서 입술 원순화/돌출이 나타남; ㅣ 계열에서 입술이 옆으로 벌어짐; 개방 모음에서 입이 크게 열림; 혀/후방 조음 중심 구간은 입술 단서가 비교적 제한적; 다양한 viseme 전환을 포함,"ㄱ:low-visibility velar,ㅏ:open vowel,ㅊ:affricate,ㅣ:spread vowel | ㄱ:low-visibility velar,ㅏ:open vowel,ㅇ:null/velar onset,ㅛ:rounded vowel","ㄱ:low-visibility velar→ㅏ:open vowel,ㅏ:open vowel→ㅊ:affricate,ㅊ:affricate→ㅣ:spread vowel,ㄱ:low-visibility velar→ㅏ:open vowel,ㅏ:open vowel→ㅇ:null/velar onset,ㅇ:null/velar onset→ㅛ:rounded vowel",0.12,0.0,0.125,0.3333333333333330,0.0423728813559322,0.02092050209205020,0.06573028673835130,0.10056497175141200,0.056067677718531300,0.017921146953405000,0.06573028673835130,0.10056497175141200,0.056067677718531300
K071,phrase,집에 가다,4,1.0,0.93,0.12,지베 가다,"ㅈ,ㅂ,ㄱ,ㄷ","ㅣ,ㅔ,ㅏ",,ㅈ-ㅣ-ㅂ-ㅔ-|-ㄱ-ㅏ-ㄷ-ㅏ,"ㅈ,ㅣ,ㅂ,ㅔ,ㄱ,ㅏ,ㄷ","ㅈ→ㅣ,ㅣ→ㅂ,ㅂ→ㅔ,ㅔ→|,|→ㄱ,ㄱ→ㅏ,ㅏ→ㄷ,ㄷ→ㅏ",ㅔ→ㄱ,resyllabification,1.0,affricate → spread vowel → bilabial closure → front/open-mid vowel | low-visibility velar → open vowel → alveolar → open vowel,"affricate,spread vowel,bilabial closure,front/open-mid vowel,low-visibility velar,open vowel,alveolar","affricate→spread vowel,spread vowel→bilabial closure,bilabial closure→front/open-mid vowel,low-visibility velar→open vowel,open vowel→alveolar,alveolar→open vowel",양순음에서 입술 폐쇄가 나타남; ㅣ 계열에서 입술이 옆으로 벌어짐; 개방 모음에서 입이 크게 열림; 중간 개구의 모음 변화가 나타남; 혀/후방 조음 중심 구간은 입술 단서가 비교적 제한적; 다양한 viseme 전환을 포함,"ㅈ:affricate,ㅣ:spread vowel,ㅂ:bilabial closure,ㅔ:front/open-mid vowel | ㄱ:low-visibility velar,ㅏ:open vowel,ㄷ:alveolar,ㅏ:open vowel","ㅈ:affricate→ㅣ:spread vowel,ㅣ:spread vowel→ㅂ:bilabial closure,ㅂ:bilabial closure→ㅔ:front/open-mid vowel,ㄱ:low-visibility velar→ㅏ:open vowel,ㅏ:open vowel→ㄷ:alveolar,ㄷ:alveolar→ㅏ:open vowel",0.14,0.0,0.125,0.3888888888888890,0.05084745762711870,0.02510460251046030,0.07341845878136200,0.11845574387947300,0.06443271320421370,0.02867383512544800,0.07894457933479790,0.12737176761233600,0.06928248731635890
K072,phrase,학교 가다,4,1.0,0.83,0.15,학꾜 가다,"ㅎ,ㄲ,ㄱ,ㄷ","ㅏ,ㅛ",ㄱ,ㅎ-ㅏ-ㄱ-ㄲ-ㅛ-|-ㄱ-ㅏ-ㄷ-ㅏ,"ㅎ,ㅏ,ㄲ,ㅛ,ㄱ,ㄷ","ㅎ→ㅏ,ㅏ→ㄱ,ㄱ→ㄲ,→ㅛ,ㅛ→|,|→ㄱ,ㄱ→ㅏ,ㅏ→ㄷ,ㄷ→ㅏ",ㅛ → ㄱ,tensification,1.0,glottal → open vowel → low-visibility coda → low-visibility velar → rounded vowel | low-visibility velar → open vowel → alveolar → open vowel,"glottal,open vowel,low-visibility coda,low-visibility velar,rounded vowel,alveolar","glottal→open vowel,open vowel→low-visibility coda,low-visibility coda→low-visibility velar,low-visibility velar→rounded vowel,low-visibility velar→open vowel,open vowel→alveolar,alveolar→open vowel",원순 모음에서 입술 원순화/돌출이 나타남; 개방 모음에서 입이 크게 열림; 혀/후방 조음 중심 구간은 입술 단서가 비교적 제한적; 다양한 viseme 전환을 포함,"ㅎ:glottal,ㅏ:open vowel,ㄱ:low-visibility coda,ㄲ:low-visibility velar,ㅛ:rounded vowel | ㄱ:low-visibility velar,ㅏ:open vowel,ㄷ:alveolar,ㅏ:open vowel","ㅎ:glottal→ㅏ:open vowel,ㅏ:open vowel→ㄱ:low-visibility coda,ㄱ:low-visibility coda→ㄲ:low-visibility velar,ㄲ:low-visibility velar→ㅛ:rounded vowel,ㄱ:low-visibility velar→ㅏ:open vowel,ㅏ:open vowel→ㄷ:alveolar,ㄷ:alveolar→ㅏ:open vowel",0.12,0.09090909090909090,0.125,0.3333333333333330,0.059322033898305100,0.029288702928870300,0.09204178885630500,0.11412429378531100,0.07285572407398640,0.03225806451612900,0.11089372151362000,0.1374991491389290,0.08777798081203190
K073,phrase,사진 찍다,4,1.3,1.13,0.21,사진 찍따,"ㅅ,ㅈ,ㅉ,ㄸ","ㅏ,ㅣ","ㄴ,ㄱ",ㅅ-ㅏ-ㅈ-ㅣ-ㄴ-|-ㅉ-ㅣ-ㄱ-ㄸ-ㅏ,"ㅅ,ㅏ,ㅈ,ㅣ,ㄴ,ㅉ,ㄱ,ㄸ","ㅅ→ㅏ,ㅏ→ㅈ,ㅈ→ㅣ,ㅣ→ㄴ,ㄴ→|,|→ㅉ,ㅉ→ㅣ,ㅣ→ㄱ,ㄱ→ㄷ,ㄷ→ㅏ",ㄴ→ㅉ,tensification,1.0,fricative → open vowel → affricate → spread vowel → low-visibility coda | affricate → spread vowel → low-visibility coda → alveolar → open vowel,"fricative,open vowel,affricate,spread vowel,low-visibility coda,alveolar","fricative→open vowel,open vowel→affricate,affricate→spread vowel,spread vowel→low-visibility coda,affricate→spread vowel,spread vowel→low-visibility coda,low-visibility coda→alveolar,alveolar→open vowel",ㅣ 계열에서 입술이 옆으로 벌어짐; 개방 모음에서 입이 크게 열림; 혀/후방 조음 중심 구간은 입술 단서가 비교적 제한적; 다양한 viseme 전환을 포함,"ㅅ:fricative,ㅏ:open vowel,ㅈ:affricate,ㅣ:spread vowel,ㄴ:low-visibility coda | ㅉ:affricate,ㅣ:spread vowel,ㄱ:low-visibility coda,ㄸ:alveolar,ㅏ:open vowel","ㅅ:fricative→ㅏ:open vowel,ㅏ:open vowel→ㅈ:affricate,ㅈ:affricate→ㅣ:spread vowel,ㅣ:spread vowel→ㄴ:low-visibility coda,ㅉ:affricate→ㅣ:spread vowel,ㅣ:spread vowel→ㄱ:low-visibility coda,ㄱ:low-visibility coda→ㄸ:alveolar,ㄸ:alveolar→ㅏ:open vowel",0.16,0.18181818181818200,0.125,0.3333333333333330,0.05084745762711870,0.03347280334728030,0.12566511893124800,0.10734463276836200,0.08285990717246500,0.035842293906810000,0.11120806985066200,0.09499525023748810,0.0733273514800575
K074,phrase,전화 받다,4,1.3,1.1,0.2,전화 받따,"ㅈ,ㅎ,ㅂ,ㄸ","ㅓ,ㅘ,ㅏ","ㄴ,ㄷ",ㅈ-ㅓ-ㄴ-ㅎ-ㅘ-|-ㅂ-ㅏ-ㄷ-ㄸ-ㅏ,"ㅈ,ㅓ,ㄴ,ㅎ,ㅘ,ㅂ,ㅏ,ㄷ,ㄸ","ㅈ→ㅓ,ㅓ→ㄴ,ㄴ→ㅎ,ㅎ→ㅘ,ㅘ→|,|→ㅂ,ㅂ→ㅏ,ㅏ→ㄷ,ㄷ→ㄸ,ㄸ→ㅏ",ㅘ → ㅂ,tensification,1.0,affricate → open-mid vowel → low-visibility coda → glottal → rounded vowel | bilabial closure → open vowel → low-visibility coda → alveolar → open vowel,"affricate,open-mid vowel,low-visibility coda,glottal,rounded vowel,bilabial closure,open vowel,alveolar","affricate→open-mid vowel,open-mid vowel→low-visibility coda,low-visibility coda→glottal,glottal→rounded vowel,bilabial closure→open vowel,open vowel→low-visibility coda,low-visibility coda→alveolar,alveolar→open vowel",양순음에서 입술 폐쇄가 나타남; 원순 모음에서 입술 원순화/돌출이 나타남; 개방 모음에서 입이 크게 열림; 중간 개구의 모음 변화가 나타남; 혀/후방 조음 중심 구간은 입술 단서가 비교적 제한적; 다양한 viseme 전환을 포함,"ㅈ:affricate,ㅓ:open-mid vowel,ㄴ:low-visibility coda,ㅎ:glottal,ㅘ:rounded vowel | ㅂ:bilabial closure,ㅏ:open vowel,ㄷ:low-visibility coda,ㄸ:alveolar,ㅏ:open vowel","ㅈ:affricate→ㅓ:open-mid vowel,ㅓ:open-mid vowel→ㄴ:low-visibility coda,ㄴ:low-visibility coda→ㅎ:glottal,ㅎ:glottal→ㅘ:rounded vowel,ㅂ:bilabial closure→ㅏ:open vowel,ㅏ:open vowel→ㄷ:low-visibility coda,ㄷ:low-visibility coda→ㄸ:alveolar,ㄸ:alveolar→ㅏ:open vowel",0.18,0.18181818181818200,0.125,0.4444444444444440,0.06779661016949150,0.03347280334728030,0.13066511893124800,0.1431261770244820,0.09535636516119500,0.035842293906810000,0.11878647175568000,0.13011470638589300,0.08668760469199540
K075,phrase,음악 듣다,4,1.4,1.2,0.26,으막 듣따,"ㅇ,ㅁ,ㄷ","ㅡ,ㅏ","ㄱ,ㄷ",ㅇ-ㅡ-ㅁ-ㅁ-ㅏ-ㄱ-|-ㄷ-ㅡ-ㄷ-ㄸ-ㅏ,"ㅇ,ㅡ,ㅁ,ㅏ,ㄱ,ㄷ,ㄸ","ㅇ→ㅡ,ㅡ→ㅁ,ㅁ→ㅁ,ㅁ→ㅏ,ㅏ→ㄱ,ㄱ→|,|→ㄷ,ㄷ→ㅡ,ㅡ→ㄷ,ㄷ→ㄸ,ㄸ→ㅏ",ㄱ → ㄷ,resyllabification;tensification,2.0,null/velar onset → neutral/unrounded vowel → bilabial closure → open vowel → low-visibility coda | alveolar → neutral/unrounded vowel → low-visibility coda → alveolar → open vowel,"null/velar onset,neutral/unrounded vowel,bilabial closure,open vowel,low-visibility coda,alveolar","null/velar onset→neutral/unrounded vowel,neutral/unrounded vowel→bilabial closure,bilabial closure→open vowel,open vowel→low-visibility coda,alveolar→neutral/unrounded vowel,neutral/unrounded vowel→low-visibility coda,low-visibility coda→alveolar,alveolar→open vowel",양순음에서 입술 폐쇄가 나타남; 개방 모음에서 입이 크게 열림; 혀/후방 조음 중심 구간은 입술 단서가 비교적 제한적; 다양한 viseme 전환을 포함,"ㅇ:null/velar onset,ㅡ:neutral/unrounded vowel,ㅁ:bilabial closure,ㅏ:open vowel,ㄱ:low-visibility coda | ㄷ:alveolar,ㅡ:neutral/unrounded vowel,ㄷ:low-visibility coda,ㄸ:alveolar,ㅏ:open vowel","ㅇ:null/velar onset→ㅡ:neutral/unrounded vowel,ㅡ:neutral/unrounded vowel→ㅁ:bilabial closure,ㅁ:bilabial closure→ㅏ:open vowel,ㅏ:open vowel→ㄱ:low-visibility coda,ㄷ:alveolar→ㅡ:neutral/unrounded vowel,ㅡ:neutral/unrounded vowel→ㄷ:low-visibility coda,ㄷ:low-visibility coda→ㄸ:alveolar,ㄸ:alveolar→ㅏ:open vowel",0.14,0.18181818181818200,0.25,0.3333333333333330,0.06779661016949150,0.03347280334728030,0.15281117627891800,0.12090395480226000,0.09438782156628640,0.03942652329749100,0.12734264689909900,0.10075329566855000,0.07865651797190530
K076,phrase,이름 부르다,5,1.3,1.23,0.06,이름 부르다,"ㅇ,ㄹ,ㅂ,ㄷ","ㅣ,ㅡ,ㅜ,ㅏ",ㅁ,ㅇ-ㅣ-ㄹ-ㅡ-ㅁ-|-ㅂ-ㅜ-ㄹ-ㅡ-ㄷ-ㅏ,"ㅇ,ㅣ,ㄹ,ㅡ,ㅁ,|,ㅂ,ㅜ,ㄷ,ㅏ","ㅇ→ㅣ,ㅣ→ㄹ,ㄹ→ㅡ,ㅡ→ㅁ,ㅁ→|,|→ㅂ,ㅂ→ㅜ,ㅜ→ㄹ,ㄹ→ㅡ,ㅡ→ㄷ,ㄷ→ㅏ",ㅁ→ㅂ,,,null/velar onset → spread vowel → liquid → neutral/unrounded vowel → bilabial nasal coda | bilabial closure → rounded/protruded vowel → liquid → neutral/unrounded vowel → alveolar → open vowel,"null/velar onset,spread vowel,liquid,neutral/unrounded vowel,bilabial nasal coda,bilabial closure,rounded/protruded vowel,alveolar,open vowel","null/velar onset→spread vowel,spread vowel→liquid,liquid→neutral/unrounded vowel,neutral/unrounded vowel→bilabial nasal coda,bilabial closure→rounded/protruded vowel,rounded/protruded vowel→liquid,liquid→neutral/unrounded vowel,neutral/unrounded vowel→alveolar,alveolar→open vowel",양순음에서 입술 폐쇄가 나타남; 원순 모음에서 입술 원순화/돌출이 나타남; ㅣ 계열에서 입술이 옆으로 벌어짐; 개방 모음에서 입이 크게 열림; 혀/후방 조음 중심 구간은 입술 단서가 비교적 제한적; 다양한 viseme 전환을 포함,"ㅇ:null/velar onset,ㅣ:spread vowel,ㄹ:liquid,ㅡ:neutral/unrounded vowel,ㅁ:bilabial nasal coda | ㅂ:bilabial closure,ㅜ:rounded/protruded vowel,ㄹ:liquid,ㅡ:neutral/unrounded vowel,ㄷ:alveolar,ㅏ:open vowel","ㅇ:null/velar onset→ㅣ:spread vowel,ㅣ:spread vowel→ㄹ:liquid,ㄹ:liquid→ㅡ:neutral/unrounded vowel,ㅡ:neutral/unrounded vowel→ㅁ:bilabial nasal coda,ㅂ:bilabial closure→ㅜ:rounded/protruded vowel,ㅜ:rounded/protruded vowel→ㄹ:liquid,ㄹ:liquid→ㅡ:neutral/unrounded vowel,ㅡ:neutral/unrounded vowel→ㄷ:alveolar,ㄷ:alveolar→ㅏ:open vowel",0.2,0.09090909090909090,0.0,0.5,0.06779661016949150,0.03347280334728030,0.08168784620397520,0.15423728813559300,0.07747374567554130,0.035842293906810000,0.06641288309266280,0.12539616921592900,0.06298678510206610
K077,phrase,얼굴 보다,4,1.3,1.07,0.21,얼굴 보다,"ㅇ,ㄱ,ㅂ,ㄷ","ㅓ,ㅜ,ㅗ,ㅏ",ㄹ,ㅇ-ㅓ-ㄹ-ㄱ-ㅜ-ㄹ-|-ㅂ-ㅗ-ㄷ-ㅏ,"ㅇ,ㅓ,ㄹ,ㄱ,ㅜ,ㅂ,ㅗ,ㄷ,ㅏ","ㅇ→ㅓ,ㅓ→ㄹ,ㄹ→ㄱ,ㄱ→ㅜ,ㅜ→ㄹ,ㄹ→|,|→ㅂ,ㅂ→ㅗ,ㅗ→ㄷ,ㄷ→ㅏ",ㄹ→ㅂ,,,null/velar onset → open-mid vowel → low-visibility coda → low-visibility velar → rounded/protruded vowel → low-visibility coda | bilabial closure → rounded vowel → alveolar → open vowel,"null/velar onset,open-mid vowel,low-visibility coda,low-visibility velar,rounded/protruded vowel,bilabial closure,rounded vowel,alveolar,open vowel","null/velar onset→open-mid vowel,open-mid vowel→low-visibility coda,low-visibility coda→low-visibility velar,low-visibility velar→rounded/protruded vowel,rounded/protruded vowel→low-visibility coda,bilabial closure→rounded vowel,rounded vowel→alveolar,alveolar→open vowel",양순음에서 입술 폐쇄가 나타남; 원순 모음에서 입술 원순화/돌출이 나타남; 개방 모음에서 입이 크게 열림; 중간 개구의 모음 변화가 나타남; 혀/후방 조음 중심 구간은 입술 단서가 비교적 제한적; 다양한 viseme 전환을 포함,"ㅇ:null/velar onset,ㅓ:open-mid vowel,ㄹ:low-visibility coda,ㄱ:low-visibility velar,ㅜ:rounded/protruded vowel,ㄹ:low-visibility coda | ㅂ:bilabial closure,ㅗ:rounded vowel,ㄷ:alveolar,ㅏ:open vowel","ㅇ:null/velar onset→ㅓ:open-mid vowel,ㅓ:open-mid vowel→ㄹ:low-visibility coda,ㄹ:low-visibility coda→ㄱ:low-visibility velar,ㄱ:low-visibility velar→ㅜ:rounded/protruded vowel,ㅜ:rounded/protruded vowel→ㄹ:low-visibility coda,ㅂ:bilabial closure→ㅗ:rounded vowel,ㅗ:rounded vowel→ㄷ:alveolar,ㄷ:alveolar→ㅏ:open vowel",0.18,0.09090909090909090,0.0,0.5,0.06779661016949150,0.03347280334728030,0.07668784620397520,0.15423728813559300,0.07485384644862660,0.035842293906810000,0.07167088430278060,0.14414699825756400,0.06995686583983790
K078,phrase,친구 만나다,5,1.4,1.13,0.23,친구 만나다,"ㅊ,ㄱ,ㅁ,ㄴ,ㄷ","ㅣ,ㅜ,ㅏ",ㄴ,ㅊ-ㅣ-ㄴ-ㄱ-ㅜ-|-ㅁ-ㅏ-ㄴ-ㄴ-ㅏ-ㄷ-ㅏ,"ㅊ,ㅣ,ㄴ,ㄱ,ㅜ,ㅁ,ㅏ,ㄷ","ㅊ→ㅣ,ㅣ→ㄴ,ㄴ→ㄱ,ㄱ→ㅜ,ㅜ→|,|→ㅁ,ㅁ→ㅏ,ㅏ→ㄴ,ㄴ→ㄴ,ㄴ→ㅏ,ㅏ→ㄷ,ㄷ→ㅏ",ㅜ→ㅁ,,,affricate → spread vowel → low-visibility coda → low-visibility velar → rounded/protruded vowel | bilabial closure → open vowel → low-visibility coda → alveolar → open vowel → alveolar → open vowel,"affricate,spread vowel,low-visibility coda,low-visibility velar,rounded/protruded vowel,bilabial closure,open vowel,alveolar","affricate→spread vowel,spread vowel→low-visibility coda,low-visibility coda→low-visibility velar,low-visibility velar→rounded/protruded vowel,bilabial closure→open vowel,open vowel→low-visibility coda,low-visibility coda→alveolar,alveolar→open vowel,open vowel→alveolar,alveolar→open vowel",양순음에서 입술 폐쇄가 나타남; 원순 모음에서 입술 원순화/돌출이 나타남; ㅣ 계열에서 입술이 옆으로 벌어짐; 개방 모음에서 입이 크게 열림; 혀/후방 조음 중심 구간은 입술 단서가 비교적 제한적; 다양한 viseme 전환을 포함,"ㅊ:affricate,ㅣ:spread vowel,ㄴ:low-visibility coda,ㄱ:low-visibility velar,ㅜ:rounded/protruded vowel | ㅁ:bilabial closure,ㅏ:open vowel,ㄴ:low-visibility coda,ㄴ:alveolar,ㅏ:open vowel,ㄷ:alveolar,ㅏ:open vowel","ㅊ:affricate→ㅣ:spread vowel,ㅣ:spread vowel→ㄴ:low-visibility coda,ㄴ:low-visibility coda→ㄱ:low-visibility velar,ㄱ:low-visibility velar→ㅜ:rounded/protruded vowel,ㅁ:bilabial closure→ㅏ:open vowel,ㅏ:open vowel→ㄴ:low-visibility coda,ㄴ:low-visibility coda→ㄴ:alveolar,ㄴ:alveolar→ㅏ:open vowel,ㅏ:open vowel→ㄷ:alveolar,ㄷ:alveolar→ㅏ:open vowel",0.16,0.09090909090909090,0.0,0.4444444444444440,0.07627118644067800,0.04184100418410040,0.07347996089931570,0.14990583804143100,0.07590797664572050,0.043010752688172000,0.06502651407019090,0.13266003366498300,0.06717520057143410
K079,phrase,버스 타다,4,1.2,1.03,0.15,버스 타다,"ㅂ,ㅅ,ㅌ,ㄷ","ㅓ,ㅡ,ㅏ",,ㅂ-ㅓ-ㅅ-ㅡ-|-ㅌ-ㅏ-ㄷ-ㅏ,"ㅂ,ㅓ,ㅅ,ㅡ,ㅌ,ㅏ,ㄷ","ㅂ→ㅓ,ㅓ→ㅅ,ㅅ→ㅡ,ㅡ→|,|→ㅌ,ㅌ→ㅏ,ㅏ→ㄷ,ㄷ→ㅏ",ㅡ → ㅌ,,,bilabial closure → open-mid vowel → fricative → neutral/unrounded vowel | alveolar → open vowel → alveolar → open vowel,"bilabial closure,open-mid vowel,fricative,neutral/unrounded vowel,alveolar,open vowel","bilabial closure→open-mid vowel,open-mid vowel→fricative,fricative→neutral/unrounded vowel,alveolar→open vowel,open vowel→alveolar,alveolar→open vowel",양순음에서 입술 폐쇄가 나타남; 개방 모음에서 입이 크게 열림; 중간 개구의 모음 변화가 나타남; 혀/후방 조음 중심 구간은 입술 단서가 비교적 제한적; 다양한 viseme 전환을 포함,"ㅂ:bilabial closure,ㅓ:open-mid vowel,ㅅ:fricative,ㅡ:neutral/unrounded vowel | ㅌ:alveolar,ㅏ:open vowel,ㄷ:alveolar,ㅏ:open vowel","ㅂ:bilabial closure→ㅓ:open-mid vowel,ㅓ:open-mid vowel→ㅅ:fricative,ㅅ:fricative→ㅡ:neutral/unrounded vowel,ㅌ:alveolar→ㅏ:open vowel,ㅏ:open vowel→ㄷ:alveolar,ㄷ:alveolar→ㅏ:open vowel",0.14,0.0,0.0,0.3333333333333330,0.0423728813559322,0.02510460251046030,0.04216845878136200,0.10056497175141200,0.04569433995876110,0.02867383512544800,0.040940251244040800,0.09763589490428390,0.044363436853166200
K080,phrase,택시 타다,4,1.2,1.07,0.23,택씨 타다,"ㅌ,ㅆ,ㄷ","ㅐ,ㅣ,ㅏ",ㄱ,ㅌ-ㅐ-ㄱ-ㅆ-ㅣ-|-ㅌ-ㅏ-ㄷ-ㅏ,"ㅌ,ㅐ,ㄱ,ㅆ,ㅣ,ㅏ,ㄷ","ㅌ→ㅐ,ㅐ→ㄱ,ㄱ→ㅆ,ㅆ→ㅣ,ㅣ→|,|→ㅌ,ㅌ→ㅏ,ㅏ→ㄷ,ㄷ→ㅏ",ㅣ→ㅌ,tensification,1.0,alveolar → front/open-mid vowel → low-visibility coda → fricative → spread vowel | alveolar → open vowel → alveolar → open vowel,"alveolar,front/open-mid vowel,low-visibility coda,fricative,spread vowel,open vowel","alveolar→front/open-mid vowel,front/open-mid vowel→low-visibility coda,low-visibility coda→fricative,fricative→spread vowel,alveolar→open vowel,open vowel→alveolar,alveolar→open vowel",ㅣ 계열에서 입술이 옆으로 벌어짐; 개방 모음에서 입이 크게 열림; 중간 개구의 모음 변화가 나타남; 혀/후방 조음 중심 구간은 입술 단서가 비교적 제한적; 다양한 viseme 전환을 포함,"ㅌ:alveolar,ㅐ:front/open-mid vowel,ㄱ:low-visibility coda,ㅆ:fricative,ㅣ:spread vowel | ㅌ:alveolar,ㅏ:open vowel,ㄷ:alveolar,ㅏ:open vowel","ㅌ:alveolar→ㅐ:front/open-mid vowel,ㅐ:front/open-mid vowel→ㄱ:low-visibility coda,ㄱ:low-visibility coda→ㅆ:fricative,ㅆ:fricative→ㅣ:spread vowel,ㅌ:alveolar→ㅏ:open vowel,ㅏ:open vowel→ㄷ:alveolar,ㄷ:alveolar→ㅏ:open vowel",0.14,0.09090909090909090,0.125,0.3333333333333330,0.05084745762711870,0.029288702928870300,0.09704178885630500,0.10734463276836200,0.0728755989259075,0.03225806451612900,0.09069326061336910,0.10032208669940300,0.0681080363793528
K081,phrase,집에 오다,4,1.0,0.97,0.06,지베 오다,"ㅈ,ㅂ,ㄷ","ㅣ,ㅔ,ㅗ,ㅏ",,ㅈ-ㅣ-ㅂ-ㅔ-|-ㅇ-ㅗ-ㄷ-ㅏ,"ㅈ,ㅣ,ㅂ,ㅔ,ㅗ,ㄷ,ㅏ","ㅈ→ㅣ,ㅣ→ㅂ,ㅂ→ㅔ,ㅔ→|,|→ㅇ,ㅇ→ㅗ,ㅗ→ㄷ,ㄷ→ㅏ",ㅔ→ㅇ,resyllabification,1.0,affricate → spread vowel → bilabial closure → front/open-mid vowel | null/velar onset → rounded vowel → alveolar → open vowel,"affricate,spread vowel,bilabial closure,front/open-mid vowel,null/velar onset,rounded vowel,alveolar,open vowel","affricate→spread vowel,spread vowel→bilabial closure,bilabial closure→front/open-mid vowel,null/velar onset→rounded vowel,rounded vowel→alveolar,alveolar→open vowel",양순음에서 입술 폐쇄가 나타남; 원순 모음에서 입술 원순화/돌출이 나타남; ㅣ 계열에서 입술이 옆으로 벌어짐; 개방 모음에서 입이 크게 열림; 중간 개구의 모음 변화가 나타남; 혀/후방 조음 중심 구간은 입술 단서가 비교적 제한적; 다양한 viseme 전환을 포함,"ㅈ:affricate,ㅣ:spread vowel,ㅂ:bilabial closure,ㅔ:front/open-mid vowel | ㅇ:null/velar onset,ㅗ:rounded vowel,ㄷ:alveolar,ㅏ:open vowel","ㅈ:affricate→ㅣ:spread vowel,ㅣ:spread vowel→ㅂ:bilabial closure,ㅂ:bilabial closure→ㅔ:front/open-mid vowel,ㅇ:null/velar onset→ㅗ:rounded vowel,ㅗ:rounded vowel→ㄷ:alveolar,ㄷ:alveolar→ㅏ:open vowel",0.14,0.0,0.125,0.4444444444444440,0.05084745762711870,0.02510460251046030,0.07341845878136200,0.12956685499058400,0.06627801784174280,0.02867383512544800,0.07568913276429070,0.13357407730988000,0.0683278534450957
K082,phrase,밥을 먹다,4,1.2,1.03,0.29,바블 먹따,"ㅂ,ㅁ,ㄸ","ㅏ,ㅡ,ㅓ","ㄹ,ㄱ",ㅂ-ㅏ-ㅂ-ㅡ-ㄹ-|-ㅁ-ㅓ-ㄱ-ㄸ-ㅏ,"ㅂ,ㅏ,ㅇ,ㅡ,ㄹ,ㅁ,ㅓ,ㄱ,ㄸ","ㅂ→ㅏ,ㅏ→ㅂ,ㅂ→ㅡ,ㅡ→ㄹ,ㄹ→|,|→ㅁ,ㅁ→ㅓ,ㅓ→ㄱ,ㄱ→ㄸ,ㄸ→ㅏ",ㄹ→ㅁ,resyllabification;tensification,2.0,bilabial closure → open vowel → bilabial closure → neutral/unrounded vowel → low-visibility coda | bilabial closure → open-mid vowel → low-visibility coda → alveolar → open vowel,"bilabial closure,open vowel,neutral/unrounded vowel,low-visibility coda,open-mid vowel,alveolar","bilabial closure→open vowel,open vowel→bilabial closure,bilabial closure→neutral/unrounded vowel,neutral/unrounded vowel→low-visibility coda,bilabial closure→open-mid vowel,open-mid vowel→low-visibility coda,low-visibility coda→alveolar,alveolar→open vowel",양순음에서 입술 폐쇄가 나타남; 개방 모음에서 입이 크게 열림; 중간 개구의 모음 변화가 나타남; 혀/후방 조음 중심 구간은 입술 단서가 비교적 제한적; 다양한 viseme 전환을 포함,"ㅂ:bilabial closure,ㅏ:open vowel,ㅂ:bilabial closure,ㅡ:neutral/unrounded vowel,ㄹ:low-visibility coda | ㅁ:bilabial closure,ㅓ:open-mid vowel,ㄱ:low-visibility coda,ㄸ:alveolar,ㅏ:open vowel","ㅂ:bilabial closure→ㅏ:open vowel,ㅏ:open vowel→ㅂ:bilabial closure,ㅂ:bilabial closure→ㅡ:neutral/unrounded vowel,ㅡ:neutral/unrounded vowel→ㄹ:low-visibility coda,ㅁ:bilabial closure→ㅓ:open-mid vowel,ㅓ:open-mid vowel→ㄱ:low-visibility coda,ㄱ:low-visibility coda→ㄸ:alveolar,ㄸ:alveolar→ㅏ:open vowel",0.18,0.18181818181818200,0.25,0.3333333333333330,0.06779661016949150,0.03347280334728030,0.16191511893124800,0.12090395480226000,0.09645075054429720,0.035842293906810000,0.1571991445934450,0.11738248039054400,0.09364150538281280
K083,phrase,물을 먹다,4,1.2,1.0,0.2,무를 먹따,"ㅁ,ㄹ,ㄸ","ㅜ,ㅡ,ㅓ,ㅏ","ㄹ,ㄱ",ㅁ-ㅜ-ㄹ-ㅡ-ㄹ-|-ㅁ-ㅓ-ㄱ-ㄸ-ㅏ,"ㅁ,ㅜ,ㄹ,ㅡ,ㅓ,ㄱ,ㄸ,ㅏ","ㅁ→ㅜ,ㅜ→ㄹ,ㄹ→ㅡ,ㅡ,ㅡ→ㄹ,ㄹ→|,|→ㅁ,ㅁ→ㅓ,ㅓ→ㄱ,ㄱ→ㄸ,ㄸ→ㅏ",ㄹ→ㅁ,resyllabification;tensification,2.0,bilabial closure → rounded/protruded vowel → liquid → neutral/unrounded vowel → low-visibility coda | bilabial closure → open-mid vowel → low-visibility coda → alveolar → open vowel,"bilabial closure,rounded/protruded vowel,liquid,neutral/unrounded vowel,low-visibility coda,open-mid vowel,alveolar,open vowel","bilabial closure→rounded/protruded vowel,rounded/protruded vowel→liquid,liquid→neutral/unrounded vowel,neutral/unrounded vowel→low-visibility coda,bilabial closure→open-mid vowel,open-mid vowel→low-visibility coda,low-visibility coda→alveolar,alveolar→open vowel",양순음에서 입술 폐쇄가 나타남; 원순 모음에서 입술 원순화/돌출이 나타남; 개방 모음에서 입이 크게 열림; 중간 개구의 모음 변화가 나타남; 혀/후방 조음 중심 구간은 입술 단서가 비교적 제한적; 다양한 viseme 전환을 포함,"ㅁ:bilabial closure,ㅜ:rounded/protruded vowel,ㄹ:liquid,ㅡ:neutral/unrounded vowel,ㄹ:low-visibility coda | ㅁ:bilabial closure,ㅓ:open-mid vowel,ㄱ:low-visibility coda,ㄸ:alveolar,ㅏ:open vowel","ㅁ:bilabial closure→ㅜ:rounded/protruded vowel,ㅜ:rounded/protruded vowel→ㄹ:liquid,ㄹ:liquid→ㅡ:neutral/unrounded vowel,ㅡ:neutral/unrounded vowel→ㄹ:low-visibility coda,ㅁ:bilabial closure→ㅓ:open-mid vowel,ㅓ:open-mid vowel→ㄱ:low-visibility coda,ㄱ:low-visibility coda→ㄸ:alveolar,ㄸ:alveolar→ㅏ:open vowel",0.16,0.18181818181818200,0.25,0.4444444444444440,0.06779661016949150,0.03347280334728030,0.15781117627891800,0.1431261770244820,0.10345534683355000,0.03942652329749100,0.15781117627891800,0.1431261770244820,0.10345534683355000
K084,phrase,사진 보다,4,1.0,1.13,0.12,사진 보다,"ㅅ,ㅈ,ㅂ,ㄷ","ㅏ,ㅣ,ㅗ",ㄴ,ㅅ-ㅏ-ㅈ-ㅣ-ㄴ-|-ㅂ-ㅗ-ㄷ-ㅏ,"ㅅ,ㅏ,ㅈ,ㅣ,ㄴ,ㅂ,ㅗ,ㄷ","ㅅ→ㅏ,ㅏ→ㅈ,ㅈ→ㅣ,ㅣ→ㄴ,ㄴ→|,|→ㅂ,ㅂ→ㅗ,ㅗ→ㄷ,ㄷ→ㅏ",ㄴ→ㅂ,,,fricative → open vowel → affricate → spread vowel → low-visibility coda | bilabial closure → rounded vowel → alveolar → open vowel,"fricative,open vowel,affricate,spread vowel,low-visibility coda,bilabial closure,rounded vowel,alveolar","fricative→open vowel,open vowel→affricate,affricate→spread vowel,spread vowel→low-visibility coda,bilabial closure→rounded vowel,rounded vowel→alveolar,alveolar→open vowel",양순음에서 입술 폐쇄가 나타남; 원순 모음에서 입술 원순화/돌출이 나타남; ㅣ 계열에서 입술이 옆으로 벌어짐; 개방 모음에서 입이 크게 열림; 혀/후방 조음 중심 구간은 입술 단서가 비교적 제한적; 다양한 viseme 전환을 포함,"ㅅ:fricative,ㅏ:open vowel,ㅈ:affricate,ㅣ:spread vowel,ㄴ:low-visibility coda | ㅂ:bilabial closure,ㅗ:rounded vowel,ㄷ:alveolar,ㅏ:open vowel","ㅅ:fricative→ㅏ:open vowel,ㅏ:open vowel→ㅈ:affricate,ㅈ:affricate→ㅣ:spread vowel,ㅣ:spread vowel→ㄴ:low-visibility coda,ㅂ:bilabial closure→ㅗ:rounded vowel,ㅗ:rounded vowel→ㄷ:alveolar,ㄷ:alveolar→ㅏ:open vowel",0.16,0.09090909090909090,0.0,0.4444444444444440,0.059322033898305100,0.029288702928870300,0.070791788856305,0.13634651600753300,0.06763298023304010,0.03225806451612900,0.06264760075779200,0.12066063363498500,0.0598521948964957
K085,phrase,노래 듣다,4,0.9,1.03,0.15,노래 듣따,"ㄴ,ㄹ,ㄸ","ㅗ,ㅐ,ㅡ,ㅏ",ㄷ,ㄴ-ㅗ-ㄹ-ㅐ-|-ㄷ-ㅡ-ㄷ-ㄸ-ㅏ,"ㄴ,ㅗ,ㄹ,ㅐ,|,ㄸ,ㅡ,ㅏ","ㄴ→ㅗ,ㅗ→ㄹ,ㄹ→ㅐ,ㅐ→|,|→ㄷ,ㄷ→ㅡ,ㅡ→ㄷ,ㄷ→ㄸ,ㄸ→ㅏ",ㅐ→ㄷ,tensification,1.0,alveolar → rounded vowel → liquid → front/open-mid vowel | alveolar → neutral/unrounded vowel → low-visibility coda → alveolar → open vowel,"alveolar,rounded vowel,liquid,front/open-mid vowel,neutral/unrounded vowel,low-visibility coda,open vowel","alveolar→rounded vowel,rounded vowel→liquid,liquid→front/open-mid vowel,alveolar→neutral/unrounded vowel,neutral/unrounded vowel→low-visibility coda,low-visibility coda→alveolar,alveolar→open vowel",원순 모음에서 입술 원순화/돌출이 나타남; 개방 모음에서 입이 크게 열림; 중간 개구의 모음 변화가 나타남; 혀/후방 조음 중심 구간은 입술 단서가 비교적 제한적; 다양한 viseme 전환을 포함,"ㄴ:alveolar,ㅗ:rounded vowel,ㄹ:liquid,ㅐ:front/open-mid vowel | ㄷ:alveolar,ㅡ:neutral/unrounded vowel,ㄷ:low-visibility coda,ㄸ:alveolar,ㅏ:open vowel","ㄴ:alveolar→ㅗ:rounded vowel,ㅗ:rounded vowel→ㄹ:liquid,ㄹ:liquid→ㅐ:front/open-mid vowel,ㄷ:alveolar→ㅡ:neutral/unrounded vowel,ㅡ:neutral/unrounded vowel→ㄷ:low-visibility coda,ㄷ:low-visibility coda→ㄸ:alveolar,ㄸ:alveolar→ㅏ:open vowel",0.16,0.09090909090909090,0.125,0.3888888888888890,0.059322033898305100,0.029288702928870300,0.102041788856305,0.12523540489642200,0.07918856443428370,0.03225806451612900,0.0990696979187427,0.12158777174409900,0.07688210139250840
K086,phrase,영화 보다,4,0.9,1.03,0.15,영화 보다,"ㅇ,ㅎ,ㅂ,ㄷ","ㅕ,ㅘ,ㅗ,ㅏ",ㅇ,ㅇ-ㅕ-ㅇ-ㅎ-ㅘ-|-ㅂ-ㅗ-ㄷ-ㅏ,"ㅇ,ㅕ,ㅎ,ㅘ,ㅂ,ㅗ,ㄷ,ㅏ","ㅇ→ㅕ,ㅕ→ㅇ,ㅇ→ㅎ,ㅎ→ㅘ,ㅘ→|,|→ㅂ,ㅂ→ㅗ,ㅗ→ㄷ,ㄷ→ㅏ",ㅘ → ㅂ,,,null/velar onset → open-mid vowel → low-visibility coda → glottal → rounded vowel | bilabial closure → rounded vowel → alveolar → open vowel,"null/velar onset,open-mid vowel,low-visibility coda,glottal,rounded vowel,bilabial closure,alveolar,open vowel","null/velar onset→open-mid vowel,open-mid vowel→low-visibility coda,low-visibility coda→glottal,glottal→rounded vowel,bilabial closure→rounded vowel,rounded vowel→alveolar,alveolar→open vowel",양순음에서 입술 폐쇄가 나타남; 원순 모음에서 입술 원순화/돌출이 나타남; 개방 모음에서 입이 크게 열림; 중간 개구의 모음 변화가 나타남; 혀/후방 조음 중심 구간은 입술 단서가 비교적 제한적; 다양한 viseme 전환을 포함,"ㅇ:null/velar onset,ㅕ:open-mid vowel,ㅇ:low-visibility coda,ㅎ:glottal,ㅘ:rounded vowel | ㅂ:bilabial closure,ㅗ:rounded vowel,ㄷ:alveolar,ㅏ:open vowel","ㅇ:null/velar onset→ㅕ:open-mid vowel,ㅕ:open-mid vowel→ㅇ:low-visibility coda,ㅇ:low-visibility coda→ㅎ:glottal,ㅎ:glottal→ㅘ:rounded vowel,ㅂ:bilabial closure→ㅗ:rounded vowel,ㅗ:rounded vowel→ㄷ:alveolar,ㄷ:alveolar→ㅏ:open vowel",0.16,0.09090909090909090,0.0,0.4444444444444440,0.059322033898305100,0.029288702928870300,0.070791788856305,0.13634651600753300,0.06763298023304010,0.03225806451612900,0.06872989209350000,0.13237525825974100,0.06566308760489330
K087,sentence,오늘 오후에는 친구와 근처 공원에서 산책을 했다.,20,3.3,3.87,0.51,오늘 오후에는 친구와 근처 공원에서 산채글 핻따,"ㅇ,ㄴ,ㅎ,ㅊ,ㄱ,ㅅ,ㄸ","ㅗ,ㅡ,ㅜ,ㅔ,ㅣ,ㅘ,ㅓ,ㅝ,ㅏ,ㅐ","ㄹ, ㄴ, ㅇ, ㄷ",ㅇ-ㅗ-ㄴ-ㅡ-ㄹ | ㅇ-ㅗ-ㅎ-ㅜ-ㅇ-ㅔ-ㄴ-ㅡ-ㄴ | ㅊ-ㅣ-ㄴ-ㄱ-ㅜ-ㅇ-ㅘ | ㄱ-ㅡ-ㄴ-ㅊ-ㅓ | ㄱ-ㅗ-ㅇ-ㅇ-ㅝ-ㄴ-ㅇ-ㅔ-ㅅ-ㅓ | ㅅ-ㅏ-ㄴ-ㅊ-ㅐ-ㄱ-ㅡ-ㄹ | ㅎ-ㅐ-ㄷ-ㄸ-ㅏ,"ㅇ,ㅗ,ㄴ,ㅡ,ㄹ,ㅎ,ㅜ,ㅔ,ㅊ,ㅣ,ㄱ,ㅘ,ㅓ,ㅝ,ㅅ,ㅏ,ㅐ,ㄷ,ㄸ","ㅇ→ㅗ,ㅗ→ㄴ,ㄴ→ㅡ,ㅡ→ㄹ; ㅇ→ㅗ,ㅗ→ㅎ,ㅎ→ㅜ,ㅜ→ㅇ,ㅇ→ㅔ,ㅔ→ㄴ,ㄴ→ㅡ,ㅡ→ㄴ; ㅊ→ㅣ,ㅣ→ㄴ,ㄴ→ㄱ,ㄱ→ㅜ,ㅜ→ㅇ,ㅇ→ㅘ; ㄱ→ㅡ,ㅡ→ㄴ,ㄴ→ㅊ,ㅊ→ㅓ; ㄱ→ㅗ,ㅗ→ㅇ,ㅇ→ㅇ,ㅇ→ㅝ,ㅝ→ㄴ,ㄴ→ㅇ,ㅇ→ㅔ,ㅔ→ㅅ,ㅅ→ㅓ; ㅅ→ㅏ,ㅏ→ㄴ,ㄴ→ㅊ,ㅊ→ㅐ,ㅐ→ㄱ,ㄱ→ㅡ,ㅡ→ㄹ; ㅎ→ㅐ,ㅐ→ㄷ,ㄷ→ㄸ,ㄸ→ㅏ","ㄹ→ㅇ, ㄴ→ㅊ, ㅘ→ㄱ, ㅓ→ㄱ, ㅓ→ㅅ, ㄹ→ㅎ",resyllabification;tensification,2.0,null/velar onset → rounded vowel → alveolar → neutral/unrounded vowel → low-visibility coda | null/velar onset → rounded vowel → glottal → rounded/protruded vowel → null/velar onset → front/open-mid vowel → alveolar → neutral/unrounded vowel → low-visibility coda | affricate → spread vowel → low-visibility coda → low-visibility velar → rounded/protruded vowel → null/velar onset → rounded vowel | low-visibility velar → neutral/unrounded vowel → low-visibility coda → affricate → open-mid vowel | low-visibility velar → rounded vowel → low-visibility coda → null/velar onset → rounded vowel → low-visibility coda → null/velar onset → front/open-mid vowel → fricative → open-mid vowel | fricative → open vowel → low-visibility coda → affricate → front/open-mid vowel → low-visibility velar → neutral/unrounded vowel → low-visibility coda | glottal → front/open-mid vowel → low-visibility coda → alveolar → open vowel,"null/velar onset,rounded vowel,alveolar,neutral/unrounded vowel,low-visibility coda,glottal,rounded/protruded vowel,front/open-mid vowel,affricate,spread vowel,low-visibility velar,open-mid vowel,fricative,open vowel","null/velar onset→rounded vowel,rounded vowel→alveolar,alveolar→neutral/unrounded vowel,neutral/unrounded vowel→low-visibility coda,null/velar onset→rounded vowel,rounded vowel→glottal,glottal→rounded/protruded vowel,rounded/protruded vowel→null/velar onset,null/velar onset→front/open-mid vowel,front/open-mid vowel→alveolar,alveolar→neutral/unrounded vowel,neutral/unrounded vowel→low-visibility coda,affricate→spread vowel,spread vowel→low-visibility coda,low-visibility coda→low-visibility velar,low-visibility velar→rounded/protruded vowel,rounded/protruded vowel→null/velar onset,null/velar onset→rounded vowel,low-visibility velar→neutral/unrounded vowel,neutral/unrounded vowel→low-visibility coda,low-visibility coda→affricate,affricate→open-mid vowel,low-visibility velar→rounded vowel,rounded vowel→low-visibility coda,low-visibility coda→null/velar onset,null/velar onset→rounded vowel,rounded vowel→low-visibility coda,low-visibility coda→null/velar onset,null/velar onset→front/open-mid vowel,front/open-mid vowel→fricative,fricative→open-mid vowel,fricative→open vowel,open vowel→low-visibility coda,low-visibility coda→affricate,affricate→front/open-mid vowel,front/open-mid vowel→low-visibility velar,low-visibility velar→neutral/unrounded vowel,neutral/unrounded vowel→low-visibility coda,glottal→front/open-mid vowel,front/open-mid vowel→low-visibility coda,low-visibility coda→alveolar,alveolar→open vowel",원순 모음에서 입술 원순화/돌출이 나타남; ㅣ 계열에서 입술이 옆으로 벌어짐; 개방 모음에서 입이 크게 열림; 중간 개구의 모음 변화가 나타남; 혀/후방 조음 중심 구간은 입술 단서가 비교적 제한적; 다양한 viseme 전환을 포함,"ㅇ:null/velar onset,ㅗ:rounded vowel,ㄴ:alveolar,ㅡ:neutral/unrounded vowel,ㄹ:low-visibility coda | ㅇ:null/velar onset,ㅗ:rounded vowel,ㅎ:glottal,ㅜ:rounded/protruded vowel,ㅇ:null/velar onset,ㅔ:front/open-mid vowel,ㄴ:alveolar,ㅡ:neutral/unrounded vowel,ㄴ:low-visibility coda | ㅊ:affricate,ㅣ:spread vowel,ㄴ:low-visibility coda,ㄱ:low-visibility velar,ㅜ:rounded/protruded vowel,ㅇ:null/velar onset,ㅘ:rounded vowel | ㄱ:low-visibility velar,ㅡ:neutral/unrounded vowel,ㄴ:low-visibility coda,ㅊ:affricate,ㅓ:open-mid vowel | ㄱ:low-visibility velar,ㅗ:rounded vowel,ㅇ:low-visibility coda,ㅇ:null/velar onset,ㅝ:rounded vowel,ㄴ:low-visibility coda,ㅇ:null/velar onset,ㅔ:front/open-mid vowel,ㅅ:fricative,ㅓ:open-mid vowel | ㅅ:fricative,ㅏ:open vowel,ㄴ:low-visibility coda,ㅊ:affricate,ㅐ:front/open-mid vowel,ㄱ:low-visibility velar,ㅡ:neutral/unrounded vowel,ㄹ:low-visibility coda | ㅎ:glottal,ㅐ:front/open-mid vowel,ㄷ:low-visibility coda,ㄸ:alveolar,ㅏ:open vowel","ㅇ:null/velar onset→ㅗ:rounded vowel,ㅗ:rounded vowel→ㄴ:alveolar,ㄴ:alveolar→ㅡ:neutral/unrounded vowel,ㅡ:neutral/unrounded vowel→ㄹ:low-visibility coda,ㅇ:null/velar onset→ㅗ:rounded vowel,ㅗ:rounded vowel→ㅎ:glottal,ㅎ:glottal→ㅜ:rounded/protruded vowel,ㅜ:rounded/protruded vowel→ㅇ:null/velar onset,ㅇ:null/velar onset→ㅔ:front/open-mid vowel,ㅔ:front/open-mid vowel→ㄴ:alveolar,ㄴ:alveolar→ㅡ:neutral/unrounded vowel,ㅡ:neutral/unrounded vowel→ㄴ:low-visibility coda,ㅊ:affricate→ㅣ:spread vowel,ㅣ:spread vowel→ㄴ:low-visibility coda,ㄴ:low-visibility coda→ㄱ:low-visibility velar,ㄱ:low-visibility velar→ㅜ:rounded/protruded vowel,ㅜ:rounded/protruded vowel→ㅇ:null/velar onset,ㅇ:null/velar onset→ㅘ:rounded vowel,ㄱ:low-visibility velar→ㅡ:neutral/unrounded vowel,ㅡ:neutral/unrounded vowel→ㄴ:low-visibility coda,ㄴ:low-visibility coda→ㅊ:affricate,ㅊ:affricate→ㅓ:open-mid vowel,ㄱ:low-visibility velar→ㅗ:rounded vowel,ㅗ:rounded vowel→ㅇ:low-visibility coda,ㅇ:low-visibility coda→ㅇ:null/velar onset,ㅇ:null/velar onset→ㅝ:rounded vowel,ㅝ:rounded vowel→ㄴ:low-visibility coda,ㄴ:low-visibility coda→ㅇ:null/velar onset,ㅇ:null/velar onset→ㅔ:front/open-mid vowel,ㅔ:front/open-mid vowel→ㅅ:fricative,ㅅ:fricative→ㅓ:open-mid vowel,ㅅ:fricative→ㅏ:open vowel,ㅏ:open vowel→ㄴ:low-visibility coda,ㄴ:low-visibility coda→ㅊ:affricate,ㅊ:affricate→ㅐ:front/open-mid vowel,ㅐ:front/open-mid vowel→ㄱ:low-visibility velar,ㄱ:low-visibility velar→ㅡ:neutral/unrounded vowel,ㅡ:neutral/unrounded vowel→ㄹ:low-visibility coda,ㅎ:glottal→ㅐ:front/open-mid vowel,ㅐ:front/open-mid vowel→ㄷ:low-visibility coda,ㄷ:low-visibility coda→ㄸ:alveolar,ㄸ:alveolar→ㅏ:open vowel",0.38,0.36363636363636400,0.25,0.7777777777777780,0.2457627118644070,0.14225941422594100,0.27708292603453900,0.352165725047081,0.24299066375841400,0.11469534050179200,0.0715976553060824,0.09099889536100280,0.06278828520889240
K088,sentence,아침에 일어나 창문을 열고 밖을 바라봤다.,17,3.0,3.07,0.12,아치메 이러나 창무늘 열고 바끌 바라봗따,"ㅇ,ㅊ,ㄴ,ㅁ,ㄱ,ㅂ,ㄲ,ㄹ,ㄸ","ㅏ,ㅣ,ㅔ,ㅓ,ㅜ,ㅡ,ㅕ,ㅗ,ㅘ","ㄹ, ㄷ",ㅇ-ㅏ-ㅊ-ㅣ-ㅁ-ㅔ | ㅇ-ㅣ-ㄹ-ㅓ-ㄴ-ㅏ | ㅊ-ㅏ-ㅇ-ㅁ-ㅜ-ㄴ-ㅡ-ㄹ | ㅇ-ㅕ-ㄹ-ㄱ-ㅗ | ㅂ-ㅏ-ㄲ-ㅡ-ㄹ | ㅂ-ㅏ-ㄹ-ㅏ-ㅂ-ㅘ-ㄷ-ㄸ-ㅏ,"ㅇ,ㅏ,ㅊ,ㅣ,ㅁ,ㅔ,ㄹ,ㅓ,ㄴ,ㅜ,ㅡ,ㅕ,ㄱ,ㅗ,ㅂ,ㄲ,ㅘ,ㄷ,ㄸ","ㅇ→ㅏ,ㅏ→ㅊ,ㅊ→ㅣ,ㅣ→ㅁ,ㅁ→ㅔ; ㅇ→ㅣ,ㅣ→ㄹ,ㄹ→ㅓ,ㅓ→ㄴ,ㄴ→ㅏ; ㅊ→ㅏ,ㅏ→ㅇ,ㅇ→ㅁ,ㅁ→ㅜ,ㅜ→ㄴ,ㄴ→ㅡ,ㅡ→ㄹ; ㅇ→ㅕ,ㅕ→ㄹ,ㄹ→ㄱ,ㄱ→ㅗ; ㅂ→ㅏ,ㅏ→ㄲ,ㄲ→ㅡ,ㅡ→ㄹ; ㅂ→ㅏ,ㅏ→ㄹ,ㄹ→ㅏ,ㅏ→ㅂ,ㅂ→ㅘ,ㅘ→ㄷ,ㄷ→ㄸ,ㄸ→ㅏ","ㅔ→ㅇ, ㅏ→ㅊ, ㄹ→ㅇ, ㅗ→ㅂ, ㄹ→ㅂ",resyllabification;tensification,2.0,null/velar onset → open vowel → affricate → spread vowel → bilabial closure → front/open-mid vowel | null/velar onset → spread vowel → liquid → open-mid vowel → alveolar → open vowel | affricate → open vowel → low-visibility coda → bilabial closure → rounded/protruded vowel → alveolar → neutral/unrounded vowel → low-visibility coda | null/velar onset → open-mid vowel → low-visibility coda → low-visibility velar → rounded vowel | bilabial closure → open vowel → low-visibility velar → neutral/unrounded vowel → low-visibility coda | bilabial closure → open vowel → liquid → open vowel → bilabial closure → rounded vowel → low-visibility coda → alveolar → open vowel,"null/velar onset,open vowel,affricate,spread vowel,bilabial closure,front/open-mid vowel,liquid,open-mid vowel,alveolar,low-visibility coda,rounded/protruded vowel,neutral/unrounded vowel,low-visibility velar,rounded vowel","null/velar onset→open vowel,open vowel→affricate,affricate→spread vowel,spread vowel→bilabial closure,bilabial closure→front/open-mid vowel,null/velar onset→spread vowel,spread vowel→liquid,liquid→open-mid vowel,open-mid vowel→alveolar,alveolar→open vowel,affricate→open vowel,open vowel→low-visibility coda,low-visibility coda→bilabial closure,bilabial closure→rounded/protruded vowel,rounded/protruded vowel→alveolar,alveolar→neutral/unrounded vowel,neutral/unrounded vowel→low-visibility coda,null/velar onset→open-mid vowel,open-mid vowel→low-visibility coda,low-visibility coda→low-visibility velar,low-visibility velar→rounded vowel,bilabial closure→open vowel,open vowel→low-visibility velar,low-visibility velar→neutral/unrounded vowel,neutral/unrounded vowel→low-visibility coda,bilabial closure→open vowel,open vowel→liquid,liquid→open vowel,open vowel→bilabial closure,bilabial closure→rounded vowel,rounded vowel→low-visibility coda,low-visibility coda→alveolar,alveolar→open vowel",양순음에서 입술 폐쇄가 나타남; 원순 모음에서 입술 원순화/돌출이 나타남; ㅣ 계열에서 입술이 옆으로 벌어짐; 개방 모음에서 입이 크게 열림; 중간 개구의 모음 변화가 나타남; 혀/후방 조음 중심 구간은 입술 단서가 비교적 제한적; 다양한 viseme 전환을 포함,"ㅇ:null/velar onset,ㅏ:open vowel,ㅊ:affricate,ㅣ:spread vowel,ㅁ:bilabial closure,ㅔ:front/open-mid vowel | ㅇ:null/velar onset,ㅣ:spread vowel,ㄹ:liquid,ㅓ:open-mid vowel,ㄴ:alveolar,ㅏ:open vowel | ㅊ:affricate,ㅏ:open vowel,ㅇ:low-visibility coda,ㅁ:bilabial closure,ㅜ:rounded/protruded vowel,ㄴ:alveolar,ㅡ:neutral/unrounded vowel,ㄹ:low-visibility coda | ㅇ:null/velar onset,ㅕ:open-mid vowel,ㄹ:low-visibility coda,ㄱ:low-visibility velar,ㅗ:rounded vowel | ㅂ:bilabial closure,ㅏ:open vowel,ㄲ:low-visibility velar,ㅡ:neutral/unrounded vowel,ㄹ:low-visibility coda | ㅂ:bilabial closure,ㅏ:open vowel,ㄹ:liquid,ㅏ:open vowel,ㅂ:bilabial closure,ㅘ:rounded vowel,ㄷ:low-visibility coda,ㄸ:alveolar,ㅏ:open vowel","ㅇ:null/velar onset→ㅏ:open vowel,ㅏ:open vowel→ㅊ:affricate,ㅊ:affricate→ㅣ:spread vowel,ㅣ:spread vowel→ㅁ:bilabial closure,ㅁ:bilabial closure→ㅔ:front/open-mid vowel,ㅇ:null/velar onset→ㅣ:spread vowel,ㅣ:spread vowel→ㄹ:liquid,ㄹ:liquid→ㅓ:open-mid vowel,ㅓ:open-mid vowel→ㄴ:alveolar,ㄴ:alveolar→ㅏ:open vowel,ㅊ:affricate→ㅏ:open vowel,ㅏ:open vowel→ㅇ:low-visibility coda,ㅇ:low-visibility coda→ㅁ:bilabial closure,ㅁ:bilabial closure→ㅜ:rounded/protruded vowel,ㅜ:rounded/protruded vowel→ㄴ:alveolar,ㄴ:alveolar→ㅡ:neutral/unrounded vowel,ㅡ:neutral/unrounded vowel→ㄹ:low-visibility coda,ㅇ:null/velar onset→ㅕ:open-mid vowel,ㅕ:open-mid vowel→ㄹ:low-visibility coda,ㄹ:low-visibility coda→ㄱ:low-visibility velar,ㄱ:low-visibility velar→ㅗ:rounded vowel,ㅂ:bilabial closure→ㅏ:open vowel,ㅏ:open vowel→ㄲ:low-visibility velar,ㄲ:low-visibility velar→ㅡ:neutral/unrounded vowel,ㅡ:neutral/unrounded vowel→ㄹ:low-visibility coda,ㅂ:bilabial closure→ㅏ:open vowel,ㅏ:open vowel→ㄹ:liquid,ㄹ:liquid→ㅏ:open vowel,ㅏ:open vowel→ㅂ:bilabial closure,ㅂ:bilabial closure→ㅘ:rounded vowel,ㅘ:rounded vowel→ㄷ:low-visibility coda,ㄷ:low-visibility coda→ㄸ:alveolar,ㄸ:alveolar→ㅏ:open vowel",0.38,0.5454545454545450,0.25,0.7777777777777780,0.2542372881355930,0.1297071129707110,0.31895324209840300,0.35894538606403000,0.25454463828181700,0.1003584229390680,0.10389356420143400,0.11692032119349500,0.0829135629582466
K089,sentence,학교가 끝나고 친구와 같이 집에 돌아왔다.,18,3.0,3.3,0.3,학꾜가 끈나고 친구와 가치 지베 도라왇따,"ㅎ,ㄲ,ㄴ,ㄱ,ㅊ,ㅇ,ㅈ,ㅂ,ㄷ,ㄹ,ㄸ","ㅏ,ㅛ,ㅡ,ㅗ,ㅣ,ㅜ,ㅘ,ㅔ","ㄱ, ㄴ, ㄷ",ㅎ-ㅏ-ㄱ-ㄲ-ㅛ-ㄱ-ㅏ | ㄲ-ㅡ-ㄴ-ㄴ-ㅏ-ㄱ-ㅗ | ㅊ-ㅣ-ㄴ-ㄱ-ㅜ-ㅇ-ㅘ | ㄱ-ㅏ-ㅊ-ㅣ | ㅈ-ㅣ-ㅂ-ㅔ | ㄷ-ㅗ-ㄹ-ㅏ-ㅇ-ㅘ-ㄷ-ㄸ-ㅏ,"ㅎ,ㅏ,ㄱ,ㄲ,ㅛ,ㅡ,ㄴ,ㅗ,ㅊ,ㅣ,ㅜ,ㅇ,ㅘ,ㅈ,ㅂ,ㅔ,ㄷ,ㄹ,ㄸ","ㅎ→ㅏ,ㅏ→ㄱ,ㄱ→ㄲ,ㄲ→ㅛ,ㅛ→ㄱ,ㄱ→ㅏ; ㄲ→ㅡ,ㅡ→ㄴ,ㄴ→ㄴ,ㄴ→ㅏ,ㅏ→ㄱ,ㄱ→ㅗ; ㅊ→ㅣ,ㅣ→ㄴ,ㄴ→ㄱ,ㄱ→ㅜ,ㅜ→ㅇ,ㅇ→ㅘ; ㄱ→ㅏ,ㅏ→ㅊ,ㅊ→ㅣ; ㅈ→ㅣ,ㅣ→ㅂ,ㅂ→ㅔ; ㄷ→ㅗ,ㅗ→ㄹ,ㄹ→ㅏ,ㅏ→ㅇ,ㅇ→ㅘ,ㅘ→ㄷ,ㄷ→ㄸ,ㄸ→ㅏ","ㅏ→ㄲ, ㅗ→ㅊ, ㅘ→ㄱ, ㅣ→ㅈ, ㅔ→ㄷ",tensification;nasal_assimilation;palatalization;resyllabification,4.0,glottal → open vowel → low-visibility coda → low-visibility velar → rounded vowel → low-visibility velar → open vowel | low-visibility velar → neutral/unrounded vowel → low-visibility coda → alveolar → open vowel → low-visibility velar → rounded vowel | affricate → spread vowel → low-visibility coda → low-visibility velar → rounded/protruded vowel → null/velar onset → rounded vowel | low-visibility velar → open vowel → affricate → spread vowel | affricate → spread vowel → bilabial closure → front/open-mid vowel | alveolar → rounded vowel → liquid → open vowel → null/velar onset → rounded vowel → low-visibility coda → alveolar → open vowel,"glottal,open vowel,low-visibility coda,low-visibility velar,rounded vowel,neutral/unrounded vowel,alveolar,affricate,spread vowel,rounded/protruded vowel,null/velar onset,bilabial closure,front/open-mid vowel,liquid","glottal→open vowel,open vowel→low-visibility coda,low-visibility coda→low-visibility velar,low-visibility velar→rounded vowel,rounded vowel→low-visibility velar,low-visibility velar→open vowel,low-visibility velar→neutral/unrounded vowel,neutral/unrounded vowel→low-visibility coda,low-visibility coda→alveolar,alveolar→open vowel,open vowel→low-visibility velar,low-visibility velar→rounded vowel,affricate→spread vowel,spread vowel→low-visibility coda,low-visibility coda→low-visibility velar,low-visibility velar→rounded/protruded vowel,rounded/protruded vowel→null/velar onset,null/velar onset→rounded vowel,low-visibility velar→open vowel,open vowel→affricate,affricate→spread vowel,affricate→spread vowel,spread vowel→bilabial closure,bilabial closure→front/open-mid vowel,alveolar→rounded vowel,rounded vowel→liquid,liquid→open vowel,open vowel→null/velar onset,null/velar onset→rounded vowel,rounded vowel→low-visibility coda,low-visibility coda→alveolar,alveolar→open vowel",양순음에서 입술 폐쇄가 나타남; 원순 모음에서 입술 원순화/돌출이 나타남; ㅣ 계열에서 입술이 옆으로 벌어짐; 개방 모음에서 입이 크게 열림; 중간 개구의 모음 변화가 나타남; 혀/후방 조음 중심 구간은 입술 단서가 비교적 제한적; 다양한 viseme 전환을 포함,"ㅎ:glottal,ㅏ:open vowel,ㄱ:low-visibility coda,ㄲ:low-visibility velar,ㅛ:rounded vowel,ㄱ:low-visibility velar,ㅏ:open vowel | ㄲ:low-visibility velar,ㅡ:neutral/unrounded vowel,ㄴ:low-visibility coda,ㄴ:alveolar,ㅏ:open vowel,ㄱ:low-visibility velar,ㅗ:rounded vowel | ㅊ:affricate,ㅣ:spread vowel,ㄴ:low-visibility coda,ㄱ:low-visibility velar,ㅜ:rounded/protruded vowel,ㅇ:null/velar onset,ㅘ:rounded vowel | ㄱ:low-visibility velar,ㅏ:open vowel,ㅊ:affricate,ㅣ:spread vowel | ㅈ:affricate,ㅣ:spread vowel,ㅂ:bilabial closure,ㅔ:front/open-mid vowel | ㄷ:alveolar,ㅗ:rounded vowel,ㄹ:liquid,ㅏ:open vowel,ㅇ:null/velar onset,ㅘ:rounded vowel,ㄷ:low-visibility coda,ㄸ:alveolar,ㅏ:open vowel","ㅎ:glottal→ㅏ:open vowel,ㅏ:open vowel→ㄱ:low-visibility coda,ㄱ:low-visibility coda→ㄲ:low-visibility velar,ㄲ:low-visibility velar→ㅛ:rounded vowel,ㅛ:rounded vowel→ㄱ:low-visibility velar,ㄱ:low-visibility velar→ㅏ:open vowel,ㄲ:low-visibility velar→ㅡ:neutral/unrounded vowel,ㅡ:neutral/unrounded vowel→ㄴ:low-visibility coda,ㄴ:low-visibility coda→ㄴ:alveolar,ㄴ:alveolar→ㅏ:open vowel,ㅏ:open vowel→ㄱ:low-visibility velar,ㄱ:low-visibility velar→ㅗ:rounded vowel,ㅊ:affricate→ㅣ:spread vowel,ㅣ:spread vowel→ㄴ:low-visibility coda,ㄴ:low-visibility coda→ㄱ:low-visibility velar,ㄱ:low-visibility velar→ㅜ:rounded/protruded vowel,ㅜ:rounded/protruded vowel→ㅇ:null/velar onset,ㅇ:null/velar onset→ㅘ:rounded vowel,ㄱ:low-visibility velar→ㅏ:open vowel,ㅏ:open vowel→ㅊ:affricate,ㅊ:affricate→ㅣ:spread vowel,ㅈ:affricate→ㅣ:spread vowel,ㅣ:spread vowel→ㅂ:bilabial closure,ㅂ:bilabial closure→ㅔ:front/open-mid vowel,ㄷ:alveolar→ㅗ:rounded vowel,ㅗ:rounded vowel→ㄹ:liquid,ㄹ:liquid→ㅏ:open vowel,ㅏ:open vowel→ㅇ:null/velar onset,ㅇ:null/velar onset→ㅘ:rounded vowel,ㅘ:rounded vowel→ㄷ:low-visibility coda,ㄷ:low-visibility coda→ㄸ:alveolar,ㄸ:alveolar→ㅏ:open vowel",0.38,0.36363636363636400,0.5,0.7777777777777780,0.2033898305084750,0.12133891213389100,0.33420658194851700,0.3182674199623350,0.24416095001121400,0.0931899641577061,0.10127472180258100,0.09644467271585920,0.0739881666700648
K090,sentence,점심에는 따뜻한 국물과 밥을 함께 먹었다.,17,3.0,3.23,0.21,점시메는 따뜨탄 궁물과 바블 함께 머걷따,"ㅈ,ㅅ,ㅁ,ㄴ,ㄸ,ㅌ,ㄱ,ㅂ,ㅎ,ㄲ,ㄱ,ㄸ","ㅓ,ㅣ,ㅔ,ㅡ,ㅏ,ㅜ,ㅘ","ㅁ, ㅇ, ㄷ",ㅈ-ㅓ-ㅁ-ㅅ-ㅣ-ㅁ-ㅔ-ㄴ-ㅡ-ㄴ | ㄸ-ㅏ-ㄸ-ㅡ-ㅌ-ㅏ-ㄴ | ㄱ-ㅜ-ㅇ-ㅁ-ㅜ-ㄹ-ㄱ-ㅘ | ㅂ-ㅏ-ㅂ-ㅡ-ㄹ | ㅎ-ㅏ-ㅁ-ㄲ-ㅔ | ㅁ-ㅓ-ㄱ-ㅓ-ㄷ-ㄸ-ㅏ,"ㅈ,ㅓ,ㅁ,ㅅ,ㅣ,ㅔ,ㄴ,ㅡ,ㄸ,ㅏ,ㅌ,ㄱ,ㅜ,ㅇ,ㄹ,ㅘ,ㅂ,ㅎ,ㄲ,ㄷ","ㅈ→ㅓ,ㅓ→ㅁ,ㅁ→ㅅ,ㅅ→ㅣ,ㅣ→ㅁ,ㅁ→ㅔ,ㅔ→ㄴ,ㄴ→ㅡ,ㅡ→ㄴ; ㄸ→ㅏ,ㅏ→ㄸ,ㄸ→ㅡ,ㅡ→ㅌ,ㅌ→ㅏ,ㅏ→ㄴ; ㄱ→ㅜ,ㅜ→ㅇ,ㅇ→ㅁ,ㅁ→ㅜ,ㅜ→ㄹ,ㄹ→ㄱ,ㄱ→ㅘ; ㅂ→ㅏ,ㅏ→ㅂ,ㅂ→ㅡ,ㅡ→ㄹ; ㅎ→ㅏ,ㅏ→ㅁ,ㅁ→ㄲ,ㄲ→ㅔ; ㅁ→ㅓ,ㅓ→ㄱ,ㄱ→ㅓ,ㅓ→ㄷ,ㄷ→ㄸ,ㄸ→ㅏ","ㄴ→ㄸ, ㄴ→ㄱ, ㅘ→ㅂ, ㄹ→ㅎ, ㅔ→ㅁ",resyllabification;aspiration;nasal_assimilation;tensification,4.0,affricate → open-mid vowel → bilabial nasal coda → fricative → spread vowel → bilabial closure → front/open-mid vowel → alveolar → neutral/unrounded vowel → low-visibility coda | alveolar → open vowel → alveolar → neutral/unrounded vowel → alveolar → open vowel → low-visibility coda | low-visibility velar → rounded/protruded vowel → low-visibility coda → bilabial closure → rounded/protruded vowel → low-visibility coda → low-visibility velar → rounded vowel | bilabial closure → open vowel → bilabial closure → neutral/unrounded vowel → low-visibility coda | glottal → open vowel → bilabial nasal coda → low-visibility velar → front/open-mid vowel | bilabial closure → open-mid vowel → low-visibility velar → open-mid vowel → low-visibility coda → alveolar → open vowel,"affricate,open-mid vowel,bilabial nasal coda,fricative,spread vowel,bilabial closure,front/open-mid vowel,alveolar,neutral/unrounded vowel,low-visibility coda,open vowel,low-visibility velar,rounded/protruded vowel,rounded vowel,glottal","affricate→open-mid vowel,open-mid vowel→bilabial nasal coda,bilabial nasal coda→fricative,fricative→spread vowel,spread vowel→bilabial closure,bilabial closure→front/open-mid vowel,front/open-mid vowel→alveolar,alveolar→neutral/unrounded vowel,neutral/unrounded vowel→low-visibility coda,alveolar→open vowel,open vowel→alveolar,alveolar→neutral/unrounded vowel,neutral/unrounded vowel→alveolar,alveolar→open vowel,open vowel→low-visibility coda,low-visibility velar→rounded/protruded vowel,rounded/protruded vowel→low-visibility coda,low-visibility coda→bilabial closure,bilabial closure→rounded/protruded vowel,rounded/protruded vowel→low-visibility coda,low-visibility coda→low-visibility velar,low-visibility velar→rounded vowel,bilabial closure→open vowel,open vowel→bilabial closure,bilabial closure→neutral/unrounded vowel,neutral/unrounded vowel→low-visibility coda,glottal→open vowel,open vowel→bilabial nasal coda,bilabial nasal coda→low-visibility velar,low-visibility velar→front/open-mid vowel,bilabial closure→open-mid vowel,open-mid vowel→low-visibility velar,low-visibility velar→open-mid vowel,open-mid vowel→low-visibility coda,low-visibility coda→alveolar,alveolar→open vowel",양순음에서 입술 폐쇄가 나타남; 원순 모음에서 입술 원순화/돌출이 나타남; ㅣ 계열에서 입술이 옆으로 벌어짐; 개방 모음에서 입이 크게 열림; 중간 개구의 모음 변화가 나타남; 혀/후방 조음 중심 구간은 입술 단서가 비교적 제한적; 다양한 viseme 전환을 포함,"ㅈ:affricate,ㅓ:open-mid vowel,ㅁ:bilabial nasal coda,ㅅ:fricative,ㅣ:spread vowel,ㅁ:bilabial closure,ㅔ:front/open-mid vowel,ㄴ:alveolar,ㅡ:neutral/unrounded vowel,ㄴ:low-visibility coda | ㄸ:alveolar,ㅏ:open vowel,ㄸ:alveolar,ㅡ:neutral/unrounded vowel,ㅌ:alveolar,ㅏ:open vowel,ㄴ:low-visibility coda | ㄱ:low-visibility velar,ㅜ:rounded/protruded vowel,ㅇ:low-visibility coda,ㅁ:bilabial closure,ㅜ:rounded/protruded vowel,ㄹ:low-visibility coda,ㄱ:low-visibility velar,ㅘ:rounded vowel | ㅂ:bilabial closure,ㅏ:open vowel,ㅂ:bilabial closure,ㅡ:neutral/unrounded vowel,ㄹ:low-visibility coda | ㅎ:glottal,ㅏ:open vowel,ㅁ:bilabial nasal coda,ㄲ:low-visibility velar,ㅔ:front/open-mid vowel | ㅁ:bilabial closure,ㅓ:open-mid vowel,ㄱ:low-visibility velar,ㅓ:open-mid vowel,ㄷ:low-visibility coda,ㄸ:alveolar,ㅏ:open vowel","ㅈ:affricate→ㅓ:open-mid vowel,ㅓ:open-mid vowel→ㅁ:bilabial nasal coda,ㅁ:bilabial nasal coda→ㅅ:fricative,ㅅ:fricative→ㅣ:spread vowel,ㅣ:spread vowel→ㅁ:bilabial closure,ㅁ:bilabial closure→ㅔ:front/open-mid vowel,ㅔ:front/open-mid vowel→ㄴ:alveolar,ㄴ:alveolar→ㅡ:neutral/unrounded vowel,ㅡ:neutral/unrounded vowel→ㄴ:low-visibility coda,ㄸ:alveolar→ㅏ:open vowel,ㅏ:open vowel→ㄸ:alveolar,ㄸ:alveolar→ㅡ:neutral/unrounded vowel,ㅡ:neutral/unrounded vowel→ㅌ:alveolar,ㅌ:alveolar→ㅏ:open vowel,ㅏ:open vowel→ㄴ:low-visibility coda,ㄱ:low-visibility velar→ㅜ:rounded/protruded vowel,ㅜ:rounded/protruded vowel→ㅇ:low-visibility coda,ㅇ:low-visibility coda→ㅁ:bilabial closure,ㅁ:bilabial closure→ㅜ:rounded/protruded vowel,ㅜ:rounded/protruded vowel→ㄹ:low-visibility coda,ㄹ:low-visibility coda→ㄱ:low-visibility velar,ㄱ:low-visibility velar→ㅘ:rounded vowel,ㅂ:bilabial closure→ㅏ:open vowel,ㅏ:open vowel→ㅂ:bilabial closure,ㅂ:bilabial closure→ㅡ:neutral/unrounded vowel,ㅡ:neutral/unrounded vowel→ㄹ:low-visibility coda,ㅎ:glottal→ㅏ:open vowel,ㅏ:open vowel→ㅁ:bilabial nasal coda,ㅁ:bilabial nasal coda→ㄲ:low-visibility velar,ㄲ:low-visibility velar→ㅔ:front/open-mid vowel,ㅁ:bilabial closure→ㅓ:open-mid vowel,ㅓ:open-mid vowel→ㄱ:low-visibility velar,ㄱ:low-visibility velar→ㅓ:open-mid vowel,ㅓ:open-mid vowel→ㄷ:low-visibility coda,ㄷ:low-visibility coda→ㄸ:alveolar,ㄸ:alveolar→ㅏ:open vowel",0.4,0.7272727272727270,0.5,0.8333333333333330,0.2627118644067800,0.14644351464435100,0.43459595959596000,0.37683615819209000,0.30077359134975600,0.1111111111111110,0.13454983269224800,0.11666754123594100,0.09311875893181310
K091,sentence,오늘 저녁에는 뭐 먹을까?,11,2.0,2.0,0.0,오늘 저녀게는 뭐 머글까,"ㅇ,ㄴ,ㅈ,ㄱ,ㅁ,ㄲ","ㅗ,ㅡ,ㅓ,ㅕ,ㅔ,ㅝ,ㅏ","ㄹ, ㄴ",ㅇ-ㅗ-ㄴ-ㅡ-ㄹ | ㅈ-ㅓ-ㄴ-ㅕ-ㄱ-ㅔ-ㄴ-ㅡ-ㄴ | ㅁ-ㅝ | ㅁ-ㅓ-ㄱ-ㅡ-ㄹ-ㄲ-ㅏ,"ㅇ→ㅗ,ㅗ→ㄴ,ㄴ→ㅡ,ㅡ→ㄹ; ㅈ→ㅓ,ㅓ→ㄴ,ㄴ→ㅕ,ㅕ→ㄱ,ㄱ→ㅔ,ㅔ→ㄴ,ㄴ→ㅡ,ㅡ→ㄴ; ㅁ→ㅝ; ㅁ→ㅓ,ㅓ→ㄱ,ㄱ→ㅡ,ㅡ→ㄹ,ㄹ→ㄲ,ㄲ→ㅏ","ㅇ→ㅗ / ㄴ,ㅗ / ㄴ→ㅡ,ㅡ→ㄹ / ㅈ,ㄹ / ㅈ→ㅓ / ㄴ,ㅓ / ㄴ→ㅕ,ㅕ→ㄱ /ㄱ→ㅔ /ㅔ→ ㄴ/ ㄴ→ㅡ,ㅡ→ㄴ / ㅁ,ㄴ / ㅁ→ㅝ / ㅁ,ㅝ / ㅁ→ㅓ,ㅓ→ㄱ / ㅇ,ㄱ / ㅇ→ㅡ,ㅡ→ㄹ / ㄲ,ㄹ / ㄲ→ㅏ","ㄹ→ㅈ, ㄴ→ㅁ, ㅝ→ㅁ",resyllabification,1.0,null/velar onset → rounded vowel → alveolar → neutral/unrounded vowel → low-visibility coda | affricate → open-mid vowel → alveolar → open-mid vowel → low-visibility velar → front/open-mid vowel → alveolar → neutral/unrounded vowel → low-visibility coda | bilabial closure → rounded vowel | bilabial closure → open-mid vowel → low-visibility velar → neutral/unrounded vowel → low-visibility coda → low-visibility velar → open vowel,"null/velar onset,rounded vowel,alveolar,neutral/unrounded vowel,low-visibility coda,affricate,open-mid vowel,low-visibility velar,front/open-mid vowel,bilabial closure,open vowel","null/velar onset→rounded vowel,rounded vowel→alveolar,alveolar→neutral/unrounded vowel,neutral/unrounded vowel→low-visibility coda,affricate→open-mid vowel,open-mid vowel→alveolar,alveolar→open-mid vowel,open-mid vowel→low-visibility velar,low-visibility velar→front/open-mid vowel,front/open-mid vowel→alveolar,alveolar→neutral/unrounded vowel,neutral/unrounded vowel→low-visibility coda,bilabial closure→rounded vowel,bilabial closure→open-mid vowel,open-mid vowel→low-visibility velar,low-visibility velar→neutral/unrounded vowel,neutral/unrounded vowel→low-visibility coda,low-visibility coda→low-visibility velar,low-visibility velar→open vowel",양순음에서 입술 폐쇄가 나타남; 원순 모음에서 입술 원순화/돌출이 나타남; 개방 모음에서 입이 크게 열림; 중간 개구의 모음 변화가 나타남; 혀/후방 조음 중심 구간은 입술 단서가 비교적 제한적; 다양한 viseme 전환을 포함,"ㅇ:null/velar onset,ㅗ:rounded vowel,ㄴ:alveolar,ㅡ:neutral/unrounded vowel,ㄹ:low-visibility coda | ㅈ:affricate,ㅓ:open-mid vowel,ㄴ:alveolar,ㅕ:open-mid vowel,ㄱ:low-visibility velar,ㅔ:front/open-mid vowel,ㄴ:alveolar,ㅡ:neutral/unrounded vowel,ㄴ:low-visibility coda | ㅁ:bilabial closure,ㅝ:rounded vowel | ㅁ:bilabial closure,ㅓ:open-mid vowel,ㄱ:low-visibility velar,ㅡ:neutral/unrounded vowel,ㄹ:low-visibility coda,ㄲ:low-visibility velar,ㅏ:open vowel","ㅇ:null/velar onset→ㅗ:rounded vowel,ㅗ:rounded vowel→ㄴ:alveolar,ㄴ:alveolar→ㅡ:neutral/unrounded vowel,ㅡ:neutral/unrounded vowel→ㄹ:low-visibility coda,ㅈ:affricate→ㅓ:open-mid vowel,ㅓ:open-mid vowel→ㄴ:alveolar,ㄴ:alveolar→ㅕ:open-mid vowel,ㅕ:open-mid vowel→ㄱ:low-visibility velar,ㄱ:low-visibility velar→ㅔ:front/open-mid vowel,ㅔ:front/open-mid vowel→ㄴ:alveolar,ㄴ:alveolar→ㅡ:neutral/unrounded vowel,ㅡ:neutral/unrounded vowel→ㄴ:low-visibility coda,ㅁ:bilabial closure→ㅝ:rounded vowel,ㅁ:bilabial closure→ㅓ:open-mid vowel,ㅓ:open-mid vowel→ㄱ:low-visibility velar,ㄱ:low-visibility velar→ㅡ:neutral/unrounded vowel,ㅡ:neutral/unrounded vowel→ㄹ:low-visibility coda,ㄹ:low-visibility coda→ㄲ:low-visibility velar,ㄲ:low-visibility velar→ㅏ:open vowel",0.32,0.36363636363636400,0.125,0.6111111111111110,0.1271186440677970,0.07112970711297070,0.21559995112414500,0.22391713747646000,0.16025978943037300,0.053763440860215100,0.10779997556207200,0.11195856873823000,0.08012989471518630
K092,sentence,"잠깐만, 물 좀 마시고 가자.",11,2.0,2.23,0.21,잠깐만 물 좀 마시고 가자,"ㅈ,ㄲ,ㅁ,ㅅ,ㄱ","ㅏ,ㅜ,ㅗ,ㅣ","ㅁ, ㄴ, ㄹ",ㅈ-ㅏ-ㅁ-ㄲ-ㅏ-ㄴ-ㅁ-ㅏ-ㄴ | ㅁ-ㅜ-ㄹ | ㅈ-ㅗ-ㅁ | ㅁ-ㅏ-ㅅ-ㅣ-ㄱ-ㅗ | ㄱ-ㅏ-ㅈ-ㅏ,"ㅈ,ㅏ,ㅁ,ㄲ,ㄴ,ㅜ,ㄹ,ㅗ,ㅅ,ㅣ,ㄱ","ㅈ→ㅏ,ㅏ→ㅁ,ㅁ→ㄲ,ㄲ→ㅏ,ㅏ→ㄴ,ㄴ→ㅁ,ㅁ→ㅏ,ㅏ→ㄴ; ㅁ→ㅜ,ㅜ→ㄹ; ㅈ→ㅗ,ㅗ→ㅁ; ㅁ→ㅏ,ㅏ→ㅅ,ㅅ→ㅣ,ㅣ→ㄱ,ㄱ→ㅗ; ㄱ→ㅏ,ㅏ→ㅈ,ㅈ→ㅏ","ㄴ→ㅁ, ㄹ→ㅈ, ㅁ→ㅁ, ㅗ→ㄱ",,,affricate → open vowel → bilabial nasal coda → low-visibility velar → open vowel → low-visibility coda → bilabial closure → open vowel → low-visibility coda | bilabial closure → rounded/protruded vowel → low-visibility coda | affricate → rounded vowel → bilabial nasal coda | bilabial closure → open vowel → fricative → spread vowel → low-visibility velar → rounded vowel | low-visibility velar → open vowel → affricate → open vowel,"affricate,open vowel,bilabial nasal coda,low-visibility velar,low-visibility coda,bilabial closure,rounded/protruded vowel,rounded vowel,fricative,spread vowel","affricate→open vowel,open vowel→bilabial nasal coda,bilabial nasal coda→low-visibility velar,low-visibility velar→open vowel,open vowel→low-visibility coda,low-visibility coda→bilabial closure,bilabial closure→open vowel,open vowel→low-visibility coda,bilabial closure→rounded/protruded vowel,rounded/protruded vowel→low-visibility coda,affricate→rounded vowel,rounded vowel→bilabial nasal coda,bilabial closure→open vowel,open vowel→fricative,fricative→spread vowel,spread vowel→low-visibility velar,low-visibility velar→rounded vowel,low-visibility velar→open vowel,open vowel→affricate,affricate→open vowel",양순음에서 입술 폐쇄가 나타남; 원순 모음에서 입술 원순화/돌출이 나타남; ㅣ 계열에서 입술이 옆으로 벌어짐; 개방 모음에서 입이 크게 열림; 혀/후방 조음 중심 구간은 입술 단서가 비교적 제한적; 다양한 viseme 전환을 포함,"ㅈ:affricate,ㅏ:open vowel,ㅁ:bilabial nasal coda,ㄲ:low-visibility velar,ㅏ:open vowel,ㄴ:low-visibility coda,ㅁ:bilabial closure,ㅏ:open vowel,ㄴ:low-visibility coda | ㅁ:bilabial closure,ㅜ:rounded/protruded vowel,ㄹ:low-visibility coda | ㅈ:affricate,ㅗ:rounded vowel,ㅁ:bilabial nasal coda | ㅁ:bilabial closure,ㅏ:open vowel,ㅅ:fricative,ㅣ:spread vowel,ㄱ:low-visibility velar,ㅗ:rounded vowel | ㄱ:low-visibility velar,ㅏ:open vowel,ㅈ:affricate,ㅏ:open vowel","ㅈ:affricate→ㅏ:open vowel,ㅏ:open vowel→ㅁ:bilabial nasal coda,ㅁ:bilabial nasal coda→ㄲ:low-visibility velar,ㄲ:low-visibility velar→ㅏ:open vowel,ㅏ:open vowel→ㄴ:low-visibility coda,ㄴ:low-visibility coda→ㅁ:bilabial closure,ㅁ:bilabial closure→ㅏ:open vowel,ㅏ:open vowel→ㄴ:low-visibility coda,ㅁ:bilabial closure→ㅜ:rounded/protruded vowel,ㅜ:rounded/protruded vowel→ㄹ:low-visibility coda,ㅈ:affricate→ㅗ:rounded vowel,ㅗ:rounded vowel→ㅁ:bilabial nasal coda,ㅁ:bilabial closure→ㅏ:open vowel,ㅏ:open vowel→ㅅ:fricative,ㅅ:fricative→ㅣ:spread vowel,ㅣ:spread vowel→ㄱ:low-visibility velar,ㄱ:low-visibility velar→ㅗ:rounded vowel,ㄱ:low-visibility velar→ㅏ:open vowel,ㅏ:open vowel→ㅈ:affricate,ㅈ:affricate→ㅏ:open vowel",0.22,0.2727272727272730,0.0,0.5555555555555560,0.13559322033898300,0.07112970711297070,0.13662267839687200,0.21958568738229800,0.1295176189290130,0.053763440860215100,0.06126577506586190,0.09846891810865360,0.0580796497439518
K093,sentence,주말에는 친구를 만나 영화도 보고 밥도 먹었다.,20,3.3,3.47,0.15,주마레는 친구를 만나 영화도 보고 밥또 머걷따,"ㅈ,ㅁ,ㄹ,ㄴ,ㅊ,ㄱ,ㅇ,ㅎ,ㄷ,ㅂ,ㄸ","ㅜ,ㅏ,ㅔ,ㅡ,ㅣ,ㅕ,ㅘ,ㅗ,ㅓ","ㄴ, ㄹ, ㅇ, ㅂ, ㄷ",ㅈ-ㅜ-ㅁ-ㅏ-ㄹ-ㅔ-ㄴ-ㅡ-ㄴ | ㅊ-ㅣ-ㄴ-ㄱ-ㅜ-ㄹ-ㅡ-ㄹ | ㅁ-ㅏ-ㄴ-ㄴ-ㅏ | ㅇ-ㅕ-ㅇ-ㅎ-ㅘ-ㄷ-ㅗ | ㅂ-ㅗ-ㄱ-ㅗ | ㅂ-ㅏ-ㅂ-ㄸ-ㅗ | ㅁ-ㅓ-ㄱ-ㅓ-ㄷ-ㄸ-ㅏ,"ㅈ,ㅜ,ㅁ,ㅏ,ㄹ,ㅔ,ㄴ,ㅡ,ㅊ,ㅣ,ㄱ,ㅇ,ㅕ,ㅎ,ㅘ,ㄷ,ㅗ,ㅂ,ㄸ,ㅓ","ㅈ→ㅜ,ㅜ→ㅁ,ㅁ→ㅏ,ㅏ→ㄹ,ㄹ→ㅔ,ㅔ→ㄴ,ㄴ→ㅡ,ㅡ→ㄴ; ㅊ→ㅣ,ㅣ→ㄴ,ㄴ→ㄱ,ㄱ→ㅜ,ㅜ→ㄹ,ㄹ→ㅡ,ㅡ→ㄹ; ㅁ→ㅏ,ㅏ→ㄴ,ㄴ→ㄴ,ㄴ→ㅏ; ㅇ→ㅕ,ㅕ→ㅇ,ㅇ→ㅎ,ㅎ→ㅘ,ㅘ→ㄷ,ㄷ→ㅗ; ㅂ→ㅗ,ㅗ→ㄱ,ㄱ→ㅗ; ㅂ→ㅏ,ㅏ→ㅂ,ㅂ→ㄸ,ㄸ→ㅗ; ㅁ→ㅓ,ㅓ→ㄱ,ㄱ→ㅓ,ㅓ→ㄷ,ㄷ→ㄸ,ㄸ→ㅏ","ㄴ→ㅊ, ㄹ→ㅁ, ㅏ→ㅇ, ㅗ→ㅂ, ㅗ→ㅂ, ㅗ→ㅁ",resyllabification;tensification,2.0,affricate → rounded/protruded vowel → bilabial closure → open vowel → liquid → front/open-mid vowel → alveolar → neutral/unrounded vowel → low-visibility coda | affricate → spread vowel → low-visibility coda → low-visibility velar → rounded/protruded vowel → liquid → neutral/unrounded vowel → low-visibility coda | bilabial closure → open vowel → low-visibility coda → alveolar → open vowel | null/velar onset → open-mid vowel → low-visibility coda → glottal → rounded vowel → alveolar → rounded vowel | bilabial closure → rounded vowel → low-visibility velar → rounded vowel | bilabial closure → open vowel → bilabial coda closure → alveolar → rounded vowel | bilabial closure → open-mid vowel → low-visibility velar → open-mid vowel → low-visibility coda → alveolar → open vowel,"affricate,rounded/protruded vowel,bilabial closure,open vowel,liquid,front/open-mid vowel,alveolar,neutral/unrounded vowel,low-visibility coda,spread vowel,low-visibility velar,null/velar onset,open-mid vowel,glottal,rounded vowel,bilabial coda closure","affricate→rounded/protruded vowel,rounded/protruded vowel→bilabial closure,bilabial closure→open vowel,open vowel→liquid,liquid→front/open-mid vowel,front/open-mid vowel→alveolar,alveolar→neutral/unrounded vowel,neutral/unrounded vowel→low-visibility coda,affricate→spread vowel,spread vowel→low-visibility coda,low-visibility coda→low-visibility velar,low-visibility velar→rounded/protruded vowel,rounded/protruded vowel→liquid,liquid→neutral/unrounded vowel,neutral/unrounded vowel→low-visibility coda,bilabial closure→open vowel,open vowel→low-visibility coda,low-visibility coda→alveolar,alveolar→open vowel,null/velar onset→open-mid vowel,open-mid vowel→low-visibility coda,low-visibility coda→glottal,glottal→rounded vowel,rounded vowel→alveolar,alveolar→rounded vowel,bilabial closure→rounded vowel,rounded vowel→low-visibility velar,low-visibility velar→rounded vowel,bilabial closure→open vowel,open vowel→bilabial coda closure,bilabial coda closure→alveolar,alveolar→rounded vowel,bilabial closure→open-mid vowel,open-mid vowel→low-visibility velar,low-visibility velar→open-mid vowel,open-mid vowel→low-visibility coda,low-visibility coda→alveolar,alveolar→open vowel",양순음에서 입술 폐쇄가 나타남; 원순 모음에서 입술 원순화/돌출이 나타남; ㅣ 계열에서 입술이 옆으로 벌어짐; 개방 모음에서 입이 크게 열림; 중간 개구의 모음 변화가 나타남; 혀/후방 조음 중심 구간은 입술 단서가 비교적 제한적; 다양한 viseme 전환을 포함,"ㅈ:affricate,ㅜ:rounded/protruded vowel,ㅁ:bilabial closure,ㅏ:open vowel,ㄹ:liquid,ㅔ:front/open-mid vowel,ㄴ:alveolar,ㅡ:neutral/unrounded vowel,ㄴ:low-visibility coda | ㅊ:affricate,ㅣ:spread vowel,ㄴ:low-visibility coda,ㄱ:low-visibility velar,ㅜ:rounded/protruded vowel,ㄹ:liquid,ㅡ:neutral/unrounded vowel,ㄹ:low-visibility coda | ㅁ:bilabial closure,ㅏ:open vowel,ㄴ:low-visibility coda,ㄴ:alveolar,ㅏ:open vowel | ㅇ:null/velar onset,ㅕ:open-mid vowel,ㅇ:low-visibility coda,ㅎ:glottal,ㅘ:rounded vowel,ㄷ:alveolar,ㅗ:rounded vowel | ㅂ:bilabial closure,ㅗ:rounded vowel,ㄱ:low-visibility velar,ㅗ:rounded vowel | ㅂ:bilabial closure,ㅏ:open vowel,ㅂ:bilabial coda closure,ㄸ:alveolar,ㅗ:rounded vowel | ㅁ:bilabial closure,ㅓ:open-mid vowel,ㄱ:low-visibility velar,ㅓ:open-mid vowel,ㄷ:low-visibility coda,ㄸ:alveolar,ㅏ:open vowel","ㅈ:affricate→ㅜ:rounded/protruded vowel,ㅜ:rounded/protruded vowel→ㅁ:bilabial closure,ㅁ:bilabial closure→ㅏ:open vowel,ㅏ:open vowel→ㄹ:liquid,ㄹ:liquid→ㅔ:front/open-mid vowel,ㅔ:front/open-mid vowel→ㄴ:alveolar,ㄴ:alveolar→ㅡ:neutral/unrounded vowel,ㅡ:neutral/unrounded vowel→ㄴ:low-visibility coda,ㅊ:affricate→ㅣ:spread vowel,ㅣ:spread vowel→ㄴ:low-visibility coda,ㄴ:low-visibility coda→ㄱ:low-visibility velar,ㄱ:low-visibility velar→ㅜ:rounded/protruded vowel,ㅜ:rounded/protruded vowel→ㄹ:liquid,ㄹ:liquid→ㅡ:neutral/unrounded vowel,ㅡ:neutral/unrounded vowel→ㄹ:low-visibility coda,ㅁ:bilabial closure→ㅏ:open vowel,ㅏ:open vowel→ㄴ:low-visibility coda,ㄴ:low-visibility coda→ㄴ:alveolar,ㄴ:alveolar→ㅏ:open vowel,ㅇ:null/velar onset→ㅕ:open-mid vowel,ㅕ:open-mid vowel→ㅇ:low-visibility coda,ㅇ:low-visibility coda→ㅎ:glottal,ㅎ:glottal→ㅘ:rounded vowel,ㅘ:rounded vowel→ㄷ:alveolar,ㄷ:alveolar→ㅗ:rounded vowel,ㅂ:bilabial closure→ㅗ:rounded vowel,ㅗ:rounded vowel→ㄱ:low-visibility velar,ㄱ:low-visibility velar→ㅗ:rounded vowel,ㅂ:bilabial closure→ㅏ:open vowel,ㅏ:open vowel→ㅂ:bilabial coda closure,ㅂ:bilabial coda closure→ㄸ:alveolar,ㄸ:alveolar→ㅗ:rounded vowel,ㅁ:bilabial closure→ㅓ:open-mid vowel,ㅓ:open-mid vowel→ㄱ:low-visibility velar,ㄱ:low-visibility velar→ㅓ:open-mid vowel,ㅓ:open-mid vowel→ㄷ:low-visibility coda,ㄷ:low-visibility coda→ㄸ:alveolar,ㄸ:alveolar→ㅏ:open vowel",0.4,0.5454545454545450,0.25,0.8888888888888890,0.2627118644067800,0.15481171548117200,0.32753747148908400,0.38794726930320200,0.27503994968557600,0.11469534050179200,0.09439120215823760,0.11180036579343000,0.07926223333878280
K094,sentence,이 옷보다 파란색이 더 잘 어울리는 것 같아.,18,3.0,2.83,0.15,이 옫뽀다 파란새기 더 잘 어울리는 걷 까타,"ㅇ,ㅃ,ㄷ,ㅍ,ㄹ,ㅅ,ㄱ,ㅈ,ㄴ,ㄲ,ㅌ","ㅣ,ㅗ,ㅏ,ㅐ,ㅓ,ㅜ,ㅡ","ㄷ, ㄴ, ㄹ",ㅇ-ㅣ | ㅇ-ㅗ-ㄷ-ㅃ-ㅗ-ㄷ-ㅏ | ㅍ-ㅏ-ㄹ-ㅏ-ㄴ-ㅅ-ㅐ-ㄱ-ㅣ | ㄷ-ㅓ | ㅈ-ㅏ-ㄹ | ㅇ-ㅓ-ㅇ-ㅜ-ㄹ-ㄹ-ㅣ-ㄴ-ㅡ-ㄴ | ㄱ-ㅓ-ㄷ | ㄲ-ㅏ-ㅌ-ㅏ,"ㅇ,ㅣ,ㅗ,ㄷ,ㅃ,ㅏ,ㅍ,ㄹ,ㄴ,ㅅ,ㅐ,ㄱ,ㅓ,ㅈ,ㅜ,ㅡ,ㄲ,ㅌ","ㅇ→ㅣ; ㅇ→ㅗ,ㅗ→ㄷ,ㄷ→ㅃ,ㅃ→ㅗ,ㅗ→ㄷ,ㄷ→ㅏ; ㅍ→ㅏ,ㅏ→ㄹ,ㄹ→ㅏ,ㅏ→ㄴ,ㄴ→ㅅ,ㅅ→ㅐ,ㅐ→ㄱ,ㄱ→ㅣ; ㄷ→ㅓ; ㅈ→ㅏ,ㅏ→ㄹ; ㅇ→ㅓ,ㅓ→ㅇ,ㅇ→ㅜ,ㅜ→ㄹ,ㄹ→ㄹ,ㄹ→ㅣ,ㅣ→ㄴ,ㄴ→ㅡ,ㅡ→ㄴ; ㄱ→ㅓ,ㅓ→ㄷ; ㄲ→ㅏ,ㅏ→ㅌ,ㅌ→ㅏ","ㄴ→ㅊ, ㄹ→ㅁ, ㅏ→ㅇ, ㅗ→ㅂ, ㅗ→ㅂ, ㅗ→ㅁ",tensification;resyllabification;aspiration,3.0,null/velar onset → spread vowel | null/velar onset → rounded vowel → low-visibility coda → bilabial closure → rounded vowel → alveolar → open vowel | bilabial closure → open vowel → liquid → open vowel → low-visibility coda → fricative → front/open-mid vowel → low-visibility velar → spread vowel | alveolar → open-mid vowel | affricate → open vowel → low-visibility coda | null/velar onset → open-mid vowel → null/velar onset → rounded/protruded vowel → low-visibility coda → liquid → spread vowel → alveolar → neutral/unrounded vowel → low-visibility coda | low-visibility velar → open-mid vowel → low-visibility coda | low-visibility velar → open vowel → alveolar → open vowel,"null/velar onset,spread vowel,rounded vowel,low-visibility coda,bilabial closure,alveolar,open vowel,liquid,fricative,front/open-mid vowel,low-visibility velar,open-mid vowel,affricate,rounded/protruded vowel,neutral/unrounded vowel","null/velar onset→spread vowel,null/velar onset→rounded vowel,rounded vowel→low-visibility coda,low-visibility coda→bilabial closure,bilabial closure→rounded vowel,rounded vowel→alveolar,alveolar→open vowel,bilabial closure→open vowel,open vowel→liquid,liquid→open vowel,open vowel→low-visibility coda,low-visibility coda→fricative,fricative→front/open-mid vowel,front/open-mid vowel→low-visibility velar,low-visibility velar→spread vowel,alveolar→open-mid vowel,affricate→open vowel,open vowel→low-visibility coda,null/velar onset→open-mid vowel,open-mid vowel→null/velar onset,null/velar onset→rounded/protruded vowel,rounded/protruded vowel→low-visibility coda,low-visibility coda→liquid,liquid→spread vowel,spread vowel→alveolar,alveolar→neutral/unrounded vowel,neutral/unrounded vowel→low-visibility coda,low-visibility velar→open-mid vowel,open-mid vowel→low-visibility coda,low-visibility velar→open vowel,open vowel→alveolar,alveolar→open vowel",양순음에서 입술 폐쇄가 나타남; 원순 모음에서 입술 원순화/돌출이 나타남; ㅣ 계열에서 입술이 옆으로 벌어짐; 개방 모음에서 입이 크게 열림; 중간 개구의 모음 변화가 나타남; 혀/후방 조음 중심 구간은 입술 단서가 비교적 제한적; 다양한 viseme 전환을 포함,"ㅇ:null/velar onset,ㅣ:spread vowel | ㅇ:null/velar onset,ㅗ:rounded vowel,ㄷ:low-visibility coda,ㅃ:bilabial closure,ㅗ:rounded vowel,ㄷ:alveolar,ㅏ:open vowel | ㅍ:bilabial closure,ㅏ:open vowel,ㄹ:liquid,ㅏ:open vowel,ㄴ:low-visibility coda,ㅅ:fricative,ㅐ:front/open-mid vowel,ㄱ:low-visibility velar,ㅣ:spread vowel | ㄷ:alveolar,ㅓ:open-mid vowel | ㅈ:affricate,ㅏ:open vowel,ㄹ:low-visibility coda | ㅇ:null/velar onset,ㅓ:open-mid vowel,ㅇ:null/velar onset,ㅜ:rounded/protruded vowel,ㄹ:low-visibility coda,ㄹ:liquid,ㅣ:spread vowel,ㄴ:alveolar,ㅡ:neutral/unrounded vowel,ㄴ:low-visibility coda | ㄱ:low-visibility velar,ㅓ:open-mid vowel,ㄷ:low-visibility coda | ㄲ:low-visibility velar,ㅏ:open vowel,ㅌ:alveolar,ㅏ:open vowel","ㅇ:null/velar onset→ㅣ:spread vowel,ㅇ:null/velar onset→ㅗ:rounded vowel,ㅗ:rounded vowel→ㄷ:low-visibility coda,ㄷ:low-visibility coda→ㅃ:bilabial closure,ㅃ:bilabial closure→ㅗ:rounded vowel,ㅗ:rounded vowel→ㄷ:alveolar,ㄷ:alveolar→ㅏ:open vowel,ㅍ:bilabial closure→ㅏ:open vowel,ㅏ:open vowel→ㄹ:liquid,ㄹ:liquid→ㅏ:open vowel,ㅏ:open vowel→ㄴ:low-visibility coda,ㄴ:low-visibility coda→ㅅ:fricative,ㅅ:fricative→ㅐ:front/open-mid vowel,ㅐ:front/open-mid vowel→ㄱ:low-visibility velar,ㄱ:low-visibility velar→ㅣ:spread vowel,ㄷ:alveolar→ㅓ:open-mid vowel,ㅈ:affricate→ㅏ:open vowel,ㅏ:open vowel→ㄹ:low-visibility coda,ㅇ:null/velar onset→ㅓ:open-mid vowel,ㅓ:open-mid vowel→ㅇ:null/velar onset,ㅇ:null/velar onset→ㅜ:rounded/protruded vowel,ㅜ:rounded/protruded vowel→ㄹ:low-visibility coda,ㄹ:low-visibility coda→ㄹ:liquid,ㄹ:liquid→ㅣ:spread vowel,ㅣ:spread vowel→ㄴ:alveolar,ㄴ:alveolar→ㅡ:neutral/unrounded vowel,ㅡ:neutral/unrounded vowel→ㄴ:low-visibility coda,ㄱ:low-visibility velar→ㅓ:open-mid vowel,ㅓ:open-mid vowel→ㄷ:low-visibility coda,ㄲ:low-visibility velar→ㅏ:open vowel,ㅏ:open vowel→ㅌ:alveolar,ㅌ:alveolar→ㅏ:open vowel",0.36,0.36363636363636400,0.375,0.8333333333333330,0.2542372881355930,0.13389121338912100,0.2961644672531770,0.3700564971751410,0.2509641135381710,0.08602150537634410,0.10465175521313700,0.13076201313609200,0.08867989877673870
K095,sentence,자기 전에 물을 마시고 책을 조금 읽었다.,16,2.7,2.88,0.16,자기 저네 무를 마시고 채글 쪼금 일걷따,"ㅈ,ㄱ,ㄴ,ㅁ,ㄹ,ㅅ,ㅊ,ㅉ,ㅇ,ㄸ","ㅏ,ㅣ,ㅓ,ㅔ,ㅜ,ㅡ,ㅗ,ㅐ","ㄹ, ㅁ, ㄷ",ㅈ-ㅏ-ㄱ-ㅣ | ㅈ-ㅓ-ㄴ-ㅔ | ㅁ-ㅜ-ㄹ-ㅡ-ㄹ | ㅁ-ㅏ-ㅅ-ㅣ-ㄱ-ㅗ | ㅊ-ㅐ-ㄱ-ㅡ-ㄹ | ㅉ-ㅗ-ㄱ-ㅡ-ㅁ | ㅇ-ㅣ-ㄹ-ㄱ-ㅓ-ㄷ-ㄸ-ㅏ,"ㅈ,ㅏ,ㄱ,ㅣ,ㅓ,ㄴ,ㅔ,ㅁ,ㅜ,ㄹ,ㅡ,ㅅ,ㅗ,ㅊ,ㅐ,ㅉ,ㅇ,ㄷ,ㄸ","ㅈ→ㅏ,ㅏ→ㄱ,ㄱ→ㅣ; ㅈ→ㅓ,ㅓ→ㄴ,ㄴ→ㅔ; ㅁ→ㅜ,ㅜ→ㄹ,ㄹ→ㅡ,ㅡ→ㄹ; ㅁ→ㅏ,ㅏ→ㅅ,ㅅ→ㅣ,ㅣ→ㄱ,ㄱ→ㅗ; ㅊ→ㅐ,ㅐ→ㄱ,ㄱ→ㅡ,ㅡ→ㄹ; ㅉ→ㅗ,ㅗ→ㄱ,ㄱ→ㅡ,ㅡ→ㅁ; ㅇ→ㅣ,ㅣ→ㄹ,ㄹ→ㄱ,ㄱ→ㅓ,ㅓ→ㄷ,ㄷ→ㄸ,ㄸ→ㅏ","ㅣ→ㅈ, ㅔ→ㅁ, ㄹ→ㅁ, ㅗ→ㅊ, ㄹ→ㅉ, ㅁ→ㅇ",resyllabification;tensification,2.0,affricate → open vowel → low-visibility velar → spread vowel | affricate → open-mid vowel → alveolar → front/open-mid vowel | bilabial closure → rounded/protruded vowel → liquid → neutral/unrounded vowel → low-visibility coda | bilabial closure → open vowel → fricative → spread vowel → low-visibility velar → rounded vowel | affricate → front/open-mid vowel → low-visibility velar → neutral/unrounded vowel → low-visibility coda | affricate → rounded vowel → low-visibility velar → neutral/unrounded vowel → bilabial nasal coda | null/velar onset → spread vowel → low-visibility coda → low-visibility velar → open-mid vowel → low-visibility coda → alveolar → open vowel,"affricate,open vowel,low-visibility velar,spread vowel,open-mid vowel,alveolar,front/open-mid vowel,bilabial closure,rounded/protruded vowel,liquid,neutral/unrounded vowel,low-visibility coda,fricative,rounded vowel,bilabial nasal coda,null/velar onset","affricate→open vowel,open vowel→low-visibility velar,low-visibility velar→spread vowel,affricate→open-mid vowel,open-mid vowel→alveolar,alveolar→front/open-mid vowel,bilabial closure→rounded/protruded vowel,rounded/protruded vowel→liquid,liquid→neutral/unrounded vowel,neutral/unrounded vowel→low-visibility coda,bilabial closure→open vowel,open vowel→fricative,fricative→spread vowel,spread vowel→low-visibility velar,low-visibility velar→rounded vowel,affricate→front/open-mid vowel,front/open-mid vowel→low-visibility velar,low-visibility velar→neutral/unrounded vowel,neutral/unrounded vowel→low-visibility coda,affricate→rounded vowel,rounded vowel→low-visibility velar,low-visibility velar→neutral/unrounded vowel,neutral/unrounded vowel→bilabial nasal coda,null/velar onset→spread vowel,spread vowel→low-visibility coda,low-visibility coda→low-visibility velar,low-visibility velar→open-mid vowel,open-mid vowel→low-visibility coda,low-visibility coda→alveolar,alveolar→open vowel",양순음에서 입술 폐쇄가 나타남; 원순 모음에서 입술 원순화/돌출이 나타남; ㅣ 계열에서 입술이 옆으로 벌어짐; 개방 모음에서 입이 크게 열림; 중간 개구의 모음 변화가 나타남; 혀/후방 조음 중심 구간은 입술 단서가 비교적 제한적; 다양한 viseme 전환을 포함,"ㅈ:affricate,ㅏ:open vowel,ㄱ:low-visibility velar,ㅣ:spread vowel | ㅈ:affricate,ㅓ:open-mid vowel,ㄴ:alveolar,ㅔ:front/open-mid vowel | ㅁ:bilabial closure,ㅜ:rounded/protruded vowel,ㄹ:liquid,ㅡ:neutral/unrounded vowel,ㄹ:low-visibility coda | ㅁ:bilabial closure,ㅏ:open vowel,ㅅ:fricative,ㅣ:spread vowel,ㄱ:low-visibility velar,ㅗ:rounded vowel | ㅊ:affricate,ㅐ:front/open-mid vowel,ㄱ:low-visibility velar,ㅡ:neutral/unrounded vowel,ㄹ:low-visibility coda | ㅉ:affricate,ㅗ:rounded vowel,ㄱ:low-visibility velar,ㅡ:neutral/unrounded vowel,ㅁ:bilabial nasal coda | ㅇ:null/velar onset,ㅣ:spread vowel,ㄹ:low-visibility coda,ㄱ:low-visibility velar,ㅓ:open-mid vowel,ㄷ:low-visibility coda,ㄸ:alveolar,ㅏ:open vowel","ㅈ:affricate→ㅏ:open vowel,ㅏ:open vowel→ㄱ:low-visibility velar,ㄱ:low-visibility velar→ㅣ:spread vowel,ㅈ:affricate→ㅓ:open-mid vowel,ㅓ:open-mid vowel→ㄴ:alveolar,ㄴ:alveolar→ㅔ:front/open-mid vowel,ㅁ:bilabial closure→ㅜ:rounded/protruded vowel,ㅜ:rounded/protruded vowel→ㄹ:liquid,ㄹ:liquid→ㅡ:neutral/unrounded vowel,ㅡ:neutral/unrounded vowel→ㄹ:low-visibility coda,ㅁ:bilabial closure→ㅏ:open vowel,ㅏ:open vowel→ㅅ:fricative,ㅅ:fricative→ㅣ:spread vowel,ㅣ:spread vowel→ㄱ:low-visibility velar,ㄱ:low-visibility velar→ㅗ:rounded vowel,ㅊ:affricate→ㅐ:front/open-mid vowel,ㅐ:front/open-mid vowel→ㄱ:low-visibility velar,ㄱ:low-visibility velar→ㅡ:neutral/unrounded vowel,ㅡ:neutral/unrounded vowel→ㄹ:low-visibility coda,ㅉ:affricate→ㅗ:rounded vowel,ㅗ:rounded vowel→ㄱ:low-visibility velar,ㄱ:low-visibility velar→ㅡ:neutral/unrounded vowel,ㅡ:neutral/unrounded vowel→ㅁ:bilabial nasal coda,ㅇ:null/velar onset→ㅣ:spread vowel,ㅣ:spread vowel→ㄹ:low-visibility coda,ㄹ:low-visibility coda→ㄱ:low-visibility velar,ㄱ:low-visibility velar→ㅓ:open-mid vowel,ㅓ:open-mid vowel→ㄷ:low-visibility coda,ㄷ:low-visibility coda→ㄸ:alveolar,ㄸ:alveolar→ㅏ:open vowel",0.38,0.36363636363636400,0.25,0.8888888888888890,0.23728813559322000,0.11715481171548100,0.2690184099055070,0.3676082862523540,0.23326955542955200,0.08243727598566310,0.09340917010607870,0.12764176605984500,0.08099637341303900
K096,sentence,"아, 맞다. 내일 같이 학교 가기로 했지?",15,2.7,2.7,0.1,아 맏따 내일 가치 학꾜 가기로 핻찌,"ㅇ,ㅁ,ㄸ,ㄴ,ㄱ,ㅊ,ㅎ,ㄹ,ㅉ","ㅏ,ㅐ,ㅣ,ㅛ,ㅗ","ㄷ, ㄹ, ㄱ",ㅇ-ㅏ | ㅁ-ㅏ-ㄷ-ㄸ-ㅏ | ㄴ-ㅐ-ㅇ-ㅣ-ㄹ | ㄱ-ㅏ-ㅊ-ㅣ | ㅎ-ㅏ-ㄱ-ㄲ-ㅛ | ㄱ-ㅏ-ㄱ-ㅣ-ㄹ-ㅗ | ㅎ-ㅐ-ㄷ-ㅉ-ㅣ,"ㅇ,ㅏ,ㅁ,ㄷ,ㄸ,ㄴ,ㅐ,ㅣ,ㄹ,ㄱ,ㅊ,ㅎ,ㄲ,ㅛ,ㅗ,ㅉ","ㅇ→ㅏ; ㅁ→ㅏ,ㅏ→ㄷ,ㄷ→ㄸ,ㄸ→ㅏ; ㄴ→ㅐ,ㅐ→ㅇ,ㅇ→ㅣ,ㅣ→ㄹ; ㄱ→ㅏ,ㅏ→ㅊ,ㅊ→ㅣ; ㅎ→ㅏ,ㅏ→ㄱ,ㄱ→ㄲ,ㄲ→ㅛ; ㄱ→ㅏ,ㅏ→ㄱ,ㄱ→ㅣ,ㅣ→ㄹ,ㄹ→ㅗ; ㅎ→ㅐ,ㅐ→ㄷ,ㄷ→ㅉ,ㅉ→ㅣ","ㅏ→ㅁ, ㅏ→ㄴ, ㄹ→ㄱ, ㅣ→ㅎ, ㅛ→ㄱ, ㅗ→ㅎ",tensification;palatalization,2.0,null/velar onset → open vowel | bilabial closure → open vowel → low-visibility coda → alveolar → open vowel | alveolar → front/open-mid vowel → null/velar onset → spread vowel → low-visibility coda | low-visibility velar → open vowel → affricate → spread vowel | glottal → open vowel → low-visibility coda → low-visibility velar → rounded vowel | low-visibility velar → open vowel → low-visibility velar → spread vowel → liquid → rounded vowel | glottal → front/open-mid vowel → low-visibility coda → affricate → spread vowel,"null/velar onset,open vowel,bilabial closure,low-visibility coda,alveolar,front/open-mid vowel,spread vowel,low-visibility velar,affricate,glottal,rounded vowel,liquid","null/velar onset→open vowel,bilabial closure→open vowel,open vowel→low-visibility coda,low-visibility coda→alveolar,alveolar→open vowel,alveolar→front/open-mid vowel,front/open-mid vowel→null/velar onset,null/velar onset→spread vowel,spread vowel→low-visibility coda,low-visibility velar→open vowel,open vowel→affricate,affricate→spread vowel,glottal→open vowel,open vowel→low-visibility coda,low-visibility coda→low-visibility velar,low-visibility velar→rounded vowel,low-visibility velar→open vowel,open vowel→low-visibility velar,low-visibility velar→spread vowel,spread vowel→liquid,liquid→rounded vowel,glottal→front/open-mid vowel,front/open-mid vowel→low-visibility coda,low-visibility coda→affricate,affricate→spread vowel",양순음에서 입술 폐쇄가 나타남; 원순 모음에서 입술 원순화/돌출이 나타남; ㅣ 계열에서 입술이 옆으로 벌어짐; 개방 모음에서 입이 크게 열림; 중간 개구의 모음 변화가 나타남; 혀/후방 조음 중심 구간은 입술 단서가 비교적 제한적; 다양한 viseme 전환을 포함,"ㅇ:null/velar onset,ㅏ:open vowel | ㅁ:bilabial closure,ㅏ:open vowel,ㄷ:low-visibility coda,ㄸ:alveolar,ㅏ:open vowel | ㄴ:alveolar,ㅐ:front/open-mid vowel,ㅇ:null/velar onset,ㅣ:spread vowel,ㄹ:low-visibility coda | ㄱ:low-visibility velar,ㅏ:open vowel,ㅊ:affricate,ㅣ:spread vowel | ㅎ:glottal,ㅏ:open vowel,ㄱ:low-visibility coda,ㄲ:low-visibility velar,ㅛ:rounded vowel | ㄱ:low-visibility velar,ㅏ:open vowel,ㄱ:low-visibility velar,ㅣ:spread vowel,ㄹ:liquid,ㅗ:rounded vowel | ㅎ:glottal,ㅐ:front/open-mid vowel,ㄷ:low-visibility coda,ㅉ:affricate,ㅣ:spread vowel","ㅇ:null/velar onset→ㅏ:open vowel,ㅁ:bilabial closure→ㅏ:open vowel,ㅏ:open vowel→ㄷ:low-visibility coda,ㄷ:low-visibility coda→ㄸ:alveolar,ㄸ:alveolar→ㅏ:open vowel,ㄴ:alveolar→ㅐ:front/open-mid vowel,ㅐ:front/open-mid vowel→ㅇ:null/velar onset,ㅇ:null/velar onset→ㅣ:spread vowel,ㅣ:spread vowel→ㄹ:low-visibility coda,ㄱ:low-visibility velar→ㅏ:open vowel,ㅏ:open vowel→ㅊ:affricate,ㅊ:affricate→ㅣ:spread vowel,ㅎ:glottal→ㅏ:open vowel,ㅏ:open vowel→ㄱ:low-visibility coda,ㄱ:low-visibility coda→ㄲ:low-visibility velar,ㄲ:low-visibility velar→ㅛ:rounded vowel,ㄱ:low-visibility velar→ㅏ:open vowel,ㅏ:open vowel→ㄱ:low-visibility velar,ㄱ:low-visibility velar→ㅣ:spread vowel,ㅣ:spread vowel→ㄹ:liquid,ㄹ:liquid→ㅗ:rounded vowel,ㅎ:glottal→ㅐ:front/open-mid vowel,ㅐ:front/open-mid vowel→ㄷ:low-visibility coda,ㄷ:low-visibility coda→ㅉ:affricate,ㅉ:affricate→ㅣ:spread vowel",0.32,0.2727272727272730,0.25,0.6666666666666670,0.1864406779661020,0.100418410041841,0.2268108504398830,0.2824858757062150,0.1911305031666460,0.06451612903225810,0.08400401868143800,0.10462439840970900,0.07078907524690570